instance,time_seconds,objective,new_best
process,0.000413808,0.851489,1
process,0.00104873,0.849517,1
process,0.00245512,0.84714,1
process,0.0029232,0.845207,1
process,0.00751644,0.842916,1
process,0.00796565,0.840986,1
process,0.00831332,0.507567,1
process,0.0086876,0.439571,1
process,0.0094261,0.437371,1
process,0.00969932,0.0508788,1
process,0.0100379,-1.03409,1
process,0.010198,-1.13372,1
process,0.0104234,-2.6425,1
process,0.0124525,-2.69808,1
process,0.0126523,-3.56132,1
process,0.0128543,-4.42905,1
process,0.0130504,-5.96651,1
process,0.0133042,-6.13886,1
process,0.0134597,-6.67021,1
process,0.0136773,-7.80791,1
process,0.084317,-7.81672,1
process,0.0879352,-7.82554,1
process,0.0924847,-7.83436,1
process,0.0942591,-7.8432,1
process,0.102002,-7.85204,1
process,0.102243,-8.72557,1
process,0.177286,-8.73529,1
process,0.184581,-8.74503,1
process,0.188333,-8.75477,1
process,0.191687,-8.76453,1
process,0.195615,-8.77429,1
process,0.204468,-8.78407,1
process,0.208088,-8.79385,1
process,0.213114,-8.80365,1
process,0.223713,-8.81344,1
process,0.233844,-8.82277,1
process,0.23405,-9.67681,1
process,0.234386,-10.4338,1
process,0.234645,-10.9996,1
process,0.288282,-503.447,1
process,0.288792,-532.81,1
process,0.325573,-533.396,1
process,0.362531,-935.73,1
process,0.363093,-938.938,1
process,0.394898,-944.963,1
process,0.448121,-958.322,1
process,0.496841,-959.282,1
process,0.519817,-960.242,1
process,0.571676,-1086.69,1
process,0.637212,-1108.7,1
process,0.697971,-1109.81,1
process,0.698507,-1112.42,1
process,0.764984,-1119.21,1
process,0.765591,-1132.79,1
process,0.766138,-1143.56,1
process,0.766508,-1146.8,1
process,0.76695,-1152.09,1
process,0.783231,-1153.24,1
process,0.790851,-1154.39,1
process,0.80308,-1155.55,1
process,0.809438,-1156.63,1
process,0.881614,-1160.5,1
process,4.13036,-1161.17,1
process,31.1792,-1161.17,0
st_e36,5.6711e-05,-147,1
st_e36,1.01529,-147,0
st_e36,1.73262,-166.444,1
st_e36,1.9419,-237.689,1
st_e36,2.94239,-237.689,0
st_e36,4.9623,-237.689,0
st_e36,5.98177,-237.689,0
st_e36,6.98566,-237.689,0
st_e36,7.73927,-243.857,1
st_e36,8.74291,-243.857,0
st_e36,9.75219,-243.857,0
st_e36,10.7659,-243.857,0
st_e36,11.7712,-243.857,0
st_e36,12.7857,-243.857,0
st_e36,13.7875,-243.857,0
st_e36,14.7883,-243.857,0
st_e36,15.7892,-243.857,0
st_e36,16.7896,-243.857,0
st_e36,17.7931,-243.857,0
st_e36,18.8076,-243.857,0
st_e36,19.8217,-243.857,0
st_e36,20.8299,-243.857,0
st_e36,21.8361,-243.857,0
st_e36,22.8422,-243.857,0
st_e36,23.8612,-243.857,0
st_e36,24.8721,-243.857,0
st_e36,25.8737,-243.857,0
st_e36,26.8902,-243.857,0
st_e36,27.9072,-243.857,0
st_e36,29.922,-243.857,0
st_e36,31.9485,-243.857,0
st_e36,32.9515,-243.857,0
st_e36,33.9588,-243.857,0
st_e36,34.9694,-243.857,0
st_e36,35.9721,-243.857,0
st_e36,36.9769,-243.857,0
st_e36,37.9813,-243.857,0
st_e36,38.985,-243.857,0
st_e36,39.9869,-243.857,0
st_e36,41.0045,-243.857,0
st_e36,42.0107,-243.857,0
st_e36,43.0177,-243.857,0
st_e36,44.035,-243.857,0
st_e36,45.0361,-243.857,0
st_e36,46.0375,-243.857,0
st_e36,47.0435,-243.857,0
st_e36,48.0441,-243.857,0
st_e36,49.0473,-243.857,0
st_e36,50.0527,-243.857,0
st_e36,51.0588,-243.857,0
st_e36,53.0805,-243.857,0
st_e36,54.0832,-243.857,0
st_e36,55.0957,-243.857,0
st_e36,56.1018,-243.857,0
st_e36,57.1066,-243.857,0
st_e36,58.1256,-243.857,0
st_e36,59.132,-243.857,0
ex4_1_1,1.3689e-05,0.1,1
ex4_1_1,7.941e-05,-0.497498,1
ex4_1_1,0.000103086,-0.498996,1
ex4_1_1,0.000125994,-0.519978,1
ex4_1_1,0.00236908,-0.519978,1
ex4_1_1,0.228887,-7.00449,1
ex4_1_1,0.228908,-7.01249,1
ex4_1_1,0.228931,-7.48731,1
ex4_1_1,0.231159,-7.48731,1
ex4_1_1,1.23295,-7.48731,0
ex4_1_1,2.23436,-7.48731,0
ex4_1_1,3.23495,-7.48731,0
ex4_1_1,4.2357,-7.48731,0
ex4_1_1,5.23751,-7.48731,0
ex4_1_1,6.23939,-7.48731,0
ex4_1_1,7.23991,-7.48731,0
ex4_1_1,8.24006,-7.48731,0
ex4_1_1,9.24195,-7.48731,0
ex4_1_1,10.2431,-7.48731,0
ex4_1_1,11.2438,-7.48731,0
ex4_1_1,12.2454,-7.48731,0
ex4_1_1,13.2464,-7.48731,0
ex4_1_1,14.2471,-7.48731,0
ex4_1_1,15.2493,-7.48731,0
ex4_1_1,16.2494,-7.48731,0
ex4_1_1,17.2515,-7.48731,0
ex4_1_1,18.2524,-7.48731,0
ex4_1_1,19.2556,-7.48731,0
ex4_1_1,20.2557,-7.48731,0
ex4_1_1,21.2565,-7.48731,0
ex4_1_1,22.2569,-7.48731,0
ex4_1_1,23.2587,-7.48731,0
ex4_1_1,24.2594,-7.48731,0
ex4_1_1,25.261,-7.48731,0
ex4_1_1,26.2627,-7.48731,0
ex4_1_1,27.2635,-7.48731,0
ex4_1_1,28.2636,-7.48731,0
ex4_1_1,29.2657,-7.48731,0
ex4_1_1,30.2673,-7.48731,0
ex4_1_1,31.2674,-7.48731,0
ex4_1_1,32.2704,-7.48731,0
ex4_1_1,33.2712,-7.48731,0
ex4_1_1,34.2724,-7.48731,0
ex4_1_1,35.2746,-7.48731,0
ex4_1_1,36.2757,-7.48731,0
ex4_1_1,37.2777,-7.48731,0
ex4_1_1,38.2799,-7.48731,0
ex4_1_1,39.2817,-7.48731,0
ex4_1_1,40.2834,-7.48731,0
ex4_1_1,41.2846,-7.48731,0
ex4_1_1,42.2861,-7.48731,0
ex4_1_1,43.2872,-7.48731,0
ex4_1_1,44.2892,-7.48731,0
ex4_1_1,45.2911,-7.48731,0
ex4_1_1,46.2943,-7.48731,0
ex4_1_1,47.2957,-7.48731,0
ex4_1_1,48.2964,-7.48731,0
ex4_1_1,49.2979,-7.48731,0
ex4_1_1,50.2993,-7.48731,0
ex4_1_1,51.301,-7.48731,0
ex4_1_1,52.303,-7.48731,0
ex4_1_1,53.3039,-7.48731,0
ex4_1_1,54.304,-7.48731,0
ex4_1_1,55.3043,-7.48731,0
ex4_1_1,56.3054,-7.48731,0
ex4_1_1,57.3075,-7.48731,0
ex4_1_1,58.3083,-7.48731,0
ex4_1_1,59.3111,-7.48731,0
ex8_1_6,1.4387e-05,-0.493498,1
ex8_1_6,7.2076e-05,-0.65047,1
ex8_1_6,9.7358e-05,-0.652122,1
ex8_1_6,0.000135003,-1.20831,1
ex8_1_6,0.000155955,-1.21052,1
ex8_1_6,0.000193739,-5.06018,1
ex8_1_6,0.0060935,-5.06529,1
ex8_1_6,0.00615307,-5.06544,1
ex8_1_6,0.0123863,-5.06544,1
ex8_1_6,0.0183418,-5.06544,1
ex8_1_6,1.02238,-5.06544,0
ex8_1_6,2.02418,-5.06544,0
ex8_1_6,3.02501,-5.06544,0
ex8_1_6,4.0308,-5.06544,0
ex8_1_6,5.03295,-5.06544,0
ex8_1_6,6.03504,-5.06544,0
ex8_1_6,7.03712,-5.06544,0
ex8_1_6,8.03888,-5.06544,0
ex8_1_6,9.04324,-5.06544,0
ex8_1_6,10.0456,-5.06544,0
ex8_1_6,11.0481,-5.06544,0
ex8_1_6,12.0525,-5.06544,0
ex8_1_6,13.055,-5.06544,0
ex8_1_6,14.0583,-5.06544,0
ex8_1_6,15.0626,-5.06544,0
ex8_1_6,16.0666,-5.06544,0
ex8_1_6,17.0687,-5.06544,0
ex8_1_6,18.073,-5.06544,0
ex8_1_6,19.0764,-5.06544,0
ex8_1_6,20.0799,-5.06544,0
ex8_1_6,21.0846,-5.06544,0
ex8_1_6,22.0879,-5.06544,0
ex8_1_6,23.0936,-5.06544,0
ex8_1_6,24.0967,-5.06544,0
ex8_1_6,25.1007,-5.06544,0
ex8_1_6,26.1042,-5.06544,0
ex8_1_6,27.1084,-5.06544,0
ex8_1_6,28.111,-5.06544,0
ex8_1_6,29.1143,-5.06544,0
ex8_1_6,30.1174,-5.06544,0
ex8_1_6,31.1226,-5.06544,0
ex8_1_6,32.1232,-5.06544,0
ex8_1_6,33.1249,-5.06544,0
ex8_1_6,34.1306,-5.06544,0
ex8_1_6,35.1365,-5.06544,0
ex8_1_6,36.1391,-5.06544,0
ex8_1_6,37.1393,-5.06544,0
ex8_1_6,38.1403,-5.06544,0
ex8_1_6,39.1411,-5.06544,0
ex8_1_6,40.142,-5.06544,0
ex8_1_6,41.1426,-5.06544,0
ex8_1_6,42.1459,-5.06544,0
ex8_1_6,43.1473,-5.06544,0
ex8_1_6,44.1484,-5.06544,0
ex8_1_6,45.1513,-5.06544,0
ex8_1_6,46.1514,-5.06544,0
ex8_1_6,47.1526,-5.06544,0
ex8_1_6,48.1539,-5.06544,0
ex8_1_6,49.156,-5.06544,0
ex8_1_6,50.1579,-5.06544,0
ex8_1_6,51.1602,-5.06544,0
ex8_1_6,52.1613,-5.06544,0
ex8_1_6,53.1624,-5.06544,0
ex8_1_6,54.1647,-5.06544,0
ex8_1_6,55.1653,-5.06544,0
ex8_1_6,56.1667,-5.06544,0
ex8_1_6,57.1685,-5.06544,0
ex8_1_6,58.1708,-5.06544,0
ex8_1_6,59.1714,-5.06544,0
alkylation,0.00322575,-7.65787e-06,1
alkylation,0.805452,-8.0064e-06,1
alkylation,0.839719,-0.000974357,1
alkylation,0.852559,-0.00197533,1
alkylation,0.871466,-0.0029773,1
alkylation,0.888495,-0.00398028,1
alkylation,0.952631,-224.85,1
alkylation,0.952778,-262.383,1
alkylation,0.952916,-298.927,1
alkylation,0.953056,-335.472,1
alkylation,0.95323,-364.736,1
alkylation,0.953402,-393.8,1
alkylation,0.953584,-430.338,1
alkylation,0.953767,-468.09,1
alkylation,0.95401,-478.475,1
alkylation,0.954332,-494.133,1
alkylation,0.960489,-494.628,1
alkylation,0.9607,-495.403,1
alkylation,0.965445,-495.899,1
alkylation,0.965774,-499.965,1
alkylation,0.973115,-500.466,1
alkylation,0.977709,-500.968,1
alkylation,1.02599,-501.47,1
alkylation,1.03239,-501.972,1
alkylation,1.03265,-508.253,1
alkylation,1.03749,-508.762,1
alkylation,1.03759,-514.948,1
alkylation,1.04294,-515.464,1
alkylation,1.0431,-518.387,1
alkylation,1.12809,-519.014,1
alkylation,1.13247,-519.534,1
alkylation,1.13766,-520.055,1
alkylation,1.15572,-520.576,1
alkylation,1.2162,-521.098,1
alkylation,1.25046,-521.62,1
alkylation,1.29427,-797.816,1
alkylation,1.29906,-798.614,1
alkylation,1.29916,-804.888,1
alkylation,1.30318,-805.694,1
alkylation,1.30656,-806.501,1
alkylation,1.31304,-807.308,1
alkylation,1.31313,-813.55,1
alkylation,1.32532,-814.365,1
alkylation,1.32553,-820.577,1
alkylation,1.32583,-827.554,1
alkylation,1.3398,-828.383,1
alkylation,1.34021,-829.516,1
alkylation,1.38456,-830.346,1
alkylation,1.38494,-835.751,1
alkylation,1.40775,-836.588,1
alkylation,1.45414,-837.426,1
alkylation,1.46142,-838.264,1
alkylation,1.46158,-840.871,1
alkylation,1.46621,-841.713,1
alkylation,1.54019,-905.337,1
alkylation,1.54033,-942.063,1
alkylation,1.54051,-978.789,1
alkylation,1.54068,-1015.52,1
alkylation,1.54081,-1052.24,1
alkylation,1.54105,-1084.65,1
alkylation,1.54127,-1091.08,1
alkylation,1.54151,-1097.43,1
alkylation,1.54172,-1103.8,1
alkylation,1.54194,-1110.29,1
alkylation,1.54227,-1115.73,1
alkylation,1.54261,-1117.34,1
alkylation,1.54282,-1124.11,1
alkylation,1.54396,-1130.99,1
alkylation,1.5516,-1132.13,1
alkylation,1.55168,-1138.37,1
alkylation,1.5592,-1139.51,1
alkylation,1.55929,-1145.75,1
alkylation,1.5804,-1146.89,1
alkylation,1.58685,-1148.04,1
alkylation,1.59624,-1149.19,1
alkylation,1.59632,-1155.4,1
alkylation,1.5988,-1156.56,1
alkylation,1.6073,-1157.72,1
alkylation,1.61195,-1158.88,1
alkylation,1.61263,-1165.82,1
alkylation,1.62052,-1166.99,1
alkylation,1.66234,-1168.15,1
alkylation,1.691,-1169.32,1
alkylation,1.71965,-1170.49,1
alkylation,1.81238,-1348.42,1
alkylation,1.81254,-1385.17,1
alkylation,1.81271,-1421.87,1
alkylation,1.81287,-1458.39,1
alkylation,1.81301,-1494.92,1
alkylation,1.81318,-1531.44,1
alkylation,1.81569,-1536.65,1
alkylation,1.81594,-1548.44,1
alkylation,1.8162,-1554.83,1
alkylation,1.8164,-1561.13,1
alkylation,1.81807,-1567.55,1
alkylation,1.82836,-1569.12,1
alkylation,1.82845,-1574.44,1
alkylation,1.83674,-1576.01,1
alkylation,1.84037,-1577.59,1
alkylation,1.8528,-1579.17,1
alkylation,1.85288,-1585.39,1
alkylation,1.86348,-1586.98,1
alkylation,1.86357,-1589.6,1
alkylation,1.87552,-1591.19,1
alkylation,1.88353,-1592.78,1
alkylation,1.90768,-1594.37,1
alkylation,1.91725,-1595.97,1
alkylation,2.00235,-1597.57,1
alkylation,2.0065,-1599.16,1
alkylation,2.0199,-1600.76,1
alkylation,2.03871,-1602.37,1
alkylation,2.06901,-1603.93,1
alkylation,2.09501,-1605.53,1
alkylation,2.12797,-1659.84,1
alkylation,2.12822,-1665.02,1
alkylation,2.14346,-1666.69,1
alkylation,2.14356,-1672.84,1
alkylation,2.15218,-1674.51,1
alkylation,2.15234,-1680.66,1
alkylation,2.15357,-1682.68,1
alkylation,2.15379,-1723.81,1
alkylation,2.23344,-1732.75,1
alkylation,2.24389,-1734.48,1
alkylation,2.24398,-1740.66,1
alkylation,2.25574,-1742.4,1
alkylation,2.33748,-1745.58,1
alkylation,2.62792,-1750.05,1
alkylation,2.63048,-1752.4,1
alkylation,2.63785,-1754.15,1
alkylation,2.63835,-1764.97,1
alkylation,3.0243,-1766.73,1
alkylation,6.20838,-1768.8,1
alkylation,31.296,-1768.8,0
alkylation,37.9934,-1768.81,1
nvs21,1.4457e-05,0,1
nvs21,1.11658,0,0
nvs21,2.23446,0,0
nvs21,3.38381,0,0
nvs21,4.54454,0,0
nvs21,5.68473,0,0
nvs21,6.82495,0,0
nvs21,7.96777,0,0
nvs21,9.11382,0,0
nvs21,10.2589,0,0
nvs21,11.4019,0,0
nvs21,12.5474,0,0
nvs21,13.6929,0,0
nvs21,14.837,0,0
nvs21,15.9823,0,0
nvs21,17.1266,0,0
nvs21,18.2779,0,0
nvs21,19.4312,0,0
nvs21,20.5496,0,0
nvs21,21.672,0,0
nvs21,22.8393,0,0
nvs21,24.006,0,0
nvs21,25.1688,0,0
nvs21,26.3298,0,0
nvs21,27.496,0,0
nvs21,28.6515,0,0
nvs21,29.7978,0,0
nvs21,30.9492,0,0
nvs21,32.1,0,0
nvs21,33.252,0,0
nvs21,34.4026,0,0
nvs21,35.5518,0,0
nvs21,36.7029,0,0
nvs21,37.8536,0,0
nvs21,38.981,0,0
nvs21,40.0971,0,0
nvs21,41.2128,0,0
nvs21,42.3331,0,0
nvs21,43.45,0,0
nvs21,44.5622,0,0
nvs21,45.6757,0,0
nvs21,46.7911,0,0
nvs21,47.9098,0,0
nvs21,49.0267,0,0
nvs21,50.1422,0,0
nvs21,51.2557,0,0
nvs21,52.373,0,0
nvs21,53.4983,0,0
nvs21,54.6241,0,0
nvs21,55.7478,0,0
nvs21,57.2558,0,0
nvs21,58.3719,0,0
nvs21,59.4906,0,0
ex4_1_2,1.5086e-05,-539.957,1
ex4_1_2,7.6825e-05,-540.499,1
ex4_1_2,0.000119778,-541.042,1
ex4_1_2,0.000154628,-541.585,1
ex4_1_2,0.00019325,-542.129,1
ex4_1_2,0.000227542,-542.673,1
ex4_1_2,0.000266025,-543.218,1
ex4_1_2,0.000300107,-543.763,1
ex4_1_2,0.000338241,-544.309,1
ex4_1_2,0.000372603,-544.856,1
ex4_1_2,0.000410875,-545.403,1
ex4_1_2,0.000458437,-545.95,1
ex4_1_2,0.00050139,-546.498,1
ex4_1_2,0.000536031,-547.047,1
ex4_1_2,0.000574024,-547.596,1
ex4_1_2,0.000608316,-548.146,1
ex4_1_2,0.000646939,-548.696,1
ex4_1_2,0.0006813,-549.247,1
ex4_1_2,0.000721249,-549.798,1
ex4_1_2,0.00075617,-550.35,1
ex4_1_2,0.000794373,-550.902,1
ex4_1_2,0.000829014,-551.455,1
ex4_1_2,0.000866659,-552.009,1
ex4_1_2,0.000901509,-552.563,1
ex4_1_2,0.000939573,-553.118,1
ex4_1_2,0.000973935,-553.673,1
ex4_1_2,0.00101158,-554.229,1
ex4_1_2,0.00104601,-554.785,1
ex4_1_2,0.00108442,-555.342,1
ex4_1_2,0.00111865,-555.899,1
ex4_1_2,0.00115622,-556.457,1
ex4_1_2,0.00119058,-557.016,1
ex4_1_2,0.00122864,-557.575,1
ex4_1_2,0.00126301,-558.134,1
ex4_1_2,0.00130121,-558.695,1
ex4_1_2,0.00133536,-559.255,1
ex4_1_2,0.00137385,-559.817,1
ex4_1_2,0.00140814,-560.378,1
ex4_1_2,0.00145668,-560.941,1
ex4_1_2,0.00149397,-561.504,1
ex4_1_2,0.00153169,-562.067,1
ex4_1_2,0.00156654,-562.632,1
ex4_1_2,0.00160481,-563.196,1
ex4_1_2,0.00163952,-563.761,1
ex4_1_2,0.00167807,-564.327,1
ex4_1_2,0.00171243,-564.894,1
ex4_1_2,0.00175064,-565.461,1
ex4_1_2,0.001785,-566.028,1
ex4_1_2,0.0018232,-566.596,1
ex4_1_2,0.0018575,-567.165,1
ex4_1_2,0.00189598,-567.734,1
ex4_1_2,0.00193027,-568.304,1
ex4_1_2,0.00196791,-568.874,1
ex4_1_2,0.0020027,-569.445,1
ex4_1_2,0.00204048,-570.016,1
ex4_1_2,0.00207533,-570.588,1
ex4_1_2,0.00211297,-571.161,1
ex4_1_2,0.00214747,-571.734,1
ex4_1_2,0.00218596,-572.308,1
ex4_1_2,0.00222025,-572.882,1
ex4_1_2,0.00225887,-573.457,1
ex4_1_2,0.0022933,-574.032,1
ex4_1_2,0.00233151,-574.608,1
ex4_1_2,0.00236587,-575.185,1
ex4_1_2,0.00240414,-575.762,1
ex4_1_2,0.00244786,-576.339,1
ex4_1_2,0.00248844,-576.918,1
ex4_1_2,0.00252287,-577.496,1
ex4_1_2,0.00256052,-578.076,1
ex4_1_2,0.00259523,-578.656,1
ex4_1_2,0.0026328,-579.236,1
ex4_1_2,0.00266737,-579.818,1
ex4_1_2,0.00270544,-580.399,1
ex4_1_2,0.00273931,-580.982,1
ex4_1_2,0.00277758,-581.564,1
ex4_1_2,0.00281292,-582.148,1
ex4_1_2,0.00285098,-582.732,1
ex4_1_2,0.00288521,-583.316,1
ex4_1_2,0.00292334,-583.902,1
ex4_1_2,0.00295763,-584.487,1
ex4_1_2,0.00299577,-585.074,1
ex4_1_2,0.00303013,-585.661,1
ex4_1_2,0.00306833,-586.248,1
ex4_1_2,0.00310269,-586.836,1
ex4_1_2,0.00314069,-587.425,1
ex4_1_2,0.00317498,-588.014,1
ex4_1_2,0.00321283,-588.604,1
ex4_1_2,0.00324719,-589.194,1
ex4_1_2,0.00328631,-589.785,1
ex4_1_2,0.00332025,-590.377,1
ex4_1_2,0.00335845,-590.969,1
ex4_1_2,0.00339225,-591.561,1
ex4_1_2,0.00346244,-592.155,1
ex4_1_2,0.00349862,-592.749,1
ex4_1_2,0.00353675,-593.343,1
ex4_1_2,0.00357154,-593.938,1
ex4_1_2,0.00360939,-594.534,1
ex4_1_2,0.00364368,-595.13,1
ex4_1_2,0.0036823,-595.727,1
ex4_1_2,0.00371681,-596.324,1
ex4_1_2,0.0037548,-596.922,1
ex4_1_2,0.00378916,-597.52,1
ex4_1_2,0.0038273,-598.12,1
ex4_1_2,0.00386117,-598.719,1
ex4_1_2,0.00389944,-599.32,1
ex4_1_2,0.00393373,-599.921,1
ex4_1_2,0.0039718,-600.522,1
ex4_1_2,0.00400609,-601.124,1
ex4_1_2,0.00404415,-601.727,1
ex4_1_2,0.00407844,-602.33,1
ex4_1_2,0.00411665,-602.934,1
ex4_1_2,0.00415101,-603.538,1
ex4_1_2,0.00418872,-604.143,1
ex4_1_2,0.00422357,-604.749,1
ex4_1_2,0.00426227,-605.355,1
ex4_1_2,0.00429698,-605.962,1
ex4_1_2,0.00433511,-606.569,1
ex4_1_2,0.00436947,-607.177,1
ex4_1_2,0.00440774,-607.786,1
ex4_1_2,0.00445014,-608.395,1
ex4_1_2,0.004491,-609.005,1
ex4_1_2,0.0045255,-609.615,1
ex4_1_2,0.00456314,-610.226,1
ex4_1_2,0.00459757,-610.838,1
ex4_1_2,0.00463578,-611.45,1
ex4_1_2,0.00467014,-612.062,1
ex4_1_2,0.0047082,-612.676,1
ex4_1_2,0.00474249,-613.29,1
ex4_1_2,0.00478077,-613.904,1
ex4_1_2,0.00481506,-614.519,1
ex4_1_2,0.00485326,-615.135,1
ex4_1_2,0.00488762,-615.751,1
ex4_1_2,0.00492583,-616.368,1
ex4_1_2,0.00496012,-616.986,1
ex4_1_2,0.00499867,-617.604,1
ex4_1_2,0.00503345,-618.222,1
ex4_1_2,0.00507626,-618.842,1
ex4_1_2,0.00513256,-619.461,1
ex4_1_2,0.00518836,-620.082,1
ex4_1_2,0.00524381,-620.703,1
ex4_1_2,0.00529983,-621.325,1
ex4_1_2,0.00535493,-621.947,1
ex4_1_2,0.00541262,-622.57,1
ex4_1_2,0.00547841,-623.193,1
ex4_1_2,0.00553624,-623.818,1
ex4_1_2,0.00559204,-624.442,1
ex4_1_2,0.00564777,-625.068,1
ex4_1_2,0.00570365,-625.694,1
ex4_1_2,0.00576001,-626.321,1
ex4_1_2,0.00581553,-626.948,1
ex4_1_2,0.00587154,-627.576,1
ex4_1_2,0.00592644,-628.205,1
ex4_1_2,0.0059828,-628.834,1
ex4_1_2,0.0060386,-629.464,1
ex4_1_2,0.00609413,-630.094,1
ex4_1_2,0.00614909,-630.725,1
ex4_1_2,0.00622382,-631.357,1
ex4_1_2,0.00627865,-631.989,1
ex4_1_2,0.00635247,-632.622,1
ex4_1_2,0.00640806,-633.256,1
ex4_1_2,0.00649257,-633.89,1
ex4_1_2,0.0065497,-634.525,1
ex4_1_2,0.00662394,-635.16,1
ex4_1_2,0.00668003,-635.797,1
ex4_1_2,0.00675343,-636.433,1
ex4_1_2,0.00680881,-637.071,1
ex4_1_2,0.00688291,-637.709,1
ex4_1_2,0.00693914,-638.348,1
ex4_1_2,0.00701345,-638.987,1
ex4_1_2,0.00706932,-639.627,1
ex4_1_2,0.00714307,-640.268,1
ex4_1_2,0.00719888,-640.909,1
ex4_1_2,0.00727368,-641.551,1
ex4_1_2,0.00732906,-642.193,1
ex4_1_2,0.00740372,-642.837,1
ex4_1_2,0.00747496,-643.48,1
ex4_1_2,0.00755046,-644.125,1
ex4_1_2,0.00760717,-644.77,1
ex4_1_2,0.00768134,-645.416,1
ex4_1_2,0.00773798,-646.062,1
ex4_1_2,0.0078118,-646.709,1
ex4_1_2,0.00786767,-647.357,1
ex4_1_2,0.0079422,-648.005,1
ex4_1_2,0.00799849,-648.654,1
ex4_1_2,0.00807182,-649.304,1
ex4_1_2,0.00812769,-649.954,1
ex4_1_2,0.00820284,-650.605,1
ex4_1_2,0.00825865,-651.257,1
ex4_1_2,0.00833484,-651.909,1
ex4_1_2,0.00839162,-652.562,1
ex4_1_2,0.00847501,-653.216,1
ex4_1_2,0.00853242,-653.87,1
ex4_1_2,0.00860694,-654.525,1
ex4_1_2,0.00867595,-655.18,1
ex4_1_2,0.00875047,-655.836,1
ex4_1_2,0.00881814,-656.493,1
ex4_1_2,0.00889224,-657.151,1
ex4_1_2,0.00896181,-657.809,1
ex4_1_2,0.00903626,-658.468,1
ex4_1_2,0.00910533,-659.127,1
ex4_1_2,0.00917943,-659.787,1
ex4_1_2,0.00924899,-660.448,1
ex4_1_2,0.00932365,-661.109,1
ex4_1_2,0.0093928,-661.772,1
ex4_1_2,0.00949448,-662.434,1
ex4_1_2,0.00956942,-663.098,1
ex4_1_2,0.0261284,-663.49,1
ex4_1_2,1.03261,-663.49,0
ex4_1_2,2.03857,-663.49,0
ex4_1_2,3.04286,-663.49,0
ex4_1_2,4.04706,-663.49,0
ex4_1_2,5.05063,-663.49,0
ex4_1_2,6.05569,-663.49,0
ex4_1_2,7.06025,-663.49,0
ex4_1_2,8.06402,-663.49,0
ex4_1_2,9.06874,-663.49,0
ex4_1_2,10.072,-663.49,0
ex4_1_2,11.0761,-663.49,0
ex4_1_2,12.0804,-663.49,0
ex4_1_2,13.085,-663.49,0
ex4_1_2,14.0934,-663.49,0
ex4_1_2,15.1038,-663.49,0
ex4_1_2,16.1146,-663.49,0
ex4_1_2,17.119,-663.49,0
ex4_1_2,18.1257,-663.49,0
ex4_1_2,19.1303,-663.49,0
ex4_1_2,20.1346,-663.49,0
ex4_1_2,21.1394,-663.49,0
ex4_1_2,22.1434,-663.49,0
ex4_1_2,23.1499,-663.49,0
ex4_1_2,24.1602,-663.49,0
ex4_1_2,25.1642,-663.49,0
ex4_1_2,26.1718,-663.49,0
ex4_1_2,27.1772,-663.49,0
ex4_1_2,28.1823,-663.49,0
ex4_1_2,29.1875,-663.49,0
ex4_1_2,30.1912,-663.49,0
ex4_1_2,31.1955,-663.49,0
ex4_1_2,31.5582,-663.493,1
ex4_1_2,32.5629,-663.493,0
ex4_1_2,33.5679,-663.493,0
ex4_1_2,34.5723,-663.493,0
ex4_1_2,35.5748,-663.493,0
ex4_1_2,36.5801,-663.493,0
ex4_1_2,37.5859,-663.493,0
ex4_1_2,38.5908,-663.493,0
ex4_1_2,39.5954,-663.493,0
ex4_1_2,40.5987,-663.493,0
ex4_1_2,41.6044,-663.493,0
ex4_1_2,42.6092,-663.493,0
ex4_1_2,43.6144,-663.493,0
ex4_1_2,44.6198,-663.493,0
ex4_1_2,45.6247,-663.493,0
ex4_1_2,46.6312,-663.493,0
ex4_1_2,47.6436,-663.493,0
ex4_1_2,48.6548,-663.493,0
ex4_1_2,49.6663,-663.493,0
ex4_1_2,50.6772,-663.493,0
ex4_1_2,51.6883,-663.493,0
ex4_1_2,52.6999,-663.493,0
ex4_1_2,53.7115,-663.493,0
ex4_1_2,54.7232,-663.493,0
ex4_1_2,55.734,-663.493,0
ex4_1_2,56.7394,-663.493,0
ex4_1_2,57.7453,-663.493,0
ex4_1_2,58.7502,-663.493,0
ex4_1_2,59.755,-663.493,0
ex14_2_5,9.8895e-05,0.662988,1
ex14_2_5,0.000153301,0.661325,1
ex14_2_5,0.000249123,0.659664,1
ex14_2_5,0.000297663,0.634573,1
ex14_2_5,0.000416183,0.632938,1
ex14_2_5,0.000464723,0.533824,1
ex14_2_5,0.000596932,0.53229,1
ex14_2_5,0.000639675,0.433306,1
ex14_2_5,0.000744506,0.431872,1
ex14_2_5,0.000849547,0.386162,1
ex14_2_5,0.000909122,0.33302,1
ex14_2_5,0.00112647,0.331687,1
ex14_2_5,0.00150501,0.330355,1
ex14_2_5,0.00187454,0.329025,1
ex14_2_5,0.00225468,0.327696,1
ex14_2_5,0.0026717,0.326368,1
ex14_2_5,0.00304975,0.325042,1
ex14_2_5,0.00343514,0.323717,1
ex14_2_5,0.00381472,0.322393,1
ex14_2_5,0.00417294,0.321071,1
ex14_2_5,0.00464297,0.319749,1
ex14_2_5,0.00509191,0.31843,1
ex14_2_5,0.00563178,0.317111,1
ex14_2_5,0.00612179,0.315794,1
ex14_2_5,0.00658658,0.314478,1
ex14_2_5,0.00699375,0.313164,1
ex14_2_5,0.00735253,0.311851,1
ex14_2_5,0.00773106,0.310539,1
ex14_2_5,0.00808935,0.309228,1
ex14_2_5,0.00844659,0.307919,1
ex14_2_5,0.00880068,0.306611,1
ex14_2_5,0.00914674,0.305305,1
ex14_2_5,0.00947633,0.303999,1
ex14_2_5,0.00982406,0.302695,1
ex14_2_5,0.0101841,0.301393,1
ex14_2_5,0.0105792,0.300091,1
ex14_2_5,0.0109375,0.298791,1
ex14_2_5,0.0112988,0.297492,1
ex14_2_5,0.0116724,0.296195,1
ex14_2_5,0.0120297,0.294899,1
ex14_2_5,0.0124148,0.293604,1
ex14_2_5,0.0127948,0.29231,1
ex14_2_5,0.0131524,0.291018,1
ex14_2_5,0.0135128,0.289727,1
ex14_2_5,0.0138716,0.288437,1
ex14_2_5,0.0142252,0.287149,1
ex14_2_5,0.014587,0.285861,1
ex14_2_5,0.014941,0.284576,1
ex14_2_5,0.0152954,0.283291,1
ex14_2_5,0.0156575,0.282008,1
ex14_2_5,0.0160403,0.280726,1
ex14_2_5,0.0164311,0.279445,1
ex14_2_5,0.0168336,0.278166,1
ex14_2_5,0.0172114,0.276887,1
ex14_2_5,0.0175418,0.275611,1
ex14_2_5,0.017869,0.274335,1
ex14_2_5,0.0182006,0.273061,1
ex14_2_5,0.0185421,0.271788,1
ex14_2_5,0.0188606,0.270516,1
ex14_2_5,0.0190228,0.269245,1
ex14_2_5,0.019282,0.267976,1
ex14_2_5,0.0194255,0.266708,1
ex14_2_5,0.0196909,0.265441,1
ex14_2_5,0.0198255,0.264176,1
ex14_2_5,0.0200788,0.262912,1
ex14_2_5,0.0202343,0.261649,1
ex14_2_5,0.0204886,0.260387,1
ex14_2_5,0.0206246,0.259127,1
ex14_2_5,0.0208614,0.257868,1
ex14_2_5,0.0210161,0.25661,1
ex14_2_5,0.0212531,0.255353,1
ex14_2_5,0.0213963,0.254098,1
ex14_2_5,0.0216662,0.252844,1
ex14_2_5,0.021802,0.251591,1
ex14_2_5,0.0220506,0.250339,1
ex14_2_5,0.0221855,0.249089,1
ex14_2_5,0.0224374,0.24784,1
ex14_2_5,0.0225944,0.246592,1
ex14_2_5,0.0228385,0.245345,1
ex14_2_5,0.022994,0.2441,1
ex14_2_5,0.0232405,0.242856,1
ex14_2_5,0.0233843,0.241613,1
ex14_2_5,0.0236261,0.240371,1
ex14_2_5,0.0237621,0.239131,1
ex14_2_5,0.0240075,0.237892,1
ex14_2_5,0.0241439,0.236654,1
ex14_2_5,0.0243808,0.235417,1
ex14_2_5,0.0245371,0.234182,1
ex14_2_5,0.0247837,0.232948,1
ex14_2_5,0.024919,0.231715,1
ex14_2_5,0.0251773,0.230483,1
ex14_2_5,0.025312,0.229253,1
ex14_2_5,0.0255472,0.228023,1
ex14_2_5,0.0257,0.226795,1
ex14_2_5,0.025937,0.225569,1
ex14_2_5,0.0260718,0.224343,1
ex14_2_5,0.026317,0.223119,1
ex14_2_5,0.0264597,0.221896,1
ex14_2_5,0.0267063,0.220674,1
ex14_2_5,0.0268618,0.219453,1
ex14_2_5,0.0271202,0.218234,1
ex14_2_5,0.0272774,0.217015,1
ex14_2_5,0.0275345,0.215798,1
ex14_2_5,0.0276708,0.214583,1
ex14_2_5,0.0278801,0.213368,1
ex14_2_5,0.0280332,0.212155,1
ex14_2_5,0.0282525,0.210942,1
ex14_2_5,0.0284067,0.209731,1
ex14_2_5,0.028616,0.208522,1
ex14_2_5,0.0287491,0.207313,1
ex14_2_5,0.0289719,0.206106,1
ex14_2_5,0.029123,0.2049,1
ex14_2_5,0.0293385,0.203695,1
ex14_2_5,0.0294816,0.202491,1
ex14_2_5,0.0296969,0.201289,1
ex14_2_5,0.0298481,0.200087,1
ex14_2_5,0.0300709,0.198887,1
ex14_2_5,0.0302048,0.197688,1
ex14_2_5,0.0304199,0.196491,1
ex14_2_5,0.0305554,0.195294,1
ex14_2_5,0.0307758,0.194099,1
ex14_2_5,0.0309097,0.192905,1
ex14_2_5,0.031125,0.191712,1
ex14_2_5,0.0312763,0.19052,1
ex14_2_5,0.0315057,0.18933,1
ex14_2_5,0.031641,0.18814,1
ex14_2_5,0.031868,0.186952,1
ex14_2_5,0.03202,0.185765,1
ex14_2_5,0.0322401,0.18458,1
ex14_2_5,0.032383,0.183395,1
ex14_2_5,0.0325982,0.182212,1
ex14_2_5,0.0327527,0.181029,1
ex14_2_5,0.0329735,0.179848,1
ex14_2_5,0.033036,0.178669,1
ex14_2_5,0.0332927,0.17749,1
ex14_2_5,0.0333804,0.176313,1
ex14_2_5,0.0336427,0.175137,1
ex14_2_5,0.0337995,0.173962,1
ex14_2_5,0.0340325,0.172788,1
ex14_2_5,0.0340944,0.171615,1
ex14_2_5,0.0343477,0.170444,1
ex14_2_5,0.0344187,0.169273,1
ex14_2_5,0.0346756,0.168104,1
ex14_2_5,0.0347383,0.166936,1
ex14_2_5,0.034994,0.165769,1
ex14_2_5,0.035056,0.164604,1
ex14_2_5,0.0352998,0.163439,1
ex14_2_5,0.0354646,0.162276,1
ex14_2_5,0.0357107,0.161113,1
ex14_2_5,0.0357728,0.159952,1
ex14_2_5,0.0360305,0.158792,1
ex14_2_5,0.036185,0.157634,1
ex14_2_5,0.0364187,0.156476,1
ex14_2_5,0.0364816,0.15532,1
ex14_2_5,0.0367399,0.154164,1
ex14_2_5,0.036798,0.15301,1
ex14_2_5,0.0370518,0.151857,1
ex14_2_5,0.0371104,0.150705,1
ex14_2_5,0.0373869,0.149555,1
ex14_2_5,0.0374461,0.148405,1
ex14_2_5,0.0377111,0.147257,1
ex14_2_5,0.0377692,0.146109,1
ex14_2_5,0.0380332,0.144963,1
ex14_2_5,0.0380907,0.143818,1
ex14_2_5,0.0383565,0.142675,1
ex14_2_5,0.0384245,0.141532,1
ex14_2_5,0.0386918,0.14039,1
ex14_2_5,0.038749,0.13925,1
ex14_2_5,0.0390133,0.138111,1
ex14_2_5,0.0391325,0.136973,1
ex14_2_5,0.0393783,0.135836,1
ex14_2_5,0.0395013,0.1347,1
ex14_2_5,0.0397374,0.133565,1
ex14_2_5,0.0398551,0.132431,1
ex14_2_5,0.0400936,0.131299,1
ex14_2_5,0.0402142,0.130168,1
ex14_2_5,0.0404508,0.129038,1
ex14_2_5,0.0405107,0.127909,1
ex14_2_5,0.0407263,0.126781,1
ex14_2_5,0.0407847,0.125654,1
ex14_2_5,0.0410149,0.124528,1
ex14_2_5,0.0410729,0.123404,1
ex14_2_5,0.0412995,0.12228,1
ex14_2_5,0.0413571,0.121158,1
ex14_2_5,0.0415818,0.120037,1
ex14_2_5,0.0416415,0.118917,1
ex14_2_5,0.0418688,0.117798,1
ex14_2_5,0.0419265,0.11668,1
ex14_2_5,0.0421512,0.115563,1
ex14_2_5,0.042209,0.114448,1
ex14_2_5,0.0424838,0.113333,1
ex14_2_5,0.0425434,0.11222,1
ex14_2_5,0.0428096,0.111108,1
ex14_2_5,0.0428677,0.109997,1
ex14_2_5,0.0431274,0.108887,1
ex14_2_5,0.0431854,0.107778,1
ex14_2_5,0.0434601,0.10667,1
ex14_2_5,0.0435192,0.105563,1
ex14_2_5,0.0437693,0.104458,1
ex14_2_5,0.0438962,0.103353,1
ex14_2_5,0.0439333,0.10225,1
ex14_2_5,0.0441867,0.101148,1
ex14_2_5,0.0442447,0.100047,1
ex14_2_5,0.04451,0.0989466,1
ex14_2_5,0.0446382,0.0978476,1
ex14_2_5,0.0446748,0.0967498,1
ex14_2_5,0.0449315,0.095653,1
ex14_2_5,0.0449898,0.0945574,1
ex14_2_5,0.0452548,0.0934628,1
ex14_2_5,0.0454213,0.0923694,1
ex14_2_5,0.0456703,0.091277,1
ex14_2_5,0.0458241,0.0901857,1
ex14_2_5,0.0460739,0.0890955,1
ex14_2_5,0.0462002,0.0880064,1
ex14_2_5,0.0462492,0.0869184,1
ex14_2_5,0.046525,0.0858315,1
ex14_2_5,0.0466515,0.0847457,1
ex14_2_5,0.0467005,0.0836609,1
ex14_2_5,0.0469478,0.0825773,1
ex14_2_5,0.047074,0.0814947,1
ex14_2_5,0.0471226,0.0804132,1
ex14_2_5,0.047387,0.0793328,1
ex14_2_5,0.0475147,0.0782535,1
ex14_2_5,0.0475643,0.0771752,1
ex14_2_5,0.0478278,0.076098,1
ex14_2_5,0.0479536,0.0750219,1
ex14_2_5,0.0480023,0.0739469,1
ex14_2_5,0.0482634,0.072873,1
ex14_2_5,0.0483978,0.0718001,1
ex14_2_5,0.0484519,0.0707285,1
ex14_2_5,0.0487053,0.0696577,1
ex14_2_5,0.0488317,0.0685881,1
ex14_2_5,0.0488847,0.0675197,1
ex14_2_5,0.0491284,0.0664522,1
ex14_2_5,0.0492546,0.0653857,1
ex14_2_5,0.0493071,0.0643206,1
ex14_2_5,0.0495666,0.0632563,1
ex14_2_5,0.0496939,0.062193,1
ex14_2_5,0.049747,0.0611312,1
ex14_2_5,0.0500032,0.06007,1
ex14_2_5,0.0501291,0.05901,1
ex14_2_5,0.0501825,0.0579513,1
ex14_2_5,0.0504398,0.0568934,1
ex14_2_5,0.0505668,0.0558365,1
ex14_2_5,0.0506193,0.0547811,1
ex14_2_5,0.0508817,0.0537263,1
ex14_2_5,0.0510075,0.0526726,1
ex14_2_5,0.0510602,0.0516205,1
ex14_2_5,0.0513165,0.0505689,1
ex14_2_5,0.0514506,0.0495183,1
ex14_2_5,0.0515749,0.0484688,1
ex14_2_5,0.0518381,0.0474203,1
ex14_2_5,0.0519625,0.0463729,1
ex14_2_5,0.0520872,0.0453265,1
ex14_2_5,0.0523239,0.0442812,1
ex14_2_5,0.0524574,0.0432369,1
ex14_2_5,0.0525837,0.0421937,1
ex14_2_5,0.0528152,0.0411515,1
ex14_2_5,0.0529392,0.0401103,1
ex14_2_5,0.0530647,0.0390702,1
ex14_2_5,0.0532971,0.0380312,1
ex14_2_5,0.05343,0.0369931,1
ex14_2_5,0.0535579,0.0359561,1
ex14_2_5,0.0538083,0.0349202,1
ex14_2_5,0.0539321,0.0338853,1
ex14_2_5,0.0540563,0.0328514,1
ex14_2_5,0.0543129,0.0318185,1
ex14_2_5,0.0544461,0.0307867,1
ex14_2_5,0.0545713,0.0297559,1
ex14_2_5,0.0548309,0.0287262,1
ex14_2_5,0.0549548,0.0276974,1
ex14_2_5,0.0550841,0.0266697,1
ex14_2_5,0.0553408,0.0256431,1
ex14_2_5,0.0554711,0.0246174,1
ex14_2_5,0.0555958,0.0235928,1
ex14_2_5,0.0559336,0.0225692,1
ex14_2_5,0.0560565,0.0215467,1
ex14_2_5,0.0561794,0.0205251,1
ex14_2_5,0.0564789,0.0195046,1
ex14_2_5,0.0566028,0.0184851,1
ex14_2_5,0.0567259,0.0174666,1
ex14_2_5,0.0570263,0.0164491,1
ex14_2_5,0.05715,0.0154327,1
ex14_2_5,0.057273,0.0144172,1
ex14_2_5,0.0575812,0.0134028,1
ex14_2_5,0.0577054,0.0123894,1
ex14_2_5,0.0578265,0.011377,1
ex14_2_5,0.0581257,0.0103657,1
ex14_2_5,0.0582479,0.00935529,1
ex14_2_5,0.058378,0.00834593,1
ex14_2_5,0.0587314,0.00733759,1
ex14_2_5,0.0588525,0.00633025,1
ex14_2_5,0.0590563,0.00532392,1
ex14_2_5,0.0591522,0.0043186,1
ex14_2_5,0.0593784,0.00331428,1
ex14_2_5,0.0594735,0.00231096,1
ex14_2_5,0.0598113,0.00130865,1
ex14_2_5,0.0599611,0.000307344,1
ex14_2_5,0.0628916,0,1
ex14_2_5,1.06291,0,0
ex14_2_5,2.06344,0,0
ex14_2_5,3.06393,0,0
ex14_2_5,4.06406,0,0
ex14_2_5,5.06455,0,0
ex14_2_5,6.06553,0,0
ex14_2_5,7.06625,0,0
ex14_2_5,8.06697,0,0
ex14_2_5,9.06787,0,0
ex14_2_5,10.0687,0,0
ex14_2_5,11.0691,0,0
ex14_2_5,12.0696,0,0
ex14_2_5,13.0703,0,0
ex14_2_5,14.071,0,0
ex14_2_5,15.0718,0,0
ex14_2_5,16.072,0,0
ex14_2_5,17.0726,0,0
ex14_2_5,18.0731,0,0
ex14_2_5,19.0732,0,0
ex14_2_5,20.0735,0,0
ex14_2_5,21.074,0,0
ex14_2_5,22.0748,0,0
ex14_2_5,23.0757,0,0
ex14_2_5,24.076,0,0
ex14_2_5,25.077,0,0
ex14_2_5,26.0774,0,0
ex14_2_5,27.0775,0,0
ex14_2_5,28.0781,0,0
ex14_2_5,29.079,0,0
ex14_2_5,30.0797,0,0
ex14_2_5,31.0806,0,0
ex14_2_5,32.081,0,0
ex14_2_5,33.0813,0,0
ex14_2_5,34.0816,0,0
ex14_2_5,35.0818,0,0
ex14_2_5,36.0824,0,0
ex14_2_5,37.0824,0,0
ex14_2_5,38.0827,0,0
ex14_2_5,39.0828,0,0
ex14_2_5,40.0838,0,0
ex14_2_5,41.0841,0,0
ex14_2_5,42.0847,0,0
ex14_2_5,43.085,0,0
ex14_2_5,44.0859,0,0
ex14_2_5,45.0864,0,0
ex14_2_5,46.0868,0,0
ex14_2_5,47.0873,0,0
ex14_2_5,48.0876,0,0
ex14_2_5,49.0879,0,0
ex14_2_5,50.089,0,0
ex14_2_5,51.089,0,0
ex14_2_5,52.0896,0,0
ex14_2_5,53.0897,0,0
ex14_2_5,54.0908,0,0
ex14_2_5,55.0918,0,0
ex14_2_5,56.0925,0,0
ex14_2_5,57.093,0,0
ex14_2_5,58.0938,0,0
ex14_2_5,59.0942,0,0
mathopt5_3,1.4946e-05,0,1
mathopt5_3,6.3346e-05,-1.4806,1
mathopt5_3,8.6114e-05,-1.61517,1
mathopt5_3,0.00182055,-1.61642,1
mathopt5_3,0.00185149,-1.61642,1
mathopt5_3,0.00356385,-1.61642,1
mathopt5_3,0.00529731,-1.61642,1
mathopt5_3,1.00683,-1.61642,0
mathopt5_3,2.00757,-1.61642,0
mathopt5_3,3.00782,-1.61642,0
mathopt5_3,4.00814,-1.61642,0
mathopt5_3,5.00825,-1.61642,0
mathopt5_3,6.00981,-1.61642,0
mathopt5_3,7.0114,-1.61642,0
mathopt5_3,8.01236,-1.61642,0
mathopt5_3,9.01241,-1.61642,0
mathopt5_3,10.0131,-1.61642,0
mathopt5_3,11.0145,-1.61642,0
mathopt5_3,12.0151,-1.61642,0
mathopt5_3,13.0168,-1.61642,0
mathopt5_3,14.017,-1.61642,0
mathopt5_3,15.0173,-1.61642,0
mathopt5_3,16.0186,-1.61642,0
mathopt5_3,17.0189,-1.61642,0
mathopt5_3,18.02,-1.61642,0
mathopt5_3,19.0208,-1.61642,0
mathopt5_3,20.0221,-1.61642,0
mathopt5_3,21.0225,-1.61642,0
mathopt5_3,22.0238,-1.61642,0
mathopt5_3,23.0249,-1.61642,0
mathopt5_3,24.0259,-1.61642,0
mathopt5_3,25.0276,-1.61642,0
mathopt5_3,26.0282,-1.61642,0
mathopt5_3,27.0297,-1.61642,0
mathopt5_3,28.0298,-1.61642,0
mathopt5_3,29.0304,-1.61642,0
mathopt5_3,30.0313,-1.61642,0
mathopt5_3,31.0319,-1.61642,0
mathopt5_3,32.0335,-1.61642,0
mathopt5_3,33.0343,-1.61642,0
mathopt5_3,34.0347,-1.61642,0
mathopt5_3,35.0348,-1.61642,0
mathopt5_3,36.0354,-1.61642,0
mathopt5_3,37.0363,-1.61642,0
mathopt5_3,38.0372,-1.61642,0
mathopt5_3,39.0381,-1.61642,0
mathopt5_3,40.0387,-1.61642,0
mathopt5_3,41.0404,-1.61642,0
mathopt5_3,42.0413,-1.61642,0
mathopt5_3,43.0425,-1.61642,0
mathopt5_3,44.044,-1.61642,0
mathopt5_3,45.0453,-1.61642,0
mathopt5_3,46.0455,-1.61642,0
mathopt5_3,47.0464,-1.61642,0
mathopt5_3,48.0471,-1.61642,0
mathopt5_3,49.0472,-1.61642,0
mathopt5_3,50.0488,-1.61642,0
mathopt5_3,51.0494,-1.61642,0
mathopt5_3,52.0511,-1.61642,0
mathopt5_3,53.0516,-1.61642,0
mathopt5_3,54.0524,-1.61642,0
mathopt5_3,55.0535,-1.61642,0
mathopt5_3,56.0542,-1.61642,0
mathopt5_3,57.0559,-1.61642,0
mathopt5_3,58.057,-1.61642,0
mathopt5_3,59.0571,-1.61642,0
ex8_4_5,0.699816,0.00232507,1
ex8_4_5,0.776963,0.0013441,1
ex8_4_5,0.812413,0.000557733,1
ex8_4_5,0.87673,0.00039776,1
ex8_4_5,0.915723,0.000331325,1
ex8_4_5,1.07134,0.000325858,1
ex8_4_5,2.13641,0.000323528,1
ex8_4_5,2.16778,0.000314861,1
ex8_4_5,2.19909,0.000312062,1
ex8_4_5,4.31774,0.000312035,1
ex8_4_5,4.34899,0.000312031,1
ex8_4_5,13.9721,0.000311758,1
ex8_4_5,15.0285,0.000311028,1
ex8_4_5,19.1112,0.000311009,1
ex8_4_5,19.1495,0.000310971,1
ex8_4_5,26.0341,0.000310966,1
ex8_4_5,30.2254,0.000310833,1
ex8_4_5,30.2566,0.000310726,1
ex8_4_5,37.0684,0.000310598,1
ex8_4_5,37.7434,0.000310528,1
ex8_4_5,38.045,0.000310029,1
ex8_4_5,38.0762,0.000309209,1
ex8_4_5,39.5561,0.00030918,1
ex8_4_5,53.2788,0.000309028,1
ex8_4_5,53.3099,0.000308953,1
ex8_4_5,54.0236,0.000308318,1
ex8_4_5,58.277,0.000308196,1
nvs01,1.54757,16.4933,1
nvs01,1.58093,16.2307,1
nvs01,1.61422,15.9705,1
nvs01,2.67376,15.9705,0
nvs01,3.73521,15.9705,0
nvs01,4.79549,15.9705,0
nvs01,4.85192,15.7129,1
nvs01,4.88645,15.4581,1
nvs01,4.92124,15.2061,1
nvs01,4.95626,14.9572,1
nvs01,4.99146,14.7115,1
nvs01,6.05653,14.7115,0
nvs01,7.12105,14.7115,0
nvs01,8.18354,14.7115,0
nvs01,9.24106,14.7115,0
nvs01,9.37178,14.4691,1
nvs01,9.40744,14.2302,1
nvs01,9.44339,13.9951,1
nvs01,10.5098,13.9951,0
nvs01,11.5759,13.9951,0
nvs01,12.6385,13.9951,0
nvs01,13.7052,13.9951,0
nvs01,14.7669,13.7638,1
nvs01,15.8328,13.7638,0
nvs01,16.8883,13.7638,0
nvs01,17.9454,13.7638,0
nvs01,19.0011,13.7638,0
nvs01,20.0602,13.7638,0
nvs01,20.4184,13.5366,1
nvs01,20.4553,13.3137,1
nvs01,21.5165,13.3137,0
nvs01,22.5745,13.3137,0
nvs01,23.6332,13.3137,0
nvs01,24.6937,13.3137,0
nvs01,25.7539,13.3137,0
nvs01,26.8163,13.3137,0
nvs01,26.9363,13.0953,1
nvs01,27.9987,13.0953,0
nvs01,29.0597,13.0953,0
nvs01,30.1248,13.0953,0
nvs01,31.2042,13.0953,0
nvs01,32.2863,13.0953,0
nvs01,33.3622,13.0953,0
nvs01,33.9523,12.8817,1
nvs01,33.991,12.6731,1
nvs01,35.0609,12.6731,0
nvs01,36.1316,12.6731,0
nvs01,37.201,12.6731,0
nvs01,38.2716,12.6731,0
nvs01,39.3375,12.6731,0
nvs01,40.4057,12.6731,0
nvs01,41.4715,12.6731,0
nvs01,42.0693,12.4697,1
nvs01,43.138,12.4697,0
nvs01,44.2029,12.4697,0
nvs01,45.2701,12.4697,0
nvs01,46.3348,12.4697,0
nvs01,47.4018,12.4697,0
nvs01,48.4673,12.4697,0
nvs01,49.5329,12.4697,0
nvs01,50.6043,12.4697,0
nvs01,51.6717,12.4697,0
nvs01,52.7417,12.4697,0
nvs01,53.8111,12.4697,0
nvs01,54.8845,12.4697,0
nvs01,55.9533,12.4697,0
nvs01,57.0268,12.4697,0
nvs01,58.0974,12.4697,0
nvs01,59.1693,12.4697,0
ex4_1_3,1.3689e-05,0,1
ex4_1_3,6.5581e-05,-312.95,1
ex4_1_3,8.9815e-05,-443.474,1
ex4_1_3,0.00209656,-443.668,1
ex4_1_3,0.00212897,-443.672,1
ex4_1_3,0.00414898,-443.672,1
ex4_1_3,0.00612479,-443.672,1
ex4_1_3,0.00816177,-443.672,1
ex4_1_3,1.00925,-443.672,0
ex4_1_3,2.01073,-443.672,0
ex4_1_3,3.01117,-443.672,0
ex4_1_3,4.01265,-443.672,0
ex4_1_3,5.01455,-443.672,0
ex4_1_3,6.01589,-443.672,0
ex4_1_3,7.01743,-443.672,0
ex4_1_3,8.01931,-443.672,0
ex4_1_3,9.02021,-443.672,0
ex4_1_3,10.0221,-443.672,0
ex4_1_3,11.0229,-443.672,0
ex4_1_3,12.023,-443.672,0
ex4_1_3,13.025,-443.672,0
ex4_1_3,14.0267,-443.672,0
ex4_1_3,15.0285,-443.672,0
ex4_1_3,16.0286,-443.672,0
ex4_1_3,17.0301,-443.672,0
ex4_1_3,18.0319,-443.672,0
ex4_1_3,19.0372,-443.672,0
ex4_1_3,20.039,-443.672,0
ex4_1_3,21.0396,-443.672,0
ex4_1_3,22.041,-443.672,0
ex4_1_3,23.0416,-443.672,0
ex4_1_3,24.0429,-443.672,0
ex4_1_3,25.0444,-443.672,0
ex4_1_3,26.0462,-443.672,0
ex4_1_3,27.0478,-443.672,0
ex4_1_3,28.0482,-443.672,0
ex4_1_3,29.0485,-443.672,0
ex4_1_3,30.0493,-443.672,0
ex4_1_3,31.0511,-443.672,0
ex4_1_3,32.0524,-443.672,0
ex4_1_3,33.0542,-443.672,0
ex4_1_3,34.0556,-443.672,0
ex4_1_3,35.0572,-443.672,0
ex4_1_3,36.0588,-443.672,0
ex4_1_3,37.0588,-443.672,0
ex4_1_3,38.0589,-443.672,0
ex4_1_3,39.0603,-443.672,0
ex4_1_3,40.0607,-443.672,0
ex4_1_3,41.0617,-443.672,0
ex4_1_3,42.0618,-443.672,0
ex4_1_3,43.0635,-443.672,0
ex4_1_3,44.0644,-443.672,0
ex4_1_3,45.0663,-443.672,0
ex4_1_3,46.0667,-443.672,0
ex4_1_3,47.0681,-443.672,0
ex4_1_3,48.0693,-443.672,0
ex4_1_3,49.0706,-443.672,0
ex4_1_3,50.0706,-443.672,0
ex4_1_3,51.0713,-443.672,0
ex4_1_3,52.0724,-443.672,0
ex4_1_3,53.0738,-443.672,0
ex4_1_3,54.0751,-443.672,0
ex4_1_3,55.077,-443.672,0
ex4_1_3,56.0783,-443.672,0
ex4_1_3,57.0789,-443.672,0
ex4_1_3,58.0799,-443.672,0
ex4_1_3,59.0808,-443.672,0
ex14_2_4,0.000290469,1.45546,1
ex14_2_4,0.000394253,1.44295,1
ex14_2_4,0.000598958,1.44051,1
ex14_2_4,0.000627592,1.14051,1
ex14_2_4,0.000644564,1.13837,1
ex14_2_4,0.00067243,0.838368,1
ex14_2_4,0.000688634,0.83653,1
ex14_2_4,0.000916455,0.588152,1
ex14_2_4,0.0011924,0.529424,1
ex14_2_4,0.00145744,0.488434,1
ex14_2_4,0.00232005,0.486946,1
ex14_2_4,0.00369103,0.485459,1
ex14_2_4,0.0049655,0.483974,1
ex14_2_4,0.00629967,0.48249,1
ex14_2_4,0.00735811,0.481007,1
ex14_2_4,0.00833924,0.479526,1
ex14_2_4,0.00934446,0.478047,1
ex14_2_4,0.0104498,0.476569,1
ex14_2_4,0.0117293,0.475092,1
ex14_2_4,0.0127588,0.473617,1
ex14_2_4,0.0139985,0.472143,1
ex14_2_4,0.0152922,0.470671,1
ex14_2_4,0.0162777,0.4692,1
ex14_2_4,0.0176394,0.467731,1
ex14_2_4,0.019047,0.466263,1
ex14_2_4,0.020115,0.464797,1
ex14_2_4,0.0214296,0.463332,1
ex14_2_4,0.0224616,0.461869,1
ex14_2_4,0.023806,0.460407,1
ex14_2_4,0.0251426,0.458947,1
ex14_2_4,0.0265655,0.457488,1
ex14_2_4,0.0279995,0.45603,1
ex14_2_4,0.0292849,0.454574,1
ex14_2_4,0.0303578,0.45312,1
ex14_2_4,0.0314576,0.451667,1
ex14_2_4,0.0325168,0.450215,1
ex14_2_4,0.0339661,0.448765,1
ex14_2_4,0.0350458,0.447316,1
ex14_2_4,0.0361135,0.445869,1
ex14_2_4,0.0372761,0.444423,1
ex14_2_4,0.0384675,0.442978,1
ex14_2_4,0.0396699,0.441535,1
ex14_2_4,0.0406786,0.440094,1
ex14_2_4,0.0415936,0.438654,1
ex14_2_4,0.0419946,0.437215,1
ex14_2_4,0.0426548,0.435778,1
ex14_2_4,0.0430802,0.434342,1
ex14_2_4,0.0436817,0.432908,1
ex14_2_4,0.0440713,0.431475,1
ex14_2_4,0.044651,0.430043,1
ex14_2_4,0.0448039,0.428614,1
ex14_2_4,0.0454999,0.427185,1
ex14_2_4,0.0456378,0.425758,1
ex14_2_4,0.0463953,0.424332,1
ex14_2_4,0.0466767,0.422908,1
ex14_2_4,0.0473684,0.421485,1
ex14_2_4,0.0474865,0.420063,1
ex14_2_4,0.0481527,0.418643,1
ex14_2_4,0.048488,0.417225,1
ex14_2_4,0.0491309,0.415807,1
ex14_2_4,0.0492493,0.414392,1
ex14_2_4,0.0499233,0.412977,1
ex14_2_4,0.0500411,0.411564,1
ex14_2_4,0.0506545,0.410153,1
ex14_2_4,0.0507799,0.408742,1
ex14_2_4,0.051377,0.407334,1
ex14_2_4,0.0514938,0.405926,1
ex14_2_4,0.0521334,0.40452,1
ex14_2_4,0.0522507,0.403116,1
ex14_2_4,0.0528571,0.401713,1
ex14_2_4,0.052975,0.400311,1
ex14_2_4,0.0535796,0.398911,1
ex14_2_4,0.0538535,0.397512,1
ex14_2_4,0.0544801,0.396114,1
ex14_2_4,0.054596,0.394718,1
ex14_2_4,0.0551975,0.393324,1
ex14_2_4,0.0553153,0.39193,1
ex14_2_4,0.0558829,0.390538,1
ex14_2_4,0.0560012,0.389148,1
ex14_2_4,0.0565883,0.387759,1
ex14_2_4,0.0567137,0.386371,1
ex14_2_4,0.0572696,0.384984,1
ex14_2_4,0.0575388,0.383599,1
ex14_2_4,0.0581975,0.382216,1
ex14_2_4,0.0583164,0.380834,1
ex14_2_4,0.0588496,0.379453,1
ex14_2_4,0.058967,0.378073,1
ex14_2_4,0.0595859,0.376695,1
ex14_2_4,0.0597113,0.375319,1
ex14_2_4,0.0603043,0.373943,1
ex14_2_4,0.0604212,0.372569,1
ex14_2_4,0.0610404,0.371197,1
ex14_2_4,0.0613174,0.369826,1
ex14_2_4,0.0619589,0.368456,1
ex14_2_4,0.0620776,0.367087,1
ex14_2_4,0.0627693,0.36572,1
ex14_2_4,0.0630383,0.364354,1
ex14_2_4,0.0637103,0.36299,1
ex14_2_4,0.0638287,0.361627,1
ex14_2_4,0.0644407,0.360266,1
ex14_2_4,0.0645571,0.358905,1
ex14_2_4,0.0652509,0.357546,1
ex14_2_4,0.065368,0.356189,1
ex14_2_4,0.0659759,0.354833,1
ex14_2_4,0.0662531,0.353478,1
ex14_2_4,0.0669029,0.352124,1
ex14_2_4,0.0670209,0.350772,1
ex14_2_4,0.0676196,0.349421,1
ex14_2_4,0.0677465,0.348072,1
ex14_2_4,0.0683898,0.346724,1
ex14_2_4,0.0686522,0.345377,1
ex14_2_4,0.0693362,0.344032,1
ex14_2_4,0.0694535,0.342688,1
ex14_2_4,0.0700637,0.341345,1
ex14_2_4,0.0701822,0.340004,1
ex14_2_4,0.0708354,0.338664,1
ex14_2_4,0.0711296,0.337325,1
ex14_2_4,0.0717711,0.335988,1
ex14_2_4,0.0718899,0.334652,1
ex14_2_4,0.0725127,0.333317,1
ex14_2_4,0.0726296,0.331984,1
ex14_2_4,0.0732016,0.330652,1
ex14_2_4,0.0733201,0.329321,1
ex14_2_4,0.0739447,0.327992,1
ex14_2_4,0.0742534,0.326664,1
ex14_2_4,0.0749363,0.325337,1
ex14_2_4,0.0750546,0.324012,1
ex14_2_4,0.0756926,0.322688,1
ex14_2_4,0.075818,0.321365,1
ex14_2_4,0.0764333,0.320044,1
ex14_2_4,0.0765501,0.318724,1
ex14_2_4,0.0772796,0.317405,1
ex14_2_4,0.077398,0.316088,1
ex14_2_4,0.0780718,0.314772,1
ex14_2_4,0.0781892,0.313457,1
ex14_2_4,0.0788477,0.312143,1
ex14_2_4,0.0789713,0.310831,1
ex14_2_4,0.0795917,0.30952,1
ex14_2_4,0.0798861,0.308211,1
ex14_2_4,0.0805254,0.306903,1
ex14_2_4,0.0808051,0.305596,1
ex14_2_4,0.081444,0.30429,1
ex14_2_4,0.0817281,0.302986,1
ex14_2_4,0.0827984,0.301683,1
ex14_2_4,0.0830933,0.300381,1
ex14_2_4,0.0837481,0.299081,1
ex14_2_4,0.0840294,0.297782,1
ex14_2_4,0.0846922,0.296484,1
ex14_2_4,0.0849748,0.295187,1
ex14_2_4,0.0857862,0.293892,1
ex14_2_4,0.0861709,0.292598,1
ex14_2_4,0.0867965,0.291306,1
ex14_2_4,0.0870925,0.290014,1
ex14_2_4,0.0878903,0.288724,1
ex14_2_4,0.0883423,0.287436,1
ex14_2_4,0.0890053,0.286148,1
ex14_2_4,0.0892952,0.284862,1
ex14_2_4,0.0899563,0.283577,1
ex14_2_4,0.0902504,0.282294,1
ex14_2_4,0.0909292,0.281011,1
ex14_2_4,0.0912048,0.27973,1
ex14_2_4,0.0918294,0.278451,1
ex14_2_4,0.0921232,0.277172,1
ex14_2_4,0.0927944,0.275895,1
ex14_2_4,0.0930724,0.274619,1
ex14_2_4,0.0937181,0.273344,1
ex14_2_4,0.0940128,0.272071,1
ex14_2_4,0.0946662,0.270799,1
ex14_2_4,0.0949707,0.269528,1
ex14_2_4,0.0952517,0.268259,1
ex14_2_4,0.0955562,0.26699,1
ex14_2_4,0.096311,0.265723,1
ex14_2_4,0.0965655,0.264458,1
ex14_2_4,0.0968722,0.263193,1
ex14_2_4,0.0971489,0.26193,1
ex14_2_4,0.0974243,0.260668,1
ex14_2_4,0.0979778,0.259408,1
ex14_2_4,0.0982821,0.258148,1
ex14_2_4,0.0985846,0.25689,1
ex14_2_4,0.0990452,0.255633,1
ex14_2_4,0.0993267,0.254377,1
ex14_2_4,0.0996243,0.253123,1
ex14_2_4,0.0998837,0.25187,1
ex14_2_4,0.100159,0.250618,1
ex14_2_4,0.100711,0.249367,1
ex14_2_4,0.101107,0.248118,1
ex14_2_4,0.101387,0.24687,1
ex14_2_4,0.101665,0.245623,1
ex14_2_4,0.101947,0.244377,1
ex14_2_4,0.102232,0.243133,1
ex14_2_4,0.102507,0.24189,1
ex14_2_4,0.102787,0.240648,1
ex14_2_4,0.103296,0.239407,1
ex14_2_4,0.103576,0.238168,1
ex14_2_4,0.103835,0.23693,1
ex14_2_4,0.104111,0.235693,1
ex14_2_4,0.104531,0.234457,1
ex14_2_4,0.104817,0.233223,1
ex14_2_4,0.105094,0.23199,1
ex14_2_4,0.10565,0.230758,1
ex14_2_4,0.105943,0.229527,1
ex14_2_4,0.106729,0.228297,1
ex14_2_4,0.107028,0.227069,1
ex14_2_4,0.107309,0.225842,1
ex14_2_4,0.10756,0.224616,1
ex14_2_4,0.107866,0.223391,1
ex14_2_4,0.10882,0.222168,1
ex14_2_4,0.109139,0.220946,1
ex14_2_4,0.109391,0.219725,1
ex14_2_4,0.110375,0.218505,1
ex14_2_4,0.110693,0.217287,1
ex14_2_4,0.110954,0.216069,1
ex14_2_4,0.112236,0.214853,1
ex14_2_4,0.112555,0.213638,1
ex14_2_4,0.112797,0.212425,1
ex14_2_4,0.113581,0.211212,1
ex14_2_4,0.113907,0.210001,1
ex14_2_4,0.114168,0.208791,1
ex14_2_4,0.114987,0.207582,1
ex14_2_4,0.115305,0.206375,1
ex14_2_4,0.115557,0.205168,1
ex14_2_4,0.116396,0.203963,1
ex14_2_4,0.116723,0.202759,1
ex14_2_4,0.116982,0.201557,1
ex14_2_4,0.11779,0.200355,1
ex14_2_4,0.118108,0.199155,1
ex14_2_4,0.118366,0.197956,1
ex14_2_4,0.119261,0.196758,1
ex14_2_4,0.11958,0.195561,1
ex14_2_4,0.119846,0.194365,1
ex14_2_4,0.120597,0.193171,1
ex14_2_4,0.120924,0.191978,1
ex14_2_4,0.121329,0.190786,1
ex14_2_4,0.122102,0.189595,1
ex14_2_4,0.12242,0.188405,1
ex14_2_4,0.12267,0.187217,1
ex14_2_4,0.123566,0.18603,1
ex14_2_4,0.123891,0.184844,1
ex14_2_4,0.124302,0.183659,1
ex14_2_4,0.125104,0.182475,1
ex14_2_4,0.125424,0.181293,1
ex14_2_4,0.125683,0.180111,1
ex14_2_4,0.126465,0.178931,1
ex14_2_4,0.126791,0.177752,1
ex14_2_4,0.127186,0.176575,1
ex14_2_4,0.128265,0.175398,1
ex14_2_4,0.128582,0.174223,1
ex14_2_4,0.128995,0.173048,1
ex14_2_4,0.130412,0.171875,1
ex14_2_4,0.13074,0.170704,1
ex14_2_4,0.130991,0.169533,1
ex14_2_4,0.131885,0.168363,1
ex14_2_4,0.132204,0.167195,1
ex14_2_4,0.132485,0.166028,1
ex14_2_4,0.133664,0.164862,1
ex14_2_4,0.13399,0.163697,1
ex14_2_4,0.134227,0.162533,1
ex14_2_4,0.134967,0.161371,1
ex14_2_4,0.135285,0.160209,1
ex14_2_4,0.135514,0.159049,1
ex14_2_4,0.136186,0.15789,1
ex14_2_4,0.136505,0.156732,1
ex14_2_4,0.137116,0.155575,1
ex14_2_4,0.137347,0.15442,1
ex14_2_4,0.138481,0.153265,1
ex14_2_4,0.138808,0.152112,1
ex14_2_4,0.139189,0.15096,1
ex14_2_4,0.139824,0.149809,1
ex14_2_4,0.14014,0.148659,1
ex14_2_4,0.140809,0.147511,1
ex14_2_4,0.141039,0.146363,1
ex14_2_4,0.142607,0.145217,1
ex14_2_4,0.142932,0.144071,1
ex14_2_4,0.143185,0.142927,1
ex14_2_4,0.143927,0.141784,1
ex14_2_4,0.144243,0.140643,1
ex14_2_4,0.144875,0.139502,1
ex14_2_4,0.145116,0.138363,1
ex14_2_4,0.145765,0.137224,1
ex14_2_4,0.145997,0.136087,1
ex14_2_4,0.146673,0.134951,1
ex14_2_4,0.146921,0.133816,1
ex14_2_4,0.147854,0.132682,1
ex14_2_4,0.148181,0.131549,1
ex14_2_4,0.148585,0.130418,1
ex14_2_4,0.14924,0.129287,1
ex14_2_4,0.149482,0.128158,1
ex14_2_4,0.150019,0.12703,1
ex14_2_4,0.150843,0.125903,1
ex14_2_4,0.15154,0.124777,1
ex14_2_4,0.152234,0.123652,1
ex14_2_4,0.15295,0.122529,1
ex14_2_4,0.153617,0.121406,1
ex14_2_4,0.154517,0.120285,1
ex14_2_4,0.155366,0.119164,1
ex14_2_4,0.156149,0.118045,1
ex14_2_4,0.156986,0.116927,1
ex14_2_4,0.157633,0.11581,1
ex14_2_4,0.158263,0.114694,1
ex14_2_4,0.158976,0.11358,1
ex14_2_4,0.159902,0.112466,1
ex14_2_4,0.160743,0.111354,1
ex14_2_4,0.161657,0.110242,1
ex14_2_4,0.1623,0.109132,1
ex14_2_4,0.163051,0.108023,1
ex14_2_4,0.163743,0.106915,1
ex14_2_4,0.16451,0.105808,1
ex14_2_4,0.165233,0.104702,1
ex14_2_4,0.165881,0.103598,1
ex14_2_4,0.166888,0.102494,1
ex14_2_4,0.16782,0.101391,1
ex14_2_4,0.168949,0.10029,1
ex14_2_4,0.169807,0.0991898,1
ex14_2_4,0.170958,0.0980906,1
ex14_2_4,0.172015,0.0969925,1
ex14_2_4,0.172384,0.0958955,1
ex14_2_4,0.173406,0.0947996,1
ex14_2_4,0.174677,0.0937048,1
ex14_2_4,0.175711,0.0926111,1
ex14_2_4,0.176268,0.0915185,1
ex14_2_4,0.177197,0.090427,1
ex14_2_4,0.178509,0.0893365,1
ex14_2_4,0.179162,0.0882472,1
ex14_2_4,0.180135,0.087159,1
ex14_2_4,0.181651,0.0860718,1
ex14_2_4,0.18267,0.0849857,1
ex14_2_4,0.1836,0.0839007,1
ex14_2_4,0.184574,0.0828168,1
ex14_2_4,0.185491,0.081734,1
ex14_2_4,0.186505,0.0806523,1
ex14_2_4,0.187517,0.0795716,1
ex14_2_4,0.188511,0.0784921,1
ex14_2_4,0.189533,0.0774136,1
ex14_2_4,0.190557,0.0763362,1
ex14_2_4,0.191669,0.0752598,1
ex14_2_4,0.192764,0.0741846,1
ex14_2_4,0.193918,0.0731104,1
ex14_2_4,0.195236,0.0720373,1
ex14_2_4,0.196586,0.0709652,1
ex14_2_4,0.197858,0.0698943,1
ex14_2_4,0.199193,0.0688244,1
ex14_2_4,0.200606,0.0677555,1
ex14_2_4,0.20184,0.0666878,1
ex14_2_4,0.203142,0.0656211,1
ex14_2_4,0.204313,0.0645555,1
ex14_2_4,0.205468,0.0634909,1
ex14_2_4,0.206688,0.0624274,1
ex14_2_4,0.20787,0.061365,1
ex14_2_4,0.209172,0.0603036,1
ex14_2_4,0.210499,0.0592433,1
ex14_2_4,0.21181,0.0581841,1
ex14_2_4,0.213137,0.0571259,1
ex14_2_4,0.214436,0.0560688,1
ex14_2_4,0.215518,0.0550127,1
ex14_2_4,0.216355,0.0539577,1
ex14_2_4,0.216415,0.0529037,1
ex14_2_4,0.217203,0.0518508,1
ex14_2_4,0.217291,0.050799,1
ex14_2_4,0.218049,0.0497482,1
ex14_2_4,0.218106,0.0486984,1
ex14_2_4,0.218849,0.0476497,1
ex14_2_4,0.218932,0.0466021,1
ex14_2_4,0.219679,0.0455555,1
ex14_2_4,0.219745,0.0445099,1
ex14_2_4,0.220538,0.0434654,1
ex14_2_4,0.220602,0.042422,1
ex14_2_4,0.221315,0.0413795,1
ex14_2_4,0.221374,0.0403382,1
ex14_2_4,0.222144,0.0392978,1
ex14_2_4,0.222201,0.0382585,1
ex14_2_4,0.222933,0.0372203,1
ex14_2_4,0.222992,0.036183,1
ex14_2_4,0.223787,0.0351469,1
ex14_2_4,0.223846,0.0341117,1
ex14_2_4,0.224618,0.0330776,1
ex14_2_4,0.224675,0.0320445,1
ex14_2_4,0.22548,0.0310125,1
ex14_2_4,0.227064,0.0299815,1
ex14_2_4,0.228033,0.0289515,1
ex14_2_4,0.229696,0.0279225,1
ex14_2_4,0.230773,0.0268946,1
ex14_2_4,0.233592,0.0258677,1
ex14_2_4,0.234631,0.0248419,1
ex14_2_4,0.237452,0.023817,1
ex14_2_4,0.239512,0.0227932,1
ex14_2_4,0.23961,0.0223857,1
ex14_2_4,0.240907,0.0213633,1
ex14_2_4,0.242038,0.0203419,1
ex14_2_4,0.245558,0.0193216,1
ex14_2_4,0.248298,0.0183023,1
ex14_2_4,0.249367,0.017284,1
ex14_2_4,0.252987,0.0162667,1
ex14_2_4,0.253106,0.0155243,1
ex14_2_4,0.254488,0.0145087,1
ex14_2_4,0.254581,0.014113,1
ex14_2_4,0.255642,0.0130989,1
ex14_2_4,0.259554,0.0120858,1
ex14_2_4,0.260635,0.0110737,1
ex14_2_4,0.262471,0.0100626,1
ex14_2_4,0.263438,0.00905258,1
ex14_2_4,0.26504,0.00804353,1
ex14_2_4,0.266189,0.00703549,1
ex14_2_4,0.267272,0.00602845,1
ex14_2_4,0.268245,0.00502242,1
ex14_2_4,0.270029,0.0040174,1
ex14_2_4,0.271136,0.00301338,1
ex14_2_4,0.272278,0.00201037,1
ex14_2_4,0.273333,0.00100836,1
ex14_2_4,0.275913,7.35126e-06,1
ex14_2_4,0.289533,0,1
ex14_2_4,1.29021,0,0
ex14_2_4,2.29069,0,0
ex14_2_4,3.29077,0,0
ex14_2_4,4.29202,0,0
ex14_2_4,5.29247,0,0
ex14_2_4,6.29369,0,0
ex14_2_4,7.29423,0,0
ex14_2_4,8.29456,0,0
ex14_2_4,9.2955,0,0
ex14_2_4,10.2969,0,0
ex14_2_4,14.3901,0,0
ex14_2_4,15.3905,0,0
ex14_2_4,16.3907,0,0
ex14_2_4,17.3912,0,0
ex14_2_4,18.3913,0,0
ex14_2_4,19.3927,0,0
ex14_2_4,21.3938,0,0
ex14_2_4,22.3948,0,0
ex14_2_4,23.395,0,0
ex14_2_4,24.3951,0,0
ex14_2_4,25.3955,0,0
ex14_2_4,26.3964,0,0
ex14_2_4,27.3964,0,0
ex14_2_4,28.3975,0,0
ex14_2_4,29.3989,0,0
ex14_2_4,30.399,0,0
ex14_2_4,31.3997,0,0
ex14_2_4,32.4007,0,0
ex14_2_4,33.401,0,0
ex14_2_4,34.4011,0,0
ex14_2_4,35.4018,0,0
ex14_2_4,37.4925,0,0
ex14_2_4,38.4933,0,0
ex14_2_4,39.4942,0,0
ex14_2_4,41.5825,0,0
ex14_2_4,42.5825,0,0
ex14_2_4,43.5826,0,0
ex14_2_4,44.5831,0,0
ex14_2_4,45.5833,0,0
ex14_2_4,46.5836,0,0
ex14_2_4,47.5844,0,0
ex14_2_4,48.5855,0,0
ex14_2_4,49.587,0,0
ex14_2_4,50.5879,0,0
ex14_2_4,51.5893,0,0
ex14_2_4,52.5898,0,0
ex14_2_4,53.5906,0,0
ex14_2_4,54.592,0,0
ex8_1_1,1.3759e-05,0,1
ex8_1_1,6.4883e-05,-0.531772,1
ex8_1_1,8.5276e-05,-0.704232,1
ex8_1_1,0.000111397,-0.912121,1
ex8_1_1,0.000126902,-0.992716,1
ex8_1_1,0.000155257,-0.994706,1
ex8_1_1,0.00227724,-0.994875,1
ex8_1_1,0.00442625,-0.994923,1
ex8_1_1,0.00654202,-0.994938,1
ex8_1_1,0.00871841,-0.994943,1
ex8_1_1,0.0108694,-0.994944,1
ex8_1_1,0.0130149,-0.994945,1
ex8_1_1,0.015183,-0.994945,1
ex8_1_1,0.0173573,-0.994945,1
ex8_1_1,0.0195073,-0.994945,1
ex8_1_1,0.0216747,-0.994945,1
ex8_1_1,0.0238282,-0.994945,1
ex8_1_1,0.0259678,-0.994945,1
ex8_1_1,0.0281396,-0.994945,1
ex8_1_1,0.0302954,-0.994945,1
ex8_1_1,0.032459,-0.994945,1
ex8_1_1,0.0346081,-0.994945,1
ex8_1_1,0.0367304,-0.994945,1
ex8_1_1,0.0410295,-0.994945,1
ex8_1_1,0.25625,-1.04412,1
ex8_1_1,0.256279,-1.61999,1
ex8_1_1,0.256296,-2.02019,1
ex8_1_1,0.256328,-2.02181,1
ex8_1_1,0.258696,-2.02181,1
ex8_1_1,0.261039,-2.02181,1
ex8_1_1,0.263378,-2.02181,1
ex8_1_1,0.265746,-2.02181,1
ex8_1_1,0.268103,-2.02181,1
ex8_1_1,1.2712,-2.02181,0
ex8_1_1,2.27209,-2.02181,0
ex8_1_1,3.27381,-2.02181,0
ex8_1_1,4.27453,-2.02181,0
ex8_1_1,5.27618,-2.02181,0
ex8_1_1,6.27695,-2.02181,0
ex8_1_1,7.27807,-2.02181,0
ex8_1_1,8.27959,-2.02181,0
ex8_1_1,9.28187,-2.02181,0
ex8_1_1,10.2829,-2.02181,0
ex8_1_1,11.2844,-2.02181,0
ex8_1_1,12.2859,-2.02181,0
ex8_1_1,13.2878,-2.02181,0
ex8_1_1,14.2895,-2.02181,0
ex8_1_1,15.2897,-2.02181,0
ex8_1_1,16.2919,-2.02181,0
ex8_1_1,17.292,-2.02181,0
ex8_1_1,18.2924,-2.02181,0
ex8_1_1,19.2934,-2.02181,0
ex8_1_1,20.2945,-2.02181,0
ex8_1_1,21.2957,-2.02181,0
ex8_1_1,22.2957,-2.02181,0
ex8_1_1,23.2971,-2.02181,0
ex8_1_1,24.2988,-2.02181,0
ex8_1_1,25.2996,-2.02181,0
ex8_1_1,26.3009,-2.02181,0
ex8_1_1,27.3031,-2.02181,0
ex8_1_1,28.3041,-2.02181,0
ex8_1_1,29.3042,-2.02181,0
ex8_1_1,30.3052,-2.02181,0
ex8_1_1,31.3078,-2.02181,0
ex8_1_1,32.3094,-2.02181,0
ex8_1_1,33.3112,-2.02181,0
ex8_1_1,34.3117,-2.02181,0
ex8_1_1,35.3118,-2.02181,0
ex8_1_1,36.3136,-2.02181,0
ex8_1_1,37.3138,-2.02181,0
ex8_1_1,38.315,-2.02181,0
ex8_1_1,39.3163,-2.02181,0
ex8_1_1,40.3167,-2.02181,0
ex8_1_1,41.3167,-2.02181,0
ex8_1_1,42.3193,-2.02181,0
ex8_1_1,43.3197,-2.02181,0
ex8_1_1,44.3206,-2.02181,0
ex8_1_1,45.321,-2.02181,0
ex8_1_1,46.3232,-2.02181,0
ex8_1_1,47.3254,-2.02181,0
ex8_1_1,48.3277,-2.02181,0
ex8_1_1,49.3287,-2.02181,0
ex8_1_1,50.3314,-2.02181,0
ex8_1_1,51.333,-2.02181,0
ex8_1_1,52.334,-2.02181,0
ex8_1_1,53.3353,-2.02181,0
ex8_1_1,54.3385,-2.02181,0
ex8_1_1,55.3403,-2.02181,0
ex8_1_1,56.341,-2.02181,0
ex8_1_1,57.3411,-2.02181,0
ex8_1_1,58.3419,-2.02181,0
ex8_1_1,59.3433,-2.02181,0
shiporig,0.000618723,53.6639,1
shiporig,0.000764551,50.7342,1
shiporig,0.00106361,50.6825,1
shiporig,0.00180002,50.6238,1
shiporig,0.00252008,32.3498,1
shiporig,0.00259865,32.3165,1
shiporig,0.00268358,32.2832,1
shiporig,0.00275921,32.2499,1
shiporig,0.00284177,32.2166,1
shiporig,0.00291803,32.1834,1
shiporig,0.00333931,32.1502,1
shiporig,0.00341663,32.0991,1
shiporig,0.00489328,32.066,1
shiporig,0.00618646,32.0329,1
shiporig,0.0073563,31.9999,1
shiporig,0.00843129,31.9669,1
shiporig,0.00981848,31.9317,1
shiporig,0.0109002,31.898,1
shiporig,0.0140866,31.8574,1
shiporig,0.0240756,31.8245,1
shiporig,0.0289723,31.7917,1
shiporig,0.0360407,31.7589,1
shiporig,0.0390144,31.7261,1
shiporig,0.0419046,31.6934,1
shiporig,0.0511885,31.6607,1
shiporig,0.0565919,31.628,1
shiporig,0.0593476,31.5954,1
shiporig,0.0643968,31.5628,1
shiporig,0.0695031,31.5303,1
shiporig,0.0779479,31.4977,1
shiporig,0.0809613,31.4652,1
shiporig,0.0860268,31.4328,1
shiporig,0.0938444,31.4003,1
shiporig,0.0965098,31.3679,1
shiporig,0.100771,31.3356,1
shiporig,0.105887,31.3032,1
shiporig,0.111691,31.2709,1
shiporig,0.122014,31.2387,1
shiporig,0.12558,31.2064,1
shiporig,0.130455,31.1742,1
shiporig,0.136064,31.142,1
shiporig,0.139244,31.1099,1
shiporig,0.143963,31.0778,1
shiporig,0.149299,31.0457,1
shiporig,0.151472,31.0137,1
shiporig,0.156308,30.9816,1
shiporig,0.165933,30.9497,1
shiporig,0.17214,30.9177,1
shiporig,0.176492,30.8858,1
shiporig,0.188113,30.8539,1
shiporig,0.19334,30.8221,1
shiporig,0.199659,30.7902,1
shiporig,0.203711,30.7584,1
shiporig,0.214685,30.7267,1
shiporig,0.219998,30.695,1
shiporig,0.222863,30.6633,1
shiporig,0.233818,30.6316,1
shiporig,0.237222,30.6,1
shiporig,0.240287,30.5684,1
shiporig,0.250815,30.5368,1
shiporig,0.262017,30.5053,1
shiporig,0.295274,30.4738,1
shiporig,0.30496,30.4423,1
shiporig,0.324042,30.4108,1
shiporig,0.330062,30.3794,1
shiporig,0.33757,30.3481,1
shiporig,0.362568,30.3167,1
shiporig,0.391088,30.2854,1
shiporig,0.417631,30.2541,1
shiporig,0.472518,30.2228,1
shiporig,0.512319,30.1916,1
shiporig,0.541628,30.1604,1
shiporig,0.563189,30.1293,1
shiporig,0.572106,30.0981,1
shiporig,0.630892,30.067,1
shiporig,0.638246,30.036,1
shiporig,0.658207,30.0049,1
shiporig,0.704599,29.9739,1
shiporig,0.730889,29.943,1
shiporig,0.755718,29.912,1
shiporig,0.771808,29.881,1
shiporig,0.797268,29.8501,1
shiporig,0.809116,29.8193,1
shiporig,0.861213,29.7885,1
shiporig,0.869215,29.7577,1
shiporig,0.877661,29.7269,1
shiporig,0.89504,29.6962,1
shiporig,0.898372,29.6655,1
shiporig,0.908412,29.6348,1
shiporig,0.960273,29.6042,1
shiporig,0.975984,29.5736,1
shiporig,1.08746,29.543,1
shiporig,1.0933,29.5125,1
shiporig,1.16134,29.4826,1
shiporig,1.17247,29.4522,1
shiporig,1.17497,29.4217,1
shiporig,1.21871,29.3913,1
shiporig,1.23445,29.3609,1
shiporig,1.23588,29.3305,1
shiporig,1.23719,29.3002,1
shiporig,1.24206,29.2672,1
shiporig,1.26451,29.237,1
shiporig,1.29067,29.2067,1
shiporig,1.38211,29.1765,1
shiporig,1.40514,29.1463,1
shiporig,1.4243,29.1162,1
shiporig,1.46358,29.0861,1
shiporig,1.47861,29.056,1
shiporig,1.48109,29.0259,1
shiporig,1.49333,28.9959,1
shiporig,1.52143,28.9659,1
shiporig,1.54942,28.936,1
shiporig,1.57212,28.906,1
shiporig,1.59671,28.8761,1
shiporig,1.61463,28.8462,1
shiporig,1.6245,28.8164,1
shiporig,1.65455,28.7866,1
shiporig,1.65735,28.7557,1
shiporig,1.6617,28.7259,1
shiporig,1.68959,28.6962,1
shiporig,1.69028,28.661,1
shiporig,1.69081,28.6305,1
shiporig,1.69187,28.5969,1
shiporig,1.70994,28.5673,1
shiporig,1.73067,28.5377,1
shiporig,1.73253,28.5082,1
shiporig,1.73453,28.4786,1
shiporig,1.75867,28.4492,1
shiporig,1.80438,28.4197,1
shiporig,1.83426,28.3903,1
shiporig,1.83629,28.3609,1
shiporig,1.85559,28.3315,1
shiporig,1.88341,28.3022,1
shiporig,1.88751,28.2729,1
shiporig,1.89714,28.2436,1
shiporig,1.90573,28.2144,1
shiporig,1.908,28.1852,1
shiporig,1.91157,28.156,1
shiporig,1.91817,28.1268,1
shiporig,1.91986,28.0977,1
shiporig,1.9289,28.0686,1
shiporig,1.93672,28.0395,1
shiporig,1.95159,28.0105,1
shiporig,1.99498,27.9815,1
shiporig,2.00428,27.9525,1
shiporig,2.02699,27.9236,1
shiporig,2.04601,27.8946,1
shiporig,2.06958,27.8657,1
shiporig,2.14428,27.8369,1
shiporig,2.16602,27.808,1
shiporig,2.16698,27.7767,1
shiporig,2.19483,27.7479,1
shiporig,2.23297,27.7192,1
shiporig,2.25705,27.6905,1
shiporig,2.26907,27.6618,1
shiporig,2.28523,27.6331,1
shiporig,2.31293,27.6045,1
shiporig,2.31625,27.5759,1
shiporig,2.35197,27.5473,1
shiporig,2.37253,27.5188,1
shiporig,2.41557,27.4902,1
shiporig,2.43753,27.4617,1
shiporig,2.44669,27.4333,1
shiporig,2.44902,27.4041,1
shiporig,2.46561,27.3757,1
shiporig,2.48937,27.3473,1
shiporig,2.49599,27.3189,1
shiporig,2.52128,27.2906,1
shiporig,2.54932,27.2623,1
shiporig,2.55888,27.2341,1
shiporig,2.58503,27.2058,1
shiporig,2.67181,27.1776,1
shiporig,2.70056,27.1495,1
shiporig,2.72468,27.1213,1
shiporig,2.75313,27.0932,1
shiporig,2.756,27.0651,1
shiporig,2.76042,27.037,1
shiporig,2.78739,27.009,1
shiporig,2.81582,26.981,1
shiporig,2.8178,26.953,1
shiporig,2.82085,26.9248,1
shiporig,2.8345,26.8969,1
shiporig,2.84333,26.869,1
shiporig,2.86854,26.8411,1
shiporig,2.86967,26.8132,1
shiporig,2.87072,26.7821,1
shiporig,2.89659,26.7543,1
shiporig,2.90004,26.7266,1
shiporig,2.98053,26.6989,1
shiporig,3.00785,26.6712,1
shiporig,3.00974,26.6435,1
shiporig,3.02371,26.6158,1
shiporig,3.03221,26.5882,1
shiporig,3.09308,26.5606,1
shiporig,3.11294,26.5331,1
shiporig,3.14027,26.5056,1
shiporig,3.17187,26.478,1
shiporig,3.1995,26.4506,1
shiporig,3.20911,26.4231,1
shiporig,3.2376,26.3957,1
shiporig,3.23848,26.364,1
shiporig,3.23933,26.3332,1
shiporig,3.24133,26.3004,1
shiporig,3.25494,26.2731,1
shiporig,3.28074,26.2458,1
shiporig,3.28433,26.2186,1
shiporig,3.28925,26.1913,1
shiporig,3.31792,26.1641,1
shiporig,3.31961,26.1369,1
shiporig,3.32037,26.1056,1
shiporig,3.32176,26.0751,1
shiporig,3.32369,26.0422,1
shiporig,3.33732,26.0151,1
shiporig,3.36393,25.9881,1
shiporig,3.38748,25.9611,1
shiporig,3.39449,25.9342,1
shiporig,3.42035,25.9072,1
shiporig,3.49804,25.8803,1
shiporig,3.52849,25.8535,1
shiporig,3.55547,25.8266,1
shiporig,3.56486,25.7998,1
shiporig,3.61517,25.773,1
shiporig,3.62432,25.7462,1
shiporig,3.65208,25.7195,1
shiporig,3.67632,25.6927,1
shiporig,3.71199,25.666,1
shiporig,3.72012,25.6392,1
shiporig,3.72495,25.6126,1
shiporig,3.72683,25.5843,1
shiporig,3.75751,25.5582,1
shiporig,3.7843,25.5317,1
shiporig,3.81278,25.5051,1
shiporig,3.83081,25.4744,1
shiporig,3.84711,25.448,1
shiporig,3.84795,25.4211,1
shiporig,3.84871,25.394,1
shiporig,3.85732,25.3676,1
shiporig,3.87932,25.3412,1
shiporig,3.90615,25.3149,1
shiporig,3.98441,25.2886,1
shiporig,4.02164,25.2623,1
shiporig,4.04929,25.236,1
shiporig,4.0797,25.2098,1
shiporig,4.10786,25.1836,1
shiporig,4.2073,25.1574,1
shiporig,4.26458,25.1312,1
shiporig,4.26753,25.1051,1
shiporig,4.27934,25.079,1
shiporig,4.30647,25.0529,1
shiporig,4.34039,25.0269,1
shiporig,4.36997,25.0008,1
shiporig,4.38573,24.9748,1
shiporig,4.40281,24.9489,1
shiporig,4.43095,24.9229,1
shiporig,4.4319,24.8921,1
shiporig,4.46767,24.8662,1
shiporig,4.46874,24.8403,1
shiporig,4.46997,24.8145,1
shiporig,4.47509,24.7886,1
shiporig,4.49299,24.7629,1
shiporig,4.49902,24.7352,1
shiporig,4.53381,24.7095,1
shiporig,4.53722,24.6816,1
shiporig,4.53965,24.6559,1
shiporig,4.56698,24.6302,1
shiporig,4.568,24.6018,1
shiporig,4.56912,24.5762,1
shiporig,4.5764,24.5506,1
shiporig,4.58879,24.5251,1
shiporig,4.6158,24.4995,1
shiporig,4.64335,24.474,1
shiporig,4.67104,24.4486,1
shiporig,4.67213,24.4231,1
shiporig,4.67307,24.3977,1
shiporig,4.6742,24.3697,1
shiporig,4.68326,24.3443,1
shiporig,4.69564,24.319,1
shiporig,4.70309,24.2937,1
shiporig,4.71168,24.2684,1
shiporig,4.71383,24.2431,1
shiporig,4.72396,24.2179,1
shiporig,4.72602,24.1926,1
shiporig,4.72992,24.1674,1
shiporig,4.7578,24.1423,1
shiporig,4.7616,24.1167,1
shiporig,4.78246,24.0916,1
shiporig,4.82489,24.0665,1
shiporig,4.8475,24.0414,1
shiporig,4.87079,24.0164,1
shiporig,4.87535,23.9914,1
shiporig,4.91254,23.9664,1
shiporig,4.93729,23.9414,1
shiporig,4.9681,23.9165,1
shiporig,4.99526,23.8915,1
shiporig,5.04541,23.8667,1
shiporig,5.07236,23.8418,1
shiporig,5.10235,23.8169,1
shiporig,5.13236,23.7921,1
shiporig,5.1622,23.7673,1
shiporig,5.18782,23.7426,1
shiporig,5.20783,23.7178,1
shiporig,5.21061,23.6931,1
shiporig,5.21264,23.6684,1
shiporig,5.24768,23.6437,1
shiporig,5.27496,23.6191,1
shiporig,5.30142,23.5945,1
shiporig,5.30853,23.5699,1
shiporig,5.49291,23.5453,1
shiporig,5.51097,23.5208,1
shiporig,5.53651,23.4963,1
shiporig,5.56158,23.4718,1
shiporig,5.57039,23.4473,1
shiporig,5.58128,23.4228,1
shiporig,5.60485,23.3984,1
shiporig,5.61245,23.374,1
shiporig,5.61924,23.3496,1
shiporig,5.63261,23.3253,1
shiporig,5.66046,23.301,1
shiporig,5.66968,23.2767,1
shiporig,5.70734,23.2524,1
shiporig,5.73152,23.2281,1
shiporig,5.75787,23.2039,1
shiporig,5.80965,23.1797,1
shiporig,5.81835,23.155,1
shiporig,5.82236,23.1308,1
shiporig,5.85824,23.1067,1
shiporig,5.88155,23.0826,1
shiporig,5.88813,23.0585,1
shiporig,5.89094,23.0333,1
shiporig,5.91681,23.0093,1
shiporig,5.91805,22.9826,1
shiporig,6.00344,22.9597,1
shiporig,6.0297,22.9358,1
shiporig,6.06906,22.9118,1
shiporig,6.09575,22.8879,1
shiporig,6.12012,22.864,1
shiporig,6.13739,22.8402,1
shiporig,6.21625,22.8163,1
shiporig,6.25007,22.7925,1
shiporig,6.25314,22.7687,1
shiporig,6.26264,22.7449,1
shiporig,6.333,22.7212,1
shiporig,6.35578,22.6975,1
shiporig,6.36546,22.6738,1
shiporig,6.38037,22.6501,1
shiporig,6.39364,22.6265,1
shiporig,6.41244,22.6028,1
shiporig,6.41831,22.5792,1
shiporig,6.42509,22.5557,1
shiporig,6.43036,22.532,1
shiporig,6.43514,22.5084,1
shiporig,6.44041,22.4849,1
shiporig,6.45526,22.4614,1
shiporig,6.47828,22.438,1
shiporig,6.49131,22.4145,1
shiporig,6.52367,22.3911,1
shiporig,6.52513,22.3677,1
shiporig,6.52686,22.3443,1
shiporig,6.52851,22.319,1
shiporig,6.52862,22.3188,1
shiporig,6.54584,22.2955,1
shiporig,6.57165,22.2722,1
shiporig,6.57995,22.2489,1
shiporig,6.59855,22.2256,1
shiporig,6.60996,22.2024,1
shiporig,6.65802,22.1792,1
shiporig,6.67344,22.156,1
shiporig,6.68252,22.1328,1
shiporig,6.69016,22.1097,1
shiporig,6.70661,22.0866,1
shiporig,6.70975,22.0635,1
shiporig,6.73563,22.0404,1
shiporig,6.74462,22.0174,1
shiporig,6.75519,21.9944,1
shiporig,6.8006,21.9714,1
shiporig,6.84815,21.9484,1
shiporig,6.92913,21.9255,1
shiporig,6.9304,21.9007,1
shiporig,6.95022,21.8778,1
shiporig,6.95346,21.8535,1
shiporig,6.97874,21.8307,1
shiporig,7.01946,21.8078,1
shiporig,7.03815,21.785,1
shiporig,7.0396,21.7621,1
shiporig,7.05256,21.7394,1
shiporig,7.0834,21.7166,1
shiporig,7.10186,21.6939,1
shiporig,7.12802,21.6712,1
shiporig,7.13062,21.6485,1
shiporig,7.14154,21.6259,1
shiporig,7.16211,21.6033,1
shiporig,7.19597,21.5807,1
shiporig,7.20206,21.5581,1
shiporig,7.20674,21.5355,1
shiporig,7.26456,21.5146,1
shiporig,7.28998,21.4921,1
shiporig,7.31081,21.4696,1
shiporig,7.31943,21.4471,1
shiporig,7.32617,21.4247,1
shiporig,7.34789,21.4023,1
shiporig,7.37289,21.3798,1
shiporig,7.37821,21.3575,1
shiporig,7.4165,21.3351,1
shiporig,7.43705,21.3128,1
shiporig,7.46621,21.2905,1
shiporig,7.49221,21.2682,1
shiporig,7.53379,21.2459,1
shiporig,7.56205,21.2237,1
shiporig,7.58256,21.2014,1
shiporig,7.58414,21.1792,1
shiporig,7.58573,21.1565,1
shiporig,7.59525,21.1344,1
shiporig,7.62115,21.1123,1
shiporig,7.6401,21.0901,1
shiporig,7.65975,21.0681,1
shiporig,7.66375,21.046,1
shiporig,7.68997,21.0239,1
shiporig,7.69624,21.0019,1
shiporig,7.70075,20.9799,1
shiporig,7.70716,20.9579,1
shiporig,7.74165,20.936,1
shiporig,7.82112,20.914,1
shiporig,7.84878,20.8921,1
shiporig,7.86479,20.8702,1
shiporig,7.87708,20.8484,1
shiporig,7.88195,20.8265,1
shiporig,7.90415,20.8047,1
shiporig,7.91633,20.7829,1
shiporig,7.94133,20.7607,1
shiporig,7.95844,20.7389,1
shiporig,7.97191,20.7172,1
shiporig,7.99724,20.6954,1
shiporig,8.01906,20.6738,1
shiporig,8.04643,20.6521,1
shiporig,8.05031,20.6296,1
shiporig,8.07734,20.608,1
shiporig,8.16273,20.5864,1
shiporig,8.20965,20.5648,1
shiporig,8.24635,20.5432,1
shiporig,8.24751,20.5203,1
shiporig,8.25926,20.4987,1
shiporig,8.26323,20.4772,1
shiporig,8.27405,20.4558,1
shiporig,8.2783,20.4343,1
shiporig,8.29399,20.4129,1
shiporig,8.31874,20.3915,1
shiporig,8.32038,20.3701,1
shiporig,8.35273,20.3487,1
shiporig,8.35397,20.3272,1
shiporig,8.35548,20.3046,1
shiporig,8.36825,20.2833,1
shiporig,8.3886,20.262,1
shiporig,8.40276,20.2407,1
shiporig,8.44412,20.2195,1
shiporig,8.44551,20.198,1
shiporig,8.45709,20.1768,1
shiporig,8.48015,20.1557,1
shiporig,8.48574,20.1345,1
shiporig,8.51734,20.1134,1
shiporig,8.52472,20.0923,1
shiporig,8.53347,20.0712,1
shiporig,8.54302,20.0501,1
shiporig,8.55872,20.0291,1
shiporig,8.5766,20.008,1
shiporig,8.58344,19.987,1
shiporig,8.60292,19.966,1
shiporig,8.63056,19.9451,1
shiporig,8.6429,19.9241,1
shiporig,8.6512,19.9032,1
shiporig,8.66579,19.8823,1
shiporig,8.6919,19.8614,1
shiporig,8.70675,19.8406,1
shiporig,8.72796,19.8197,1
shiporig,8.75096,19.7989,1
shiporig,8.77287,19.7781,1
shiporig,8.77697,19.7573,1
shiporig,8.78591,19.7366,1
shiporig,8.79635,19.7158,1
shiporig,8.80384,19.6951,1
shiporig,8.83276,19.6766,1
shiporig,8.85437,19.6559,1
shiporig,8.85975,19.6353,1
shiporig,8.86887,19.6146,1
shiporig,8.88163,19.594,1
shiporig,8.89931,19.5734,1
shiporig,8.91034,19.5528,1
shiporig,8.9152,19.5323,1
shiporig,8.92749,19.5118,1
shiporig,8.94202,19.4912,1
shiporig,8.97474,19.4707,1
shiporig,8.99356,19.4503,1
shiporig,9.00232,19.4298,1
shiporig,9.01484,19.4094,1
shiporig,9.02207,19.389,1
shiporig,9.04462,19.3686,1
shiporig,9.0713,19.3482,1
shiporig,9.07728,19.3279,1
shiporig,9.07982,19.3076,1
shiporig,9.0949,19.2872,1
shiporig,9.1047,19.267,1
shiporig,9.10984,19.2465,1
shiporig,9.12868,19.2263,1
shiporig,9.13015,19.2048,1
shiporig,9.1388,19.1846,1
shiporig,9.14808,19.1645,1
shiporig,9.15943,19.1443,1
shiporig,9.17595,19.1241,1
shiporig,9.17881,19.104,1
shiporig,9.18778,19.0839,1
shiporig,9.19298,19.0638,1
shiporig,9.2233,19.0438,1
shiporig,9.22559,19.0237,1
shiporig,9.29982,19.0037,1
shiporig,9.30003,18.9997,1
shiporig,9.32811,18.9797,1
shiporig,9.32961,18.9598,1
shiporig,9.33164,18.9398,1
shiporig,9.34303,18.9199,1
shiporig,9.42756,18.8999,1
shiporig,9.43819,18.88,1
shiporig,9.44662,18.8602,1
shiporig,9.47632,18.8403,1
shiporig,9.50845,18.8205,1
shiporig,9.54468,18.8006,1
shiporig,9.57306,18.7808,1
shiporig,9.60296,18.7611,1
shiporig,9.61267,18.7413,1
shiporig,9.6337,18.7216,1
shiporig,9.77531,18.6993,1
shiporig,9.79722,18.6796,1
shiporig,9.83695,18.6599,1
shiporig,9.88023,18.6402,1
shiporig,9.89443,18.6206,1
shiporig,9.90597,18.601,1
shiporig,9.91512,18.5814,1
shiporig,9.92602,18.5618,1
shiporig,9.93054,18.5422,1
shiporig,9.94847,18.5227,1
shiporig,9.9777,18.5036,1
shiporig,10.001,18.4841,1
shiporig,10.0081,18.4646,1
shiporig,10.0136,18.4451,1
shiporig,10.0271,18.4257,1
shiporig,10.0496,18.4062,1
shiporig,10.0593,18.3868,1
shiporig,10.0702,18.3674,1
shiporig,10.0864,18.3481,1
shiporig,10.0905,18.3287,1
shiporig,10.0906,18.3287,1
shiporig,10.0986,18.3094,1
shiporig,10.1271,18.2901,1
shiporig,10.1306,18.2708,1
shiporig,10.152,18.2515,1
shiporig,10.1538,18.2307,1
shiporig,10.1551,18.2108,1
shiporig,10.1667,18.1916,1
shiporig,10.2141,18.1724,1
shiporig,10.2222,18.1532,1
shiporig,10.246,18.1341,1
shiporig,10.2536,18.1149,1
shiporig,10.263,18.0958,1
shiporig,10.2805,18.0767,1
shiporig,10.3005,18.0577,1
shiporig,10.3047,18.0386,1
shiporig,10.3158,18.0196,1
shiporig,10.3279,18.0005,1
shiporig,10.3508,17.9817,1
shiporig,10.3795,17.9627,1
shiporig,10.407,17.9437,1
shiporig,10.4101,17.9248,1
shiporig,10.4582,17.9059,1
shiporig,10.4601,17.8869,1
shiporig,10.4936,17.868,1
shiporig,10.5028,17.8492,1
shiporig,10.5129,17.8303,1
shiporig,10.5218,17.8115,1
shiporig,10.5342,17.7927,1
shiporig,10.5433,17.7739,1
shiporig,10.5527,17.7551,1
shiporig,10.5666,17.7364,1
shiporig,10.5828,17.7176,1
shiporig,10.5906,17.6989,1
shiporig,10.6253,17.6802,1
shiporig,10.6732,17.6616,1
shiporig,10.7005,17.6429,1
shiporig,10.7598,17.6243,1
shiporig,10.7619,17.6056,1
shiporig,10.7636,17.5865,1
shiporig,10.7689,17.568,1
shiporig,10.7969,17.5494,1
shiporig,10.8159,17.5308,1
shiporig,10.8345,17.5123,1
shiporig,10.8435,17.4938,1
shiporig,10.8561,17.4753,1
shiporig,10.8644,17.4568,1
shiporig,10.8703,17.4384,1
shiporig,10.8705,17.4285,1
shiporig,10.8833,17.41,1
shiporig,10.8929,17.3916,1
shiporig,10.9055,17.3732,1
shiporig,10.9138,17.3549,1
shiporig,10.9282,17.3365,1
shiporig,10.93,17.3182,1
shiporig,10.9403,17.2999,1
shiporig,10.9524,17.2816,1
shiporig,10.9546,17.2633,1
shiporig,10.9637,17.245,1
shiporig,10.9871,17.2268,1
shiporig,10.9931,17.2085,1
shiporig,11.0216,17.1903,1
shiporig,11.0362,17.1721,1
shiporig,11.0458,17.154,1
shiporig,11.0572,17.1358,1
shiporig,11.0688,17.1177,1
shiporig,11.0777,17.0996,1
shiporig,11.0888,17.0815,1
shiporig,11.1057,17.0634,1
shiporig,11.1178,17.0453,1
shiporig,11.1334,17.0273,1
shiporig,11.1437,17.0092,1
shiporig,11.1632,16.9912,1
shiporig,11.1727,16.9732,1
shiporig,11.182,16.9553,1
shiporig,11.1842,16.9373,1
shiporig,11.2131,16.9194,1
shiporig,11.227,16.9015,1
shiporig,11.245,16.8836,1
shiporig,11.2559,16.8657,1
shiporig,11.2642,16.8478,1
shiporig,11.2752,16.83,1
shiporig,11.2829,16.8121,1
shiporig,11.2933,16.7943,1
shiporig,11.2962,16.7765,1
shiporig,11.3053,16.7588,1
shiporig,11.3194,16.741,1
shiporig,11.3293,16.7233,1
shiporig,11.3361,16.7055,1
shiporig,11.3468,16.6878,1
shiporig,11.3505,16.6701,1
shiporig,11.3637,16.6525,1
shiporig,11.3772,16.6348,1
shiporig,11.3933,16.6172,1
shiporig,11.4185,16.5996,1
shiporig,11.4311,16.582,1
shiporig,11.4368,16.5644,1
shiporig,11.4463,16.5468,1
shiporig,11.451,16.5293,1
shiporig,11.4725,16.5117,1
shiporig,11.4829,16.4942,1
shiporig,11.4915,16.4767,1
shiporig,11.5097,16.4593,1
shiporig,11.5307,16.4418,1
shiporig,11.5406,16.4244,1
shiporig,11.546,16.4069,1
shiporig,11.5562,16.3895,1
shiporig,11.5635,16.3721,1
shiporig,11.5744,16.3548,1
shiporig,11.5796,16.3374,1
shiporig,11.5891,16.3201,1
shiporig,11.5968,16.3028,1
shiporig,11.6056,16.2854,1
shiporig,11.6119,16.2682,1
shiporig,11.6232,16.2509,1
shiporig,11.6345,16.2336,1
shiporig,11.6485,16.2164,1
shiporig,11.6712,16.1992,1
shiporig,11.6732,16.182,1
shiporig,11.6826,16.1648,1
shiporig,11.698,16.1476,1
shiporig,11.7076,16.1305,1
shiporig,11.7354,16.1134,1
shiporig,11.7441,16.0963,1
shiporig,11.7598,16.0792,1
shiporig,11.7694,16.0621,1
shiporig,11.8046,16.045,1
shiporig,11.8168,16.028,1
shiporig,11.8289,16.0109,1
shiporig,11.8444,15.9939,1
shiporig,11.8586,15.9769,1
shiporig,11.8766,15.96,1
shiporig,11.8832,15.943,1
shiporig,11.8963,15.9261,1
shiporig,11.9081,15.9091,1
shiporig,11.9173,15.8922,1
shiporig,11.9341,15.8753,1
shiporig,11.9604,15.8585,1
shiporig,11.9716,15.8416,1
shiporig,11.9855,15.8248,1
shiporig,12.0142,15.8079,1
shiporig,12.0268,15.7911,1
shiporig,12.0364,15.7743,1
shiporig,12.0466,15.7576,1
shiporig,12.0567,15.7408,1
shiporig,12.0705,15.7241,1
shiporig,12.0821,15.7073,1
shiporig,12.0919,15.6906,1
shiporig,12.1,15.6739,1
shiporig,12.1073,15.6573,1
shiporig,12.1214,15.6406,1
shiporig,12.1369,15.624,1
shiporig,12.1459,15.6073,1
shiporig,12.1605,15.5907,1
shiporig,12.1723,15.5741,1
shiporig,12.176,15.5576,1
shiporig,12.188,15.541,1
shiporig,12.2151,15.5245,1
shiporig,12.2254,15.5079,1
shiporig,12.2301,15.4914,1
shiporig,12.2394,15.4749,1
shiporig,12.2476,15.4585,1
shiporig,12.2603,15.4403,1
shiporig,12.2705,15.4239,1
shiporig,12.2973,15.4075,1
shiporig,12.3074,15.3911,1
shiporig,12.3173,15.3747,1
shiporig,12.3218,15.3583,1
shiporig,12.3292,15.342,1
shiporig,12.3392,15.3256,1
shiporig,12.3545,15.3093,1
shiporig,12.3719,15.293,1
shiporig,12.3942,15.2767,1
shiporig,12.4043,15.2604,1
shiporig,12.4154,15.2441,1
shiporig,12.4444,15.2279,1
shiporig,12.4552,15.2117,1
shiporig,12.4691,15.1955,1
shiporig,12.4794,15.1793,1
shiporig,12.5593,15.1631,1
shiporig,12.5662,15.1468,1
shiporig,12.5936,15.1307,1
shiporig,12.6078,15.1145,1
shiporig,12.6198,15.0984,1
shiporig,12.6319,15.0823,1
shiporig,12.6396,15.0662,1
shiporig,12.6612,15.0502,1
shiporig,12.6728,15.0341,1
shiporig,12.7016,15.0181,1
shiporig,12.7309,15.0052,1
shiporig,12.7395,14.9892,1
shiporig,12.7489,14.9732,1
shiporig,12.7644,14.9572,1
shiporig,12.7794,14.9413,1
shiporig,12.8038,14.9253,1
shiporig,12.8106,14.9094,1
shiporig,12.8224,14.8935,1
shiporig,12.8505,14.8776,1
shiporig,12.8565,14.8617,1
shiporig,12.8845,14.8459,1
shiporig,12.8991,14.83,1
shiporig,12.9061,14.8142,1
shiporig,12.929,14.7984,1
shiporig,12.9581,14.7826,1
shiporig,12.9637,14.7668,1
shiporig,12.9759,14.751,1
shiporig,12.9861,14.7353,1
shiporig,12.9966,14.7195,1
shiporig,13.0109,14.7038,1
shiporig,13.017,14.6881,1
shiporig,13.0172,14.6797,1
shiporig,13.0317,14.664,1
shiporig,13.0523,14.6483,1
shiporig,13.0586,14.6327,1
shiporig,13.0874,14.6171,1
shiporig,13.3315,14.6015,1
shiporig,13.3405,14.5858,1
shiporig,13.348,14.5703,1
shiporig,13.355,14.5547,1
shiporig,13.3624,14.5391,1
shiporig,13.3759,14.5236,1
shiporig,13.3822,14.5081,1
shiporig,13.3932,14.4926,1
shiporig,13.4049,14.4771,1
shiporig,13.4163,14.4616,1
shiporig,13.4298,14.4461,1
shiporig,13.4481,14.4307,1
shiporig,13.4625,14.4153,1
shiporig,13.4728,14.3998,1
shiporig,13.4785,14.3844,1
shiporig,13.5756,14.3691,1
shiporig,13.5875,14.3537,1
shiporig,13.6017,14.3384,1
shiporig,13.6133,14.323,1
shiporig,13.6304,14.3077,1
shiporig,13.6367,14.2924,1
shiporig,13.6443,14.2771,1
shiporig,13.6605,14.2618,1
shiporig,13.7176,14.2466,1
shiporig,13.7298,14.2313,1
shiporig,13.7403,14.2161,1
shiporig,13.7489,14.2009,1
shiporig,13.7565,14.1857,1
shiporig,13.7633,14.1705,1
shiporig,13.7708,14.1553,1
shiporig,13.7848,14.1401,1
shiporig,13.796,14.125,1
shiporig,13.8319,14.1099,1
shiporig,13.8395,14.0948,1
shiporig,13.8605,14.0797,1
shiporig,13.8691,14.0646,1
shiporig,13.8811,14.0495,1
shiporig,13.8886,14.0345,1
shiporig,13.9005,14.0194,1
shiporig,13.925,14.0044,1
shiporig,13.9454,13.9894,1
shiporig,13.9519,13.9744,1
shiporig,13.9631,13.9595,1
shiporig,13.9761,13.9445,1
shiporig,13.9862,13.9296,1
shiporig,14.0025,13.9146,1
shiporig,14.0195,13.8997,1
shiporig,14.0327,13.8848,1
shiporig,14.0436,13.8699,1
shiporig,14.0514,13.8551,1
shiporig,14.0586,13.8402,1
shiporig,14.0588,13.8322,1
shiporig,14.0711,13.8174,1
shiporig,14.089,13.8026,1
shiporig,14.0966,13.7878,1
shiporig,14.1097,13.773,1
shiporig,14.1166,13.7582,1
shiporig,14.1252,13.7435,1
shiporig,14.1403,13.7287,1
shiporig,14.1491,13.714,1
shiporig,14.1592,13.6993,1
shiporig,14.168,13.6846,1
shiporig,14.1802,13.6699,1
shiporig,14.1857,13.6552,1
shiporig,14.1928,13.6406,1
shiporig,14.2053,13.6259,1
shiporig,14.2125,13.6113,1
shiporig,14.2203,13.5967,1
shiporig,14.2376,13.5821,1
shiporig,14.2528,13.5675,1
shiporig,14.273,13.5529,1
shiporig,14.2814,13.5384,1
shiporig,14.2936,13.5239,1
shiporig,14.3001,13.5093,1
shiporig,14.3155,13.4948,1
shiporig,14.3246,13.4803,1
shiporig,14.3406,13.4658,1
shiporig,14.3511,13.4514,1
shiporig,14.3641,13.4369,1
shiporig,14.372,13.4225,1
shiporig,14.3884,13.4081,1
shiporig,14.4054,13.3937,1
shiporig,14.4161,13.3793,1
shiporig,14.4388,13.3649,1
shiporig,14.452,13.3505,1
shiporig,14.4643,13.3362,1
shiporig,14.4788,13.3218,1
shiporig,14.4863,13.3075,1
shiporig,14.4954,13.2932,1
shiporig,14.4956,13.2855,1
shiporig,14.5035,13.2713,1
shiporig,14.5127,13.257,1
shiporig,14.5259,13.2427,1
shiporig,14.5434,13.2285,1
shiporig,14.5888,13.2143,1
shiporig,14.5986,13.2,1
shiporig,14.6057,13.1858,1
shiporig,14.6139,13.1717,1
shiporig,14.6337,13.1575,1
shiporig,14.6467,13.1433,1
shiporig,14.6548,13.1292,1
shiporig,14.6679,13.1151,1
shiporig,14.6847,13.1009,1
shiporig,14.6926,13.0868,1
shiporig,14.7086,13.0728,1
shiporig,14.7255,13.0587,1
shiporig,14.7331,13.0446,1
shiporig,14.7626,13.0306,1
shiporig,14.7687,13.0165,1
shiporig,14.7829,13.0025,1
shiporig,14.794,12.9885,1
shiporig,14.8087,12.9745,1
shiporig,14.8277,12.9606,1
shiporig,14.8363,12.9466,1
shiporig,14.8581,12.9327,1
shiporig,14.886,12.9195,1
shiporig,14.9156,12.9056,1
shiporig,14.9212,12.8917,1
shiporig,14.9296,12.8778,1
shiporig,14.9384,12.8639,1
shiporig,14.9483,12.85,1
shiporig,14.9547,12.8362,1
shiporig,14.9671,12.8223,1
shiporig,14.9826,12.8085,1
shiporig,15.003,12.7947,1
shiporig,15.0147,12.7809,1
shiporig,15.0205,12.7671,1
shiporig,15.0281,12.7534,1
shiporig,15.0463,12.7396,1
shiporig,15.0686,12.7259,1
shiporig,15.0755,12.7121,1
shiporig,15.0853,12.6984,1
shiporig,15.093,12.6847,1
shiporig,15.1102,12.6711,1
shiporig,15.141,12.6574,1
shiporig,15.1489,12.6437,1
shiporig,15.1666,12.6301,1
shiporig,15.1911,12.6164,1
shiporig,15.1982,12.6028,1
shiporig,15.2153,12.5892,1
shiporig,15.2248,12.5756,1
shiporig,15.2339,12.5621,1
shiporig,15.2503,12.5485,1
shiporig,15.2653,12.535,1
shiporig,15.281,12.5214,1
shiporig,15.2904,12.5079,1
shiporig,15.3182,12.4944,1
shiporig,15.3275,12.4809,1
shiporig,15.3366,12.4674,1
shiporig,15.3459,12.4539,1
shiporig,15.358,12.4405,1
shiporig,15.3742,12.4271,1
shiporig,15.3827,12.4136,1
shiporig,15.3995,12.4002,1
shiporig,15.4243,12.3868,1
shiporig,15.4404,12.3734,1
shiporig,15.4503,12.3601,1
shiporig,15.4659,12.3467,1
shiporig,15.4811,12.3333,1
shiporig,15.4962,12.32,1
shiporig,15.5032,12.3067,1
shiporig,15.5197,12.2934,1
shiporig,15.5323,12.2801,1
shiporig,15.5456,12.2668,1
shiporig,15.554,12.2535,1
shiporig,15.5603,12.2403,1
shiporig,15.5687,12.227,1
shiporig,15.5914,12.2138,1
shiporig,15.6041,12.2006,1
shiporig,15.6155,12.1874,1
shiporig,15.6282,12.1742,1
shiporig,15.6372,12.161,1
shiporig,15.6558,12.1479,1
shiporig,15.6682,12.1347,1
shiporig,15.6779,12.1216,1
shiporig,15.6815,12.1085,1
shiporig,15.6921,12.0954,1
shiporig,15.7012,12.0823,1
shiporig,15.7263,12.0692,1
shiporig,15.7481,12.0561,1
shiporig,15.8043,12.0431,1
shiporig,15.8247,12.03,1
shiporig,15.8401,12.017,1
shiporig,15.8503,12.004,1
shiporig,15.8532,11.9909,1
shiporig,15.8692,11.978,1
shiporig,15.8787,11.965,1
shiporig,15.8995,11.952,1
shiporig,15.9106,11.9391,1
shiporig,15.9226,11.9261,1
shiporig,15.9304,11.9132,1
shiporig,15.9359,11.9003,1
shiporig,15.9559,11.8874,1
shiporig,15.9726,11.8745,1
shiporig,15.9928,11.8616,1
shiporig,16.0058,11.8488,1
shiporig,16.0173,11.8359,1
shiporig,16.0364,11.8231,1
shiporig,16.0437,11.8103,1
shiporig,16.0472,11.7974,1
shiporig,16.0555,11.7846,1
shiporig,16.0722,11.7719,1
shiporig,16.0804,11.7591,1
shiporig,16.0985,11.7463,1
shiporig,16.1103,11.7336,1
shiporig,16.1227,11.7208,1
shiporig,16.1394,11.7081,1
shiporig,16.159,11.6954,1
shiporig,16.1715,11.6827,1
shiporig,16.1922,11.67,1
shiporig,16.1989,11.6574,1
shiporig,16.2117,11.6447,1
shiporig,16.2317,11.6321,1
shiporig,16.2528,11.6194,1
shiporig,16.27,11.6068,1
shiporig,16.2801,11.5942,1
shiporig,16.2986,11.5816,1
shiporig,16.3172,11.569,1
shiporig,16.3258,11.5565,1
shiporig,16.3536,11.5439,1
shiporig,16.3701,11.5314,1
shiporig,16.3873,11.5188,1
shiporig,16.3963,11.5063,1
shiporig,16.4035,11.4938,1
shiporig,16.4213,11.4813,1
shiporig,16.4387,11.4688,1
shiporig,16.4565,11.4564,1
shiporig,16.4648,11.4439,1
shiporig,16.4901,11.4315,1
shiporig,16.4959,11.419,1
shiporig,16.5068,11.4066,1
shiporig,16.5138,11.3942,1
shiporig,16.5247,11.3818,1
shiporig,16.5315,11.3694,1
shiporig,16.5433,11.3571,1
shiporig,16.5508,11.3447,1
shiporig,16.5608,11.3324,1
shiporig,16.5803,11.32,1
shiporig,16.6057,11.3077,1
shiporig,16.624,11.2954,1
shiporig,16.6765,11.2831,1
shiporig,16.6941,11.2708,1
shiporig,16.7097,11.2586,1
shiporig,16.7288,11.2463,1
shiporig,16.7439,11.234,1
shiporig,16.7569,11.2218,1
shiporig,16.7656,11.2096,1
shiporig,16.7733,11.1974,1
shiporig,16.7832,11.1852,1
shiporig,16.7902,11.173,1
shiporig,16.7979,11.1608,1
shiporig,16.8087,11.148,1
shiporig,16.8088,11.148,1
shiporig,16.8189,11.1358,1
shiporig,16.8261,11.1237,1
shiporig,16.8332,11.1116,1
shiporig,16.8534,11.0995,1
shiporig,16.8667,11.0874,1
shiporig,16.8935,11.0753,1
shiporig,16.9198,11.0632,1
shiporig,16.9292,11.0511,1
shiporig,16.9526,11.0391,1
shiporig,16.9645,11.027,1
shiporig,16.9838,11.015,1
shiporig,17.0035,11.003,1
shiporig,17.0239,10.991,1
shiporig,17.0439,10.979,1
shiporig,17.0641,10.967,1
shiporig,17.0772,10.9551,1
shiporig,17.0976,10.9431,1
shiporig,17.1176,10.9312,1
shiporig,17.1384,10.9192,1
shiporig,17.1449,10.9073,1
shiporig,17.1646,10.8954,1
shiporig,17.1887,10.8835,1
shiporig,17.2121,10.8716,1
shiporig,17.2209,10.8597,1
shiporig,17.2356,10.8479,1
shiporig,17.2521,10.836,1
shiporig,17.2725,10.8242,1
shiporig,17.2825,10.8124,1
shiporig,17.3044,10.8006,1
shiporig,17.324,10.7888,1
shiporig,17.3439,10.777,1
shiporig,17.3666,10.7652,1
shiporig,17.377,10.7534,1
shiporig,17.3943,10.7417,1
shiporig,17.417,10.7299,1
shiporig,17.4316,10.7182,1
shiporig,17.4407,10.7065,1
shiporig,17.4499,10.6948,1
shiporig,17.4576,10.6831,1
shiporig,17.4681,10.6714,1
shiporig,17.4824,10.6597,1
shiporig,17.4962,10.6481,1
shiporig,17.5182,10.6364,1
shiporig,17.5441,10.6248,1
shiporig,17.5653,10.6132,1
shiporig,17.5707,10.6016,1
shiporig,17.5796,10.59,1
shiporig,17.6018,10.5784,1
shiporig,17.6259,10.5668,1
shiporig,17.636,10.5552,1
shiporig,17.6547,10.5437,1
shiporig,17.6777,10.5321,1
shiporig,17.6988,10.5206,1
shiporig,17.7254,10.5112,1
shiporig,17.733,10.4997,1
shiporig,17.7471,10.4882,1
shiporig,17.7754,10.4767,1
shiporig,17.7966,10.4652,1
shiporig,17.8033,10.4538,1
shiporig,17.83,10.4423,1
shiporig,17.8459,10.4309,1
shiporig,17.8631,10.4195,1
shiporig,17.8719,10.408,1
shiporig,17.8781,10.3966,1
shiporig,17.888,10.3852,1
shiporig,17.9214,10.3738,1
shiporig,17.936,10.3625,1
shiporig,17.9608,10.3511,1
shiporig,17.9877,10.3399,1
shiporig,18.0116,10.3285,1
shiporig,18.0177,10.3172,1
shiporig,18.0411,10.3059,1
shiporig,18.0462,10.2946,1
shiporig,18.0538,10.2833,1
shiporig,18.0698,10.272,1
shiporig,18.093,10.2607,1
shiporig,18.1143,10.2495,1
shiporig,18.1399,10.2382,1
shiporig,18.1718,10.227,1
shiporig,18.1828,10.2157,1
shiporig,18.1978,10.2045,1
shiporig,18.215,10.1933,1
shiporig,18.2269,10.1821,1
shiporig,18.2885,10.1709,1
shiporig,18.3222,10.1598,1
shiporig,18.3484,10.1511,1
shiporig,18.367,10.1399,1
shiporig,18.3905,10.1288,1
shiporig,18.4148,10.1177,1
shiporig,18.4391,10.1065,1
shiporig,18.4474,10.0954,1
shiporig,18.4735,10.0914,1
shiporig,18.4849,10.0803,1
shiporig,18.5111,10.0717,1
shiporig,18.5393,10.0606,1
shiporig,18.5652,10.0536,1
shiporig,18.5707,10.0426,1
shiporig,18.578,10.0315,1
shiporig,18.5849,10.0205,1
shiporig,18.592,10.0095,1
shiporig,18.5947,9.99838,1
shiporig,18.6239,9.98739,1
shiporig,18.6545,9.9764,1
shiporig,18.66,9.96542,1
shiporig,18.6856,9.95691,1
shiporig,18.7202,9.94595,1
shiporig,18.752,9.93501,1
shiporig,18.77,9.92407,1
shiporig,18.7959,9.91315,1
shiporig,18.8063,9.90223,1
shiporig,18.831,9.89189,1
shiporig,18.8651,9.881,1
shiporig,18.8844,9.87012,1
shiporig,18.92,9.85925,1
shiporig,18.9286,9.84839,1
shiporig,18.9455,9.83754,1
shiporig,18.9549,9.8267,1
shiporig,18.9799,9.81587,1
shiporig,18.9968,9.80506,1
shiporig,19.0079,9.79425,1
shiporig,19.0152,9.78346,1
shiporig,19.046,9.77267,1
shiporig,19.0766,9.7619,1
shiporig,19.1024,9.75416,1
shiporig,19.1105,9.7434,1
shiporig,19.1192,9.73266,1
shiporig,19.124,9.72189,1
shiporig,19.1503,9.71117,1
shiporig,19.1803,9.70045,1
shiporig,19.191,9.68975,1
shiporig,19.2414,9.67906,1
shiporig,19.2668,9.6723,1
shiporig,19.2845,9.66163,1
shiporig,19.2876,9.65096,1
shiporig,19.3036,9.64031,1
shiporig,19.3117,9.62967,1
shiporig,19.3389,9.62471,1
shiporig,19.3499,9.61408,1
shiporig,19.3583,9.60347,1
shiporig,19.3887,9.59286,1
shiporig,19.4018,9.58227,1
shiporig,19.411,9.57169,1
shiporig,19.4199,9.56112,1
shiporig,19.4471,9.55055,1
shiporig,19.4754,9.54016,1
shiporig,19.5017,9.52962,1
shiporig,19.513,9.51909,1
shiporig,19.5451,9.50857,1
shiporig,19.5577,9.49807,1
shiporig,19.6045,9.48757,1
shiporig,19.6313,9.47708,1
shiporig,19.6488,9.4666,1
shiporig,19.675,9.45679,1
shiporig,19.6845,9.44633,1
shiporig,19.705,9.43589,1
shiporig,19.7306,9.43031,1
shiporig,19.7469,9.41988,1
shiporig,19.7568,9.40946,1
shiporig,19.7745,9.39905,1
shiporig,19.7821,9.38865,1
shiporig,19.7993,9.37826,1
shiporig,19.8129,9.36788,1
shiporig,19.8281,9.35751,1
shiporig,19.8647,9.34716,1
shiporig,19.891,9.33998,1
shiporig,19.9166,9.3338,1
shiporig,19.9449,9.32349,1
shiporig,19.9506,9.31317,1
shiporig,19.9733,9.30286,1
shiporig,20.0004,9.30166,1
shiporig,20.0059,9.29136,1
shiporig,20.0146,9.28107,1
shiporig,20.0248,9.27079,1
shiporig,20.0324,9.26052,1
shiporig,20.0471,9.25026,1
shiporig,20.0981,9.2422,1
shiporig,20.1089,9.23195,1
shiporig,20.1154,9.22172,1
shiporig,20.1301,9.2115,1
shiporig,20.1328,9.20129,1
shiporig,20.1393,9.19109,1
shiporig,20.1897,9.18395,1
shiporig,20.1956,9.17376,1
shiporig,20.2129,9.16359,1
shiporig,20.2262,9.15343,1
shiporig,20.2547,9.1434,1
shiporig,20.2603,9.13325,1
shiporig,20.2661,9.12312,1
shiporig,20.293,9.11733,1
shiporig,20.3187,9.11113,1
shiporig,20.3244,9.10102,1
shiporig,20.3762,9.09289,1
shiporig,20.4009,9.0828,1
shiporig,20.409,9.07272,1
shiporig,20.4149,9.06264,1
shiporig,20.4214,9.05258,1
shiporig,20.4336,9.04253,1
shiporig,20.4496,9.03249,1
shiporig,20.4605,9.02245,1
shiporig,20.535,9.01243,1
shiporig,20.5461,9.00242,1
shiporig,20.5703,8.99525,1
shiporig,20.5809,8.98525,1
shiporig,20.5907,8.97527,1
shiporig,20.6166,8.97231,1
shiporig,20.6237,8.96233,1
shiporig,20.6492,8.95576,1
shiporig,20.6612,8.94581,1
shiporig,20.669,8.93586,1
shiporig,20.6717,8.92593,1
shiporig,20.678,8.916,1
shiporig,20.7414,8.90608,1
shiporig,20.7686,8.89618,1
shiporig,20.7853,8.88628,1
shiporig,20.89,8.8837,1
shiporig,20.9009,8.87382,1
shiporig,20.9075,8.86395,1
shiporig,20.9228,8.85408,1
shiporig,20.9673,8.84423,1
shiporig,20.9874,8.83439,1
shiporig,21.0386,8.82654,1
shiporig,21.0641,8.8221,1
shiporig,21.0812,8.81228,1
shiporig,21.1248,8.80247,1
shiporig,21.1395,8.79267,1
shiporig,21.1471,8.78287,1
shiporig,21.1585,8.77309,1
shiporig,21.1986,8.76332,1
shiporig,21.2049,8.75356,1
shiporig,21.2178,8.7438,1
shiporig,21.2352,8.73406,1
shiporig,21.2466,8.72432,1
shiporig,21.3238,8.71546,1
shiporig,21.3715,8.70574,1
shiporig,21.3971,8.69724,1
shiporig,21.4222,8.68754,1
shiporig,21.4309,8.67786,1
shiporig,21.4372,8.66818,1
shiporig,21.4439,8.65851,1
shiporig,21.4582,8.64885,1
shiporig,21.4697,8.6392,1
shiporig,21.4777,8.62956,1
shiporig,21.484,8.61993,1
shiporig,21.496,8.61031,1
shiporig,21.5026,8.6007,1
shiporig,21.5227,8.5911,1
shiporig,21.529,8.58151,1
shiporig,21.5399,8.57193,1
shiporig,21.5532,8.56236,1
shiporig,21.5705,8.5528,1
shiporig,21.5963,8.54529,1
shiporig,21.6204,8.53574,1
shiporig,21.6327,8.5262,1
shiporig,21.6585,8.52111,1
shiporig,21.6687,8.51159,1
shiporig,21.6792,8.50208,1
shiporig,21.6873,8.49257,1
shiporig,21.7019,8.48308,1
shiporig,21.7272,8.4782,1
shiporig,21.7777,8.46873,1
shiporig,21.8033,8.46589,1
shiporig,21.8103,8.45643,1
shiporig,21.8228,8.44697,1
shiporig,21.8444,8.43752,1
shiporig,21.8572,8.42808,1
shiporig,21.871,8.41866,1
shiporig,21.8844,8.40924,1
shiporig,21.8949,8.39983,1
shiporig,21.9133,8.39043,1
shiporig,21.92,8.38104,1
shiporig,21.9287,8.37166,1
shiporig,21.9355,8.36229,1
shiporig,21.9446,8.35292,1
shiporig,21.9514,8.34357,1
shiporig,21.9684,8.33423,1
shiporig,21.9837,8.32489,1
shiporig,21.9946,8.31557,1
shiporig,22.0091,8.30625,1
shiporig,22.0334,8.29695,1
shiporig,22.0589,8.29264,1
shiporig,22.0768,8.28335,1
shiporig,22.1005,8.27407,1
shiporig,22.1253,8.26812,1
shiporig,22.14,8.25885,1
shiporig,22.1486,8.24959,1
shiporig,22.1738,8.2415,1
shiporig,22.1861,8.23226,1
shiporig,22.2621,8.22348,1
shiporig,22.2679,8.21426,1
shiporig,22.2866,8.20505,1
shiporig,22.2935,8.19584,1
shiporig,22.3121,8.18662,1
shiporig,22.3627,8.18322,1
shiporig,22.3737,8.17404,1
shiporig,22.3892,8.16487,1
shiporig,22.3984,8.1557,1
shiporig,22.407,8.14654,1
shiporig,22.435,8.1374,1
shiporig,22.4418,8.12827,1
shiporig,22.4679,8.12522,1
shiporig,22.4925,8.12052,1
shiporig,22.5086,8.1114,1
shiporig,22.5261,8.10229,1
shiporig,22.6316,8.10178,1
shiporig,22.6476,8.09267,1
shiporig,22.6585,8.08358,1
shiporig,22.6655,8.0745,1
shiporig,22.7164,8.06733,1
shiporig,22.7334,8.05826,1
shiporig,22.7497,8.0492,1
shiporig,22.7551,8.04015,1
shiporig,22.7769,8.03111,1
shiporig,22.7868,8.02208,1
shiporig,22.8053,8.01306,1
shiporig,22.8153,8.00404,1
shiporig,22.8228,7.99504,1
shiporig,22.8304,7.98605,1
shiporig,22.8378,7.97706,1
shiporig,22.8584,7.96808,1
shiporig,22.8789,7.95911,1
shiporig,22.8963,7.95016,1
shiporig,22.9221,7.94673,1
shiporig,22.9723,7.94135,1
shiporig,22.9813,7.93241,1
shiporig,22.9889,7.92347,1
shiporig,22.9958,7.91455,1
shiporig,23.0448,7.91011,1
shiporig,23.0928,7.9012,1
shiporig,23.1008,7.8923,1
shiporig,23.1235,7.88341,1
shiporig,23.1447,7.87453,1
shiporig,23.2208,7.87361,1
shiporig,23.2457,7.86474,1
shiporig,23.2742,7.85588,1
shiporig,23.3241,7.84746,1
shiporig,23.3491,7.84412,1
shiporig,23.4198,7.83528,1
shiporig,23.4459,7.83525,1
shiporig,23.4697,7.82642,1
shiporig,23.4982,7.81759,1
shiporig,23.5221,7.81709,1
shiporig,23.5718,7.8145,1
shiporig,23.5962,7.81004,1
shiporig,23.6081,7.80123,1
shiporig,23.6337,7.79243,1
shiporig,23.642,7.78364,1
shiporig,23.6543,7.77485,1
shiporig,23.6624,7.76608,1
shiporig,23.6701,7.75731,1
shiporig,23.6915,7.74856,1
shiporig,23.7147,7.74693,1
shiporig,23.7627,7.73899,1
shiporig,23.7832,7.73025,1
shiporig,23.8066,7.72867,1
shiporig,23.8147,7.71994,1
shiporig,23.8427,7.71122,1
shiporig,23.8504,7.70251,1
shiporig,23.8742,7.70122,1
shiporig,23.8969,7.69252,1
shiporig,23.9049,7.68382,1
shiporig,23.9298,7.67514,1
shiporig,23.9376,7.66646,1
shiporig,23.9621,7.6578,1
shiporig,24.0384,7.64914,1
shiporig,24.064,7.646,1
shiporig,24.0718,7.63735,1
shiporig,24.0965,7.62871,1
shiporig,24.1474,7.62799,1
shiporig,24.1587,7.61937,1
shiporig,24.1762,7.61075,1
shiporig,24.1859,7.60214,1
shiporig,24.2017,7.59353,1
shiporig,24.253,7.59289,1
shiporig,24.3009,7.59111,1
shiporig,24.315,7.58252,1
shiporig,24.328,7.57394,1
shiporig,24.3551,7.56537,1
shiporig,24.3803,7.56142,1
shiporig,24.3965,7.55285,1
shiporig,24.4338,7.5443,1
shiporig,24.4439,7.53576,1
shiporig,24.4714,7.52722,1
shiporig,24.4949,7.52578,1
shiporig,24.5073,7.51725,1
shiporig,24.6066,7.51403,1
shiporig,24.631,7.50552,1
shiporig,24.6673,7.49701,1
shiporig,24.6754,7.48852,1
shiporig,24.6854,7.48003,1
shiporig,24.6943,7.47155,1
shiporig,24.7027,7.46308,1
shiporig,24.7143,7.45461,1
shiporig,24.8148,7.45241,1
shiporig,24.8632,7.45151,1
shiporig,24.8793,7.44306,1
shiporig,24.9111,7.43462,1
shiporig,24.9285,7.42618,1
shiporig,25.0036,7.42418,1
shiporig,25.0153,7.41575,1
shiporig,25.0465,7.40734,1
shiporig,25.0571,7.39893,1
shiporig,25.0703,7.39053,1
shiporig,25.0845,7.38214,1
shiporig,25.1022,7.37376,1
shiporig,25.1121,7.36539,1
shiporig,25.1373,7.35947,1
shiporig,25.1375,7.35882,1
shiporig,25.2909,7.35046,1
shiporig,25.291,7.34211,1
shiporig,25.3419,7.33494,1
shiporig,25.398,7.3266,1
shiporig,25.3982,7.31828,1
shiporig,25.4023,7.30996,1
shiporig,25.4038,7.30165,1
shiporig,25.4075,7.29335,1
shiporig,25.4117,7.28505,1
shiporig,25.4241,7.27773,1
shiporig,25.4282,7.26946,1
shiporig,25.4297,7.26119,1
shiporig,25.4594,7.25293,1
shiporig,25.5147,7.24467,1
shiporig,25.5149,7.23643,1
shiporig,25.592,7.23269,1
shiporig,25.76,5.85004,1
shiporig,25.7773,5.84319,1
shiporig,25.7843,5.83634,1
shiporig,25.8087,5.83122,1
shiporig,25.8332,5.831,1
shiporig,25.9057,5.83077,1
shiporig,25.9545,5.83044,1
shiporig,26.004,5.82931,1
shiporig,26.0521,5.82794,1
shiporig,26.074,5.82112,1
shiporig,26.0982,5.82078,1
shiporig,26.1225,5.81969,1
shiporig,26.1468,5.81934,1
shiporig,26.1705,5.81692,1
shiporig,26.1978,5.8101,1
shiporig,26.223,5.80783,1
shiporig,26.2423,5.80103,1
shiporig,26.2661,5.79998,1
shiporig,26.284,5.79318,1
shiporig,37.3909,5.79318,0
shiporig,43.3052,5.78639,1
shiporig,43.3121,5.7796,1
shiporig,43.3194,5.77282,1
shiporig,43.3272,5.76605,1
shiporig,43.3464,5.75928,1
shiporig,43.3534,5.75252,1
shiporig,43.378,5.7523,1
shiporig,45.1142,5.74952,1
shiporig,45.1634,5.74692,1
shiporig,50.2285,5.74017,1
shiporig,50.2485,5.73343,1
shiporig,50.2543,5.7267,1
shiporig,50.2735,5.71997,1
shiporig,50.2943,5.71325,1
shiporig,50.2945,5.71298,1
shiporig,50.37,5.71295,1
shiporig,50.3875,5.70624,1
shiporig,50.4132,5.70491,1
shiporig,50.4273,5.6982,1
shiporig,50.444,5.6915,1
shiporig,50.4699,5.69131,1
shiporig,50.4892,5.68461,1
shiporig,50.5025,5.67793,1
shiporig,50.524,5.67125,1
shiporig,50.5487,5.67013,1
shiporig,50.5808,5.66346,1
shiporig,50.6314,5.6619,1
shiporig,50.6495,5.65524,1
shiporig,50.6744,5.65479,1
shiporig,50.6981,5.65204,1
shiporig,50.7452,5.65142,1
shiporig,50.7654,5.64477,1
shiporig,50.7834,5.63813,1
shiporig,50.9686,5.63785,1
shiporig,51.1828,5.63717,1
shiporig,51.3917,5.63593,1
shiporig,51.911,5.6346,1
shiporig,51.9112,5.63444,1
shiporig,54.3287,5.63434,1
shiporig,54.963,5.63417,1
shiporig,55.2016,5.63409,1
shiporig,55.6045,5.63396,1
shiporig,55.6047,5.63392,1
shiporig,55.6684,5.63233,1
shiporig,55.9577,5.63225,1
shiporig,56.7498,5.63179,1
nvs08,0.000384615,10829.1,1
nvs08,0.000891662,2844.38,1
nvs08,0.00138642,744.277,1
nvs08,0.00186776,196.846,1
nvs08,0.00236063,56.0776,1
nvs08,0.00239164,24.8884,1
nvs08,0.00273686,23.8884,1
nvs08,0.0027669,23.8635,1
nvs08,0.00322666,23.8386,1
nvs08,0.226219,23.828,1
nvs08,1.3431,23.828,0
nvs08,3.58293,23.828,0
nvs08,4.32283,23.828,1
nvs08,5.44011,23.828,0
nvs08,9.94864,23.828,0
nvs08,13.2246,23.828,0
nvs08,15.38,23.828,0
nvs08,16.4572,23.828,0
nvs08,18.6088,23.828,0
nvs08,21.9707,23.828,0
nvs08,24.0833,23.828,0
nvs08,24.7629,23.8032,1
nvs08,24.7629,23.7783,1
nvs08,24.7634,23.7536,1
nvs08,24.7634,23.7288,1
nvs08,24.7639,23.7041,1
nvs08,24.7639,23.6794,1
nvs08,24.7644,23.6547,1
nvs08,24.7644,23.63,1
nvs08,24.7649,23.6054,1
nvs08,24.7649,23.5808,1
nvs08,24.7654,23.5562,1
nvs08,24.7654,23.5317,1
nvs08,24.7659,23.5071,1
nvs08,24.7659,23.4826,1
nvs08,24.7664,23.4582,1
nvs08,24.7664,23.4497,1
nvs08,26.9512,23.4497,1
nvs08,36.6785,23.4497,0
nvs08,37.8139,23.4497,0
nvs08,43.0744,23.4497,0
nvs08,45.1255,23.4497,0
nvs08,46.2695,23.4497,0
nvs08,51.5536,23.4497,0
nvs08,55.6487,23.4497,0
nvs08,56.7781,23.4497,0
nvs08,57.804,23.4497,0
ex4_1_7,1.3409e-05,0,1
ex4_1_7,4.6304e-05,-7.5,1
ex4_1_7,1.00146,-7.5,0
ex4_1_7,2.00249,-7.5,0
ex4_1_7,3.00325,-7.5,0
ex4_1_7,4.0041,-7.5,0
ex4_1_7,5.00425,-7.5,0
ex4_1_7,6.00544,-7.5,0
ex4_1_7,7.00601,-7.5,0
ex4_1_7,8.00678,-7.5,0
ex4_1_7,9.00718,-7.5,0
ex4_1_7,10.0072,-7.5,0
ex4_1_7,11.0081,-7.5,0
ex4_1_7,12.0083,-7.5,0
ex4_1_7,13.0094,-7.5,0
ex4_1_7,14.01,-7.5,0
ex4_1_7,15.01,-7.5,0
ex4_1_7,16.0102,-7.5,0
ex4_1_7,17.0109,-7.5,0
ex4_1_7,18.0122,-7.5,0
ex4_1_7,19.0141,-7.5,0
ex4_1_7,20.0156,-7.5,0
ex4_1_7,21.0158,-7.5,0
ex4_1_7,22.0169,-7.5,0
ex4_1_7,23.0178,-7.5,0
ex4_1_7,24.0182,-7.5,0
ex4_1_7,25.0191,-7.5,0
ex4_1_7,26.0195,-7.5,0
ex4_1_7,27.0203,-7.5,0
ex4_1_7,28.0224,-7.5,0
ex4_1_7,29.0228,-7.5,0
ex4_1_7,30.0243,-7.5,0
ex4_1_7,31.0264,-7.5,0
ex4_1_7,32.0273,-7.5,0
ex4_1_7,33.0275,-7.5,0
ex4_1_7,34.029,-7.5,0
ex4_1_7,35.0294,-7.5,0
ex4_1_7,36.0296,-7.5,0
ex4_1_7,37.0297,-7.5,0
ex4_1_7,38.0302,-7.5,0
ex4_1_7,39.0325,-7.5,0
ex4_1_7,40.0327,-7.5,0
ex4_1_7,41.0337,-7.5,0
ex4_1_7,42.0344,-7.5,0
ex4_1_7,43.0347,-7.5,0
ex4_1_7,44.0354,-7.5,0
ex4_1_7,45.0363,-7.5,0
ex4_1_7,46.0367,-7.5,0
ex4_1_7,47.0381,-7.5,0
ex4_1_7,48.0389,-7.5,0
ex4_1_7,49.0412,-7.5,0
ex4_1_7,50.0421,-7.5,0
ex4_1_7,51.0433,-7.5,0
ex4_1_7,52.0441,-7.5,0
ex4_1_7,53.0447,-7.5,0
ex4_1_7,54.045,-7.5,0
ex4_1_7,55.0457,-7.5,0
ex4_1_7,56.0467,-7.5,0
ex4_1_7,57.0482,-7.5,0
ex4_1_7,58.0492,-7.5,0
ex4_1_7,59.0495,-7.5,0
eq6_1,0.0255103,1016.28,1
eq6_1,0.206296,938.788,1
eq6_1,0.214075,892.318,1
eq6_1,0.282969,796.342,1
eq6_1,1.10355,795.22,1
eq6_1,1.68072,736.558,1
eq6_1,1.94726,724.466,1
eq6_1,2.7033,723.225,1
eq6_1,3.73131,722.501,1
eq6_1,4.50522,721.143,1
eq6_1,5.34949,720.42,1
eq6_1,6.45856,719.431,1
eq6_1,7.59941,718.683,1
eq6_1,9.40856,717.958,1
eq6_1,31.801,711.137,1
eq6_1,32.5516,708.998,1
eq6_1,33.5739,708.215,1
eq6_1,34.3258,707.479,1
eq6_1,35.4192,703.592,1
eq6_1,36.0907,702.853,1
eq6_1,37.0381,702.15,1
eq6_1,38.0983,697.49,1
eq6_1,39.6166,696.738,1
eq6_1,40.2879,695.537,1
eq6_1,42.5754,694.84,1
eq6_1,43.5608,694.017,1
eq6_1,46.8254,692.495,1
eq6_1,46.91,691.801,1
eq6_1,47.8085,691.109,1
eq6_1,49.8738,690.417,1
eq6_1,51.3489,689.725,1
eq6_1,53.266,689.034,1
eq6_1,57.0493,688.339,1
eq6_1,57.1705,687.65,1
minlphi,0.000415066,582.236,1
minlphi,40.3028,582.236,0
minlphi,44.2875,582.236,1
gear4,7.8152e-05,855721,1
gear4,5.84613,269514,1
gear4,7.79581,82135.8,1
gear4,11.6927,77942.9,1
gear4,25.4252,70535.5,1
mathopt5_7,1.4946e-05,0,1
mathopt5_7,8.9467e-05,-1.66733,1
mathopt5_7,0.000114679,-2.24123,1
mathopt5_7,0.000130324,-2.24447,1
mathopt5_7,0.000153721,-2.92073,1
mathopt5_7,0.000170832,-2.92465,1
mathopt5_7,0.000194228,-3.58178,1
mathopt5_7,0.000211479,-3.58637,1
mathopt5_7,0.000234806,-4.06523,1
mathopt5_7,0.000252825,-4.07029,1
mathopt5_7,0.000275873,-4.31442,1
mathopt5_7,0.000297244,-4.31973,1
mathopt5_7,0.00032099,-4.40545,1
mathopt5_7,0.000340616,-4.41085,1
mathopt5_7,0.000364362,-4.43078,1
mathopt5_7,0.000389085,-4.43621,1
mathopt5_7,0.000420584,-4.43662,1
mathopt5_7,0.0027669,-4.43671,1
mathopt5_7,0.0050609,-4.43672,1
mathopt5_7,0.00737781,-4.43673,1
mathopt5_7,0.00968634,-4.43673,1
mathopt5_7,0.0119952,-4.43673,1
mathopt5_7,0.0143183,-4.43673,1
mathopt5_7,0.0166232,-4.43673,1
mathopt5_7,0.0189332,-4.43673,1
mathopt5_7,0.0212318,-4.43673,1
mathopt5_7,0.0235477,-4.43673,1
mathopt5_7,0.0258495,-4.43673,1
mathopt5_7,1.02775,-4.43673,0
mathopt5_7,2.02878,-4.43673,0
mathopt5_7,3.03066,-4.43673,0
mathopt5_7,4.03073,-4.43673,0
mathopt5_7,5.03128,-4.43673,0
mathopt5_7,6.03272,-4.43673,0
mathopt5_7,7.0349,-4.43673,0
mathopt5_7,8.03657,-4.43673,0
mathopt5_7,9.03694,-4.43673,0
mathopt5_7,10.0387,-4.43673,0
mathopt5_7,11.0403,-4.43673,0
mathopt5_7,12.0404,-4.43673,0
mathopt5_7,13.0414,-4.43673,0
mathopt5_7,14.0437,-4.43673,0
mathopt5_7,15.0439,-4.43673,0
mathopt5_7,16.0448,-4.43673,0
mathopt5_7,17.0456,-4.43673,0
mathopt5_7,18.0466,-4.43673,0
mathopt5_7,19.0474,-4.43673,0
mathopt5_7,20.0478,-4.43673,0
mathopt5_7,21.0494,-4.43673,0
mathopt5_7,22.0497,-4.43673,0
mathopt5_7,23.0502,-4.43673,0
mathopt5_7,24.0509,-4.43673,0
mathopt5_7,25.0513,-4.43673,0
mathopt5_7,26.0533,-4.43673,0
mathopt5_7,27.0552,-4.43673,0
mathopt5_7,28.0557,-4.43673,0
mathopt5_7,29.0567,-4.43673,0
mathopt5_7,30.0572,-4.43673,0
mathopt5_7,31.0581,-4.43673,0
mathopt5_7,32.059,-4.43673,0
mathopt5_7,33.0592,-4.43673,0
mathopt5_7,34.0595,-4.43673,0
mathopt5_7,35.0599,-4.43673,0
mathopt5_7,36.0603,-4.43673,0
mathopt5_7,37.0616,-4.43673,0
mathopt5_7,38.0624,-4.43673,0
mathopt5_7,39.0645,-4.43673,0
mathopt5_7,40.0657,-4.43673,0
mathopt5_7,41.0666,-4.43673,0
mathopt5_7,42.0678,-4.43673,0
mathopt5_7,43.0697,-4.43673,0
mathopt5_7,44.071,-4.43673,0
mathopt5_7,45.0723,-4.43673,0
mathopt5_7,46.0731,-4.43673,0
mathopt5_7,47.0739,-4.43673,0
mathopt5_7,48.0762,-4.43673,0
mathopt5_7,49.0779,-4.43673,0
mathopt5_7,50.0781,-4.43673,0
mathopt5_7,51.0803,-4.43673,0
mathopt5_7,52.0811,-4.43673,0
mathopt5_7,53.0813,-4.43673,0
mathopt5_7,54.0813,-4.43673,0
mathopt5_7,55.0823,-4.43673,0
mathopt5_7,56.0828,-4.43673,0
mathopt5_7,57.0841,-4.43673,0
mathopt5_7,58.0861,-4.43673,0
mathopt5_7,59.0869,-4.43673,0
st_e38,0.000196393,12897.1,1
st_e38,0.000237879,9534.94,1
st_e38,0.000384266,8428.07,1
st_e38,0.000418628,8419.65,1
st_e38,0.000563548,7525.13,1
st_e38,0.000597351,7517.6,1
st_e38,0.00074765,7510.08,1
st_e38,0.000781034,7502.57,1
st_e38,0.00094509,7495.07,1
st_e38,0.000981268,7487.57,1
st_e38,0.00113219,7480.08,1
st_e38,0.00116558,7472.6,1
st_e38,0.00131462,7465.13,1
st_e38,0.00134828,7457.66,1
st_e38,0.00149705,7450.2,1
st_e38,0.00153043,7442.75,1
st_e38,1.0049,7442.75,0
st_e38,1.32452,7303.07,1
st_e38,1.32455,7280.2,1
st_e38,2.35,7280.2,0
st_e38,2.78504,7272.92,1
st_e38,2.78509,7268.68,1
st_e38,2.80645,7261.41,1
st_e38,2.80649,7257.19,1
st_e38,2.82839,7249.94,1
st_e38,2.82844,7245.75,1
st_e38,2.83752,7238.51,1
st_e38,2.83757,7234.35,1
st_e38,2.8468,7227.12,1
st_e38,2.84685,7223,1
st_e38,2.86869,7215.77,1
st_e38,2.86874,7211.69,1
st_e38,2.89064,7204.47,1
st_e38,2.89069,7200.42,1
st_e38,5.9562,7200.42,0
st_e38,7.97635,7200.42,0
st_e38,8.74146,7197.73,1
st_e38,9.75405,7197.73,0
st_e38,11.7736,7197.73,0
st_e38,12.7918,7197.73,0
st_e38,13.7942,7197.73,0
st_e38,17.8616,7197.73,0
st_e38,18.8701,7197.73,0
st_e38,19.8746,7197.73,0
st_e38,20.8887,7197.73,0
st_e38,22.9115,7197.73,0
st_e38,25.9445,7197.73,0
st_e38,29.9669,7197.73,0
st_e38,31.9967,7197.73,0
st_e38,34.0191,7197.73,0
st_e38,35.0321,7197.73,0
st_e38,36.0504,7197.73,0
st_e38,37.0507,7197.73,0
st_e38,39.0697,7197.73,0
st_e38,40.0798,7197.73,0
st_e38,42.1111,7197.73,0
st_e38,43.1301,7197.73,0
st_e38,44.2336,7197.73,0
st_e38,45.2385,7197.73,0
st_e38,47.2776,7197.73,0
st_e38,49.3224,7197.73,0
st_e38,50.3577,7197.73,0
st_e38,51.3621,7197.73,0
st_e38,53.4034,7197.73,0
st_e38,54.425,7197.73,0
st_e38,57.4585,7197.73,0
st_e38,58.4632,7197.73,0
ex8_1_5,1.6482e-05,0,1
ex8_1_5,0.194138,-0.0012249,1
ex8_1_5,0.194172,-0.0428861,1
ex8_1_5,0.194188,-0.0439351,1
ex8_1_5,0.194217,-0.840687,1
ex8_1_5,0.194238,-0.842527,1
ex8_1_5,0.194266,-1.03162,1
ex8_1_5,0.19783,-1.03163,1
ex8_1_5,0.201415,-1.03163,1
ex8_1_5,1.20415,-1.03163,0
ex8_1_5,2.20893,-1.03163,0
ex8_1_5,3.21183,-1.03163,0
ex8_1_5,4.21707,-1.03163,0
ex8_1_5,5.21846,-1.03163,0
ex8_1_5,6.22326,-1.03163,0
ex8_1_5,7.22629,-1.03163,0
ex8_1_5,8.22722,-1.03163,0
ex8_1_5,9.23132,-1.03163,0
ex8_1_5,10.2344,-1.03163,0
ex8_1_5,11.2366,-1.03163,0
ex8_1_5,12.2378,-1.03163,0
ex8_1_5,13.2404,-1.03163,0
ex8_1_5,14.2417,-1.03163,0
ex8_1_5,15.2452,-1.03163,0
ex8_1_5,16.247,-1.03163,0
ex8_1_5,17.2498,-1.03163,0
ex8_1_5,18.2527,-1.03163,0
ex8_1_5,19.2543,-1.03163,0
ex8_1_5,20.2557,-1.03163,0
ex8_1_5,21.2596,-1.03163,0
ex8_1_5,22.2617,-1.03163,0
ex8_1_5,23.2642,-1.03163,0
ex8_1_5,24.2693,-1.03163,0
ex8_1_5,25.2739,-1.03163,0
ex8_1_5,26.2769,-1.03163,0
ex8_1_5,27.2805,-1.03163,0
ex8_1_5,28.2815,-1.03163,0
ex8_1_5,29.2828,-1.03163,0
ex8_1_5,30.2847,-1.03163,0
ex8_1_5,31.2895,-1.03163,0
ex8_1_5,32.2902,-1.03163,0
ex8_1_5,33.2909,-1.03163,0
ex8_1_5,34.2919,-1.03163,0
ex8_1_5,35.2938,-1.03163,0
ex8_1_5,36.2954,-1.03163,0
ex8_1_5,37.2978,-1.03163,0
ex8_1_5,38.298,-1.03163,0
ex8_1_5,39.3013,-1.03163,0
ex8_1_5,40.3066,-1.03163,0
ex8_1_5,41.3079,-1.03163,0
ex8_1_5,42.3114,-1.03163,0
ex8_1_5,43.3143,-1.03163,0
ex8_1_5,44.3195,-1.03163,0
ex8_1_5,45.3246,-1.03163,0
ex8_1_5,46.3286,-1.03163,0
ex8_1_5,47.3294,-1.03163,0
ex8_1_5,48.3307,-1.03163,0
ex8_1_5,49.334,-1.03163,0
ex8_1_5,50.339,-1.03163,0
ex8_1_5,51.3409,-1.03163,0
ex8_1_5,52.3426,-1.03163,0
ex8_1_5,53.3466,-1.03163,0
ex8_1_5,54.3479,-1.03163,0
ex8_1_5,55.3483,-1.03163,0
ex8_1_5,56.3532,-1.03163,0
ex8_1_5,57.3558,-1.03163,0
ex8_1_5,58.3593,-1.03163,0
ex8_1_5,59.3619,-1.03163,0
maxmin,4.4489e-05,0,1
maxmin,0.673056,-0.001,1
maxmin,0.673577,-0.128141,1
maxmin,0.673789,-0.129269,1
maxmin,0.674246,-0.130398,1
maxmin,0.675269,-0.131529,1
maxmin,0.676276,-0.13266,1
maxmin,0.677611,-0.133793,1
maxmin,0.678883,-0.134927,1
maxmin,0.680256,-0.136062,1
maxmin,0.68052,-0.137198,1
maxmin,0.681046,-0.138335,1
maxmin,0.682042,-0.139473,1
maxmin,0.682955,-0.140613,1
maxmin,0.683987,-0.141753,1
maxmin,0.685015,-0.142895,1
maxmin,0.686013,-0.144038,1
maxmin,0.687015,-0.145182,1
maxmin,0.68799,-0.146327,1
maxmin,0.689102,-0.147474,1
maxmin,0.689429,-0.148621,1
maxmin,0.689947,-0.14977,1
maxmin,0.690851,-0.150919,1
maxmin,0.691816,-0.15207,1
maxmin,0.692783,-0.153222,1
maxmin,0.693889,-0.154376,1
maxmin,0.694152,-0.15553,1
maxmin,0.69462,-0.156686,1
maxmin,0.695564,-0.157842,1
maxmin,0.696703,-0.159,1
maxmin,0.696967,-0.160159,1
maxmin,0.697435,-0.161319,1
maxmin,0.698432,-0.162481,1
maxmin,0.699385,-0.163643,1
maxmin,0.700443,-0.164807,1
maxmin,0.700715,-0.165971,1
maxmin,0.701244,-0.167137,1
maxmin,0.702371,-0.168305,1
maxmin,0.703356,-0.169473,1
maxmin,0.704316,-0.170642,1
maxmin,0.70533,-0.171813,1
maxmin,0.7063,-0.172985,1
maxmin,0.707372,-0.174158,1
maxmin,0.708406,-0.175332,1
maxmin,0.709397,-0.176507,1
maxmin,0.710506,-0.177684,1
maxmin,0.710778,-0.178861,1
maxmin,0.711302,-0.18004,1
maxmin,0.712368,-0.18122,1
maxmin,0.713406,-0.182402,1
maxmin,0.714303,-0.183584,1
maxmin,0.715316,-0.184768,1
maxmin,0.716336,-0.185952,1
maxmin,0.716607,-0.187138,1
maxmin,0.717039,-0.188325,1
maxmin,0.718132,-0.189514,1
maxmin,0.719137,-0.190703,1
maxmin,0.720173,-0.191894,1
maxmin,0.721068,-0.193086,1
maxmin,0.722107,-0.194279,1
maxmin,0.723199,-0.195473,1
maxmin,0.724215,-0.196669,1
maxmin,0.725207,-0.197865,1
maxmin,0.726134,-0.199063,1
maxmin,0.727136,-0.200262,1
maxmin,0.728228,-0.201463,1
maxmin,0.729214,-0.202664,1
maxmin,0.730322,-0.203867,1
maxmin,0.731224,-0.205071,1
maxmin,0.732239,-0.206276,1
maxmin,0.733313,-0.207482,1
maxmin,0.733585,-0.208689,1
maxmin,0.734041,-0.209898,1
maxmin,0.735117,-0.211108,1
maxmin,0.736205,-0.212319,1
maxmin,0.737197,-0.213531,1
maxmin,0.738157,-0.214745,1
maxmin,0.739147,-0.21596,1
maxmin,0.740161,-0.217176,1
maxmin,0.741104,-0.218393,1
maxmin,0.742182,-0.219611,1
maxmin,0.743202,-0.220831,1
maxmin,0.744208,-0.222052,1
maxmin,0.745224,-0.223274,1
maxmin,0.745562,-0.224497,1
maxmin,0.746017,-0.225721,1
maxmin,0.74706,-0.226947,1
maxmin,0.748018,-0.228174,1
maxmin,0.749057,-0.229402,1
maxmin,0.750077,-0.230632,1
maxmin,0.751181,-0.231862,1
maxmin,0.752154,-0.233094,1
maxmin,0.753108,-0.234327,1
maxmin,0.754146,-0.235562,1
maxmin,0.755187,-0.236797,1
maxmin,0.756182,-0.238034,1
maxmin,0.757205,-0.239272,1
maxmin,0.7582,-0.240511,1
maxmin,0.759092,-0.241752,1
maxmin,0.760094,-0.242994,1
maxmin,0.760466,-0.244237,1
maxmin,0.760938,-0.245481,1
maxmin,0.761956,-0.246726,1
maxmin,0.762936,-0.247973,1
maxmin,0.763964,-0.249221,1
maxmin,0.765577,-0.25047,1
maxmin,0.767138,-0.251721,1
maxmin,0.768748,-0.252972,1
maxmin,0.770106,-0.254225,1
maxmin,0.771207,-0.25548,1
maxmin,0.772297,-0.256735,1
maxmin,0.773316,-0.257992,1
maxmin,0.774271,-0.25925,1
maxmin,0.775386,-0.260509,1
maxmin,0.776411,-0.26177,1
maxmin,0.777773,-0.263031,1
maxmin,0.778638,-0.264294,1
maxmin,0.780118,-0.265559,1
maxmin,0.780869,-0.266824,1
maxmin,0.781715,-0.268091,1
maxmin,0.782446,-0.269359,1
maxmin,0.783316,-0.270628,1
maxmin,0.784745,-0.271899,1
maxmin,0.785548,-0.273171,1
maxmin,0.786938,-0.274444,1
maxmin,0.787291,-0.275719,1
maxmin,0.788061,-0.276994,1
maxmin,0.788671,-0.278271,1
maxmin,0.789406,-0.27955,1
maxmin,0.790793,-0.280829,1
maxmin,0.791768,-0.28211,1
maxmin,0.792173,-0.283392,1
maxmin,0.792806,-0.284675,1
maxmin,0.794053,-0.28596,1
maxmin,0.795371,-0.287246,1
maxmin,0.795812,-0.288533,1
maxmin,0.796426,-0.289822,1
maxmin,0.79763,-0.291112,1
maxmin,0.79825,-0.292403,1
maxmin,0.799507,-0.293695,1
maxmin,0.800151,-0.294989,1
maxmin,0.801333,-0.296284,1
maxmin,0.802647,-0.29758,1
maxmin,0.80352,-0.298878,1
maxmin,0.804599,-0.300177,1
maxmin,0.805545,-0.301477,1
maxmin,0.807166,-0.302778,1
maxmin,0.809129,-0.304081,1
maxmin,0.811187,-0.305385,1
maxmin,0.812264,-0.306691,1
maxmin,0.812962,-0.307997,1
maxmin,0.814026,-0.309305,1
maxmin,0.816466,-0.310615,1
maxmin,0.817806,-0.311925,1
maxmin,0.820281,-0.313237,1
maxmin,0.82266,-0.31455,1
maxmin,0.825166,-0.315865,1
maxmin,0.827926,-0.317181,1
maxmin,0.829534,-0.318498,1
maxmin,0.831811,-0.319816,1
maxmin,0.83338,-0.321136,1
maxmin,0.834938,-0.322457,1
maxmin,0.83647,-0.32378,1
maxmin,0.838119,-0.325104,1
maxmin,0.840535,-0.326429,1
maxmin,0.842171,-0.327755,1
maxmin,0.843937,-0.329083,1
maxmin,0.84748,-0.330412,1
maxmin,0.849135,-0.331742,1
maxmin,0.850729,-0.333074,1
maxmin,0.897237,-0.334407,1
maxmin,0.907648,-0.335742,1
maxmin,0.91506,-0.337077,1
maxmin,0.921807,-0.338414,1
maxmin,0.928385,-0.339753,1
maxmin,0.935322,-0.341093,1
maxmin,0.942509,-0.342434,1
maxmin,0.949312,-0.343776,1
maxmin,0.954978,-0.34512,1
maxmin,0.961975,-0.346465,1
maxmin,0.966599,-0.347811,1
maxmin,0.972485,-0.349159,1
maxmin,0.976658,-0.350508,1
maxmin,0.98341,-0.351859,1
maxmin,0.988848,-0.353211,1
maxmin,0.993817,-0.354564,1
maxmin,1.01095,-0.355919,1
maxmin,1.02342,-0.357275,1
maxmin,2.4533,-0.358632,1
maxmin,2.45686,-0.35999,1
maxmin,2.46013,-0.36135,1
maxmin,2.4651,-0.362712,1
maxmin,2.46885,-0.364074,1
maxmin,2.47137,-0.365439,1
maxmin,8.25664,-0.366058,1
maxmin,8.52901,-0.366063,1
maxmin,18.5229,-0.366063,1
maxmin,20.6,-0.366063,0
maxmin,43.2372,-0.366063,0
maxmin,56.6589,-0.366063,0
maxmin,57.8703,-0.366063,0
nvs02,0.00283262,8.25467,1
nvs02,0.0294458,8.19194,1
nvs02,0.043415,8.13028,1
nvs02,0.0698342,8.06257,1
nvs02,3.30692,8.00322,1
nvs02,3.32089,7.94495,1
nvs02,6.36333,7.88012,1
nvs02,6.38795,7.82398,1
nvs02,6.41467,7.7613,1
nvs02,6.44291,7.70349,1
nvs02,6.46345,7.64676,1
nvs02,6.4773,7.58729,1
nvs02,6.49192,7.52889,1
nvs02,9.63574,7.47156,1
nvs02,9.66462,7.4153,1
nvs02,9.67995,7.36012,1
nvs02,9.70768,7.306,1
nvs02,13.9107,7.28106,1
nvs02,13.9257,7.23016,1
nvs02,13.9409,7.18033,1
nvs02,13.9691,7.13158,1
nvs02,13.998,7.08389,1
nvs02,14.0273,7.03728,1
nvs02,14.0427,6.99174,1
nvs02,14.0726,6.94727,1
nvs02,14.0875,6.90387,1
nvs02,14.1033,6.86154,1
nvs02,14.1192,6.82029,1
nvs02,14.15,6.7801,1
nvs02,14.1816,6.74099,1
nvs02,17.2212,6.71439,1
nvs02,17.255,6.67742,1
nvs02,17.2896,6.64152,1
nvs02,17.3059,6.60669,1
nvs02,17.3406,6.57294,1
nvs02,17.3564,6.54026,1
nvs02,21.0234,6.04134,1
nvs02,21.0894,6.0258,1
nvs02,21.173,6.01133,1
nvs02,29.9329,5.99794,1
nvs02,29.9578,5.98562,1
nvs02,30.0103,5.97436,1
nvs02,33.1057,5.96418,1
ex4_1_8,2.9054e-05,-12,1
ex4_1_8,0.000128299,-15.4066,1
ex4_1_8,0.000188641,-15.4806,1
ex4_1_8,0.000244375,-15.5507,1
ex4_1_8,0.000302133,-15.6173,1
ex4_1_8,0.000357936,-15.6807,1
ex4_1_8,0.00041332,-15.741,1
ex4_1_8,0.000468634,-15.7986,1
ex4_1_8,0.00052353,-15.8536,1
ex4_1_8,0.000570253,-15.9062,1
ex4_1_8,0.000616977,-15.9567,1
ex4_1_8,0.00066419,-16.005,1
ex4_1_8,0.000711682,-16.0515,1
ex4_1_8,0.000758196,-16.0962,1
ex4_1_8,0.000805478,-16.1392,1
ex4_1_8,0.000852132,-16.1806,1
ex4_1_8,0.000898996,-16.2205,1
ex4_1_8,0.00094551,-16.259,1
ex4_1_8,0.000992583,-16.2961,1
ex4_1_8,0.00104874,-16.3319,1
ex4_1_8,0.0010993,-16.3665,1
ex4_1_8,0.00114609,-16.3999,1
ex4_1_8,0.00119275,-16.432,1
ex4_1_8,0.00143056,-16.4495,1
ex4_1_8,0.00146645,-16.6491,1
ex4_1_8,0.00201869,-16.6668,1
ex4_1_8,0.00256932,-16.6844,1
ex4_1_8,0.00261492,-16.7365,1
ex4_1_8,0.3511,-16.7389,1
ex4_1_8,0.645972,-16.7389,1
ex4_1_8,1.02721,-16.7389,1
ex4_1_8,1.03037,-16.7389,1
ex8_6_1,0.00264558,-0.0175279,1
ex8_6_1,0.00822282,-0.0185983,1
ex8_6_1,0.0134736,-0.0196917,1
ex8_6_1,0.0183224,-0.0207817,1
ex8_6_1,0.0230621,-0.0218661,1
ex8_6_1,0.027882,-0.0229236,1
ex8_6_1,0.0323886,-0.0239935,1
ex8_6_1,0.0368057,-0.0250676,1
ex8_6_1,0.0416072,-0.026125,1
ex8_6_1,0.0460078,-0.0271951,1
ex8_6_1,0.0499374,-0.0282638,1
ex8_6_1,0.0539072,-0.0293314,1
ex8_6_1,0.0584765,-0.0303847,1
ex8_6_1,0.0624217,-0.0314506,1
ex8_6_1,0.0670461,-0.032503,1
ex8_6_1,0.0714556,-0.0335555,1
ex8_6_1,0.0754734,-0.0346048,1
ex8_6_1,0.0796025,-0.0356694,1
ex8_6_1,0.0836481,-0.0367319,1
ex8_6_1,0.0872398,-0.0377964,1
ex8_6_1,0.0908754,-0.0388611,1
ex8_6_1,0.0944751,-0.0399259,1
ex8_6_1,0.0988986,-0.0409813,1
ex8_6_1,0.102599,-0.0420466,1
ex8_6_1,0.106742,-0.0431053,1
ex8_6_1,0.110553,-0.0441546,1
ex8_6_1,0.114401,-0.0452129,1
ex8_6_1,0.118,-0.0462748,1
ex8_6_1,0.121659,-0.0473422,1
ex8_6_1,0.125275,-0.0484102,1
ex8_6_1,0.128888,-0.0494787,1
ex8_6_1,0.132861,-0.0505479,1
ex8_6_1,0.136515,-0.0516176,1
ex8_6_1,0.140114,-0.0526822,1
ex8_6_1,0.144986,-0.0537472,1
ex8_6_1,0.149994,-0.0548189,1
ex8_6_1,0.15455,-0.0558913,1
ex8_6_1,0.158933,-0.0569644,1
ex8_6_1,0.163391,-0.0580382,1
ex8_6_1,0.167531,-0.0591062,1
ex8_6_1,0.172042,-0.0601816,1
ex8_6_1,0.176088,-0.0612508,1
ex8_6_1,0.18043,-0.0623221,1
ex8_6_1,0.184984,-0.0633942,1
ex8_6_1,0.18899,-0.0644727,1
ex8_6_1,0.19299,-0.0655447,1
ex8_6_1,0.197565,-0.0666248,1
ex8_6_1,0.201599,-0.0677058,1
ex8_6_1,0.206092,-0.0687823,1
ex8_6_1,0.210076,-0.0698571,1
ex8_6_1,0.214636,-0.0709354,1
ex8_6_1,0.218702,-0.0720199,1
ex8_6_1,0.225979,-0.0730919,1
ex8_6_1,0.230414,-0.0741658,1
ex8_6_1,0.235301,-0.07524,1
ex8_6_1,0.239981,-0.0763152,1
ex8_6_1,0.24648,-0.0773916,1
ex8_6_1,0.25083,-0.0784689,1
ex8_6_1,0.257361,-0.0795474,1
ex8_6_1,0.262153,-0.0806345,1
ex8_6_1,0.268249,-0.0817152,1
ex8_6_1,0.272351,-0.0827998,1
ex8_6_1,0.276973,-0.0838895,1
ex8_6_1,0.280959,-0.0849825,1
ex8_6_1,0.287293,-0.0860675,1
ex8_6_1,0.291294,-0.0871645,1
ex8_6_1,0.295568,-0.0882585,1
ex8_6_1,0.30009,-0.0893536,1
ex8_6_1,0.305009,-0.0904429,1
ex8_6_1,0.313943,-0.0915334,1
ex8_6_1,0.31932,-0.0926249,1
ex8_6_1,0.324933,-0.0937175,1
ex8_6_1,0.331595,-0.0948112,1
ex8_6_1,0.3384,-0.0959061,1
ex8_6_1,0.345387,-0.097002,1
ex8_6_1,0.351327,-0.098099,1
ex8_6_1,0.358549,-0.0991971,1
ex8_6_1,0.36557,-0.100296,1
ex8_6_1,0.372727,-0.101397,1
ex8_6_1,0.377003,-0.102504,1
ex8_6_1,0.384186,-0.103606,1
ex8_6_1,0.38851,-0.10471,1
ex8_6_1,0.395825,-0.105815,1
ex8_6_1,0.402967,-0.10692,1
ex8_6_1,0.409651,-0.108027,1
ex8_6_1,0.416448,-0.109135,1
ex8_6_1,0.424601,-0.110245,1
ex8_6_1,0.432005,-0.111355,1
ex8_6_1,0.43703,-0.112466,1
ex8_6_1,0.442109,-0.113579,1
ex8_6_1,0.448741,-0.114692,1
ex8_6_1,0.453166,-0.218132,1
ex8_6_1,0.457851,-0.689322,1
ex8_6_1,0.461634,-0.981336,1
ex8_6_1,0.468265,-0.983317,1
ex8_6_1,0.477485,-0.9853,1
ex8_6_1,0.482785,-0.987287,1
ex8_6_1,0.488328,-0.989276,1
ex8_6_1,0.495704,-0.991265,1
ex8_6_1,0.502274,-0.993256,1
ex8_6_1,0.508459,-0.99525,1
ex8_6_1,0.513784,-0.997245,1
ex8_6_1,0.519828,-0.999243,1
ex8_6_1,0.527282,-1.00124,1
ex8_6_1,0.537161,-1.00324,1
ex8_6_1,0.546959,-1.00525,1
ex8_6_1,0.555472,-1.00725,1
ex8_6_1,0.564586,-1.00926,1
ex8_6_1,0.575939,-1.01127,1
ex8_6_1,0.584735,-1.01328,1
ex8_6_1,0.590208,-1.01559,1
ex8_6_1,0.595809,-1.01773,1
ex8_6_1,0.600829,-1.01994,1
ex8_6_1,0.605894,-1.02212,1
ex8_6_1,0.610722,-1.02422,1
ex8_6_1,0.615504,-1.02631,1
ex8_6_1,0.620163,-1.02845,1
ex8_6_1,0.625343,-1.03054,1
ex8_6_1,0.630475,-1.03262,1
ex8_6_1,0.63496,-1.0347,1
ex8_6_1,0.639324,-1.03678,1
ex8_6_1,0.643555,-1.03889,1
ex8_6_1,0.647863,-1.04097,1
ex8_6_1,0.652193,-1.04305,1
ex8_6_1,0.656448,-1.04513,1
ex8_6_1,0.660858,-1.04721,1
ex8_6_1,0.665154,-1.04931,1
ex8_6_1,0.669441,-1.05142,1
ex8_6_1,0.673876,-1.0535,1
ex8_6_1,0.677782,-1.0556,1
ex8_6_1,0.681851,-1.05768,1
ex8_6_1,0.68588,-1.05977,1
ex8_6_1,0.690482,-1.06185,1
ex8_6_1,0.69435,-1.06396,1
ex8_6_1,0.698331,-1.06604,1
ex8_6_1,0.702292,-1.06813,1
ex8_6_1,0.706103,-1.07024,1
ex8_6_1,0.710148,-1.07233,1
ex8_6_1,0.713984,-1.07444,1
ex8_6_1,0.717998,-1.07653,1
ex8_6_1,0.722003,-1.07863,1
ex8_6_1,0.7268,-1.08073,1
ex8_6_1,0.731101,-1.08282,1
ex8_6_1,0.735073,-1.08492,1
ex8_6_1,0.739082,-1.08703,1
ex8_6_1,0.742972,-1.08914,1
ex8_6_1,0.746838,-1.09126,1
ex8_6_1,0.750634,-1.09338,1
ex8_6_1,0.754583,-1.09549,1
ex8_6_1,0.758634,-1.0976,1
ex8_6_1,0.762676,-1.09972,1
ex8_6_1,0.766629,-1.10183,1
ex8_6_1,0.770703,-1.10395,1
ex8_6_1,0.774567,-1.10606,1
ex8_6_1,0.778552,-1.20192,1
ex8_6_1,0.782622,-1.60577,1
ex8_6_1,0.785786,-1.97104,1
ex8_6_1,0.789234,-1.974,1
ex8_6_1,0.797486,-1.97698,1
ex8_6_1,0.800925,-1.97994,1
ex8_6_1,0.808647,-1.98292,1
ex8_6_1,0.812069,-1.98589,1
ex8_6_1,0.819317,-1.98888,1
ex8_6_1,0.828869,-1.99187,1
ex8_6_1,0.83604,-1.99486,1
ex8_6_1,0.844675,-1.99785,1
ex8_6_1,0.855485,-2.00085,1
ex8_6_1,0.869726,-2.00385,1
ex8_6_1,0.873834,-2.00408,1
ex8_6_1,1.01785,-2.0113,1
ex8_6_1,1.04631,-2.01447,1
ex8_6_1,1.08543,-2.01794,1
ex8_6_1,1.10444,-2.0214,1
ex8_6_1,1.12105,-2.0248,1
ex8_6_1,1.14539,-2.028,1
ex8_6_1,1.16605,-2.03125,1
ex8_6_1,1.18056,-2.03456,1
ex8_6_1,1.19792,-2.03784,1
ex8_6_1,1.21095,-2.04116,1
ex8_6_1,1.22659,-2.04443,1
ex8_6_1,1.24183,-2.04787,1
ex8_6_1,1.25656,-2.05112,1
ex8_6_1,1.26758,-2.05439,1
ex8_6_1,1.28148,-2.05764,1
ex8_6_1,1.2924,-2.06091,1
ex8_6_1,1.30399,-2.06418,1
ex8_6_1,1.31382,-2.06738,1
ex8_6_1,1.32613,-2.07054,1
ex8_6_1,1.33659,-2.0738,1
ex8_6_1,1.34706,-2.07709,1
ex8_6_1,1.35739,-2.08021,1
ex8_6_1,1.3666,-2.08356,1
ex8_6_1,1.37564,-2.08681,1
ex8_6_1,1.38342,-2.0901,1
ex8_6_1,1.39109,-2.09343,1
ex8_6_1,1.39867,-2.09672,1
ex8_6_1,1.4061,-2.10004,1
ex8_6_1,1.41505,-2.10332,1
ex8_6_1,1.42304,-2.1066,1
ex8_6_1,1.43043,-2.10991,1
ex8_6_1,1.43961,-2.11319,1
ex8_6_1,1.44753,-2.11649,1
ex8_6_1,1.4549,-2.11977,1
ex8_6_1,1.46321,-2.12305,1
ex8_6_1,1.47046,-2.12633,1
ex8_6_1,1.47848,-2.12959,1
ex8_6_1,1.4859,-2.13286,1
ex8_6_1,1.4938,-2.13613,1
ex8_6_1,1.50169,-2.1394,1
ex8_6_1,1.50834,-2.14267,1
ex8_6_1,1.52342,-2.14583,1
ex8_6_1,1.53011,-2.1491,1
ex8_6_1,1.53659,-2.15239,1
ex8_6_1,1.54325,-2.15569,1
ex8_6_1,1.54993,-2.159,1
ex8_6_1,1.55676,-2.16229,1
ex8_6_1,1.56337,-2.1656,1
ex8_6_1,1.56975,-2.1689,1
ex8_6_1,1.57849,-2.17217,1
ex8_6_1,1.58532,-2.17549,1
ex8_6_1,1.59152,-2.1788,1
ex8_6_1,1.59747,-2.18213,1
ex8_6_1,1.60356,-2.18544,1
ex8_6_1,1.61002,-2.18877,1
ex8_6_1,1.61626,-2.19209,1
ex8_6_1,1.62286,-2.1954,1
ex8_6_1,1.62862,-2.19874,1
ex8_6_1,1.63452,-2.20206,1
ex8_6_1,1.64052,-2.2054,1
ex8_6_1,1.65231,-2.20861,1
ex8_6_1,1.65854,-2.21188,1
ex8_6_1,1.6645,-2.2152,1
ex8_6_1,1.67046,-2.21855,1
ex8_6_1,1.67673,-2.22187,1
ex8_6_1,1.68269,-2.2252,1
ex8_6_1,1.68855,-2.22854,1
ex8_6_1,1.6949,-2.23189,1
ex8_6_1,1.70086,-2.23524,1
ex8_6_1,1.70775,-2.23857,1
ex8_6_1,1.71426,-2.24192,1
ex8_6_1,1.72037,-2.24527,1
ex8_6_1,1.72635,-2.24863,1
ex8_6_1,1.73296,-2.25197,1
ex8_6_1,1.73813,-2.25534,1
ex8_6_1,1.74428,-2.25869,1
ex8_6_1,1.7501,-2.26205,1
ex8_6_1,1.75536,-2.26542,1
ex8_6_1,1.76067,-2.26879,1
ex8_6_1,1.76646,-2.27216,1
ex8_6_1,1.77159,-2.27554,1
ex8_6_1,1.77716,-2.27892,1
ex8_6_1,1.78514,-2.28226,1
ex8_6_1,1.79036,-2.28562,1
ex8_6_1,1.79873,-2.28898,1
ex8_6_1,1.80382,-2.29237,1
ex8_6_1,1.80911,-2.29576,1
ex8_6_1,1.81428,-2.29917,1
ex8_6_1,1.81976,-2.30256,1
ex8_6_1,1.82486,-2.30596,1
ex8_6_1,1.83031,-2.30937,1
ex8_6_1,1.83577,-2.31277,1
ex8_6_1,1.84095,-2.31619,1
ex8_6_1,1.84685,-2.31959,1
ex8_6_1,1.85111,-2.32301,1
ex8_6_1,1.8566,-2.3264,1
ex8_6_1,1.8615,-2.32982,1
ex8_6_1,1.86634,-2.33325,1
ex8_6_1,1.87084,-2.33667,1
ex8_6_1,1.8762,-2.3401,1
ex8_6_1,1.88054,-2.34354,1
ex8_6_1,1.88573,-2.34698,1
ex8_6_1,1.89123,-2.35041,1
ex8_6_1,1.89551,-2.35385,1
ex8_6_1,1.90007,-2.35729,1
ex8_6_1,1.90396,-2.36074,1
ex8_6_1,1.90905,-2.36419,1
ex8_6_1,1.91402,-2.36765,1
ex8_6_1,1.91776,-2.37111,1
ex8_6_1,1.92259,-2.37457,1
ex8_6_1,1.92761,-2.37803,1
ex8_6_1,1.932,-2.3815,1
ex8_6_1,1.93609,-2.38497,1
ex8_6_1,1.94061,-2.38845,1
ex8_6_1,1.94673,-2.39192,1
ex8_6_1,1.95156,-2.39539,1
ex8_6_1,1.95626,-2.39887,1
ex8_6_1,1.96089,-2.40235,1
ex8_6_1,1.96552,-2.40584,1
ex8_6_1,1.96983,-2.40934,1
ex8_6_1,1.97424,-2.41284,1
ex8_6_1,1.98028,-2.41695,1
ex8_6_1,1.98541,-2.43581,1
ex8_6_1,1.9899,-2.95775,1
ex8_6_1,1.99281,-2.96223,1
ex8_6_1,1.99782,-2.96637,1
ex8_6_1,2.01179,-2.97047,1
ex8_6_1,2.01962,-2.97453,1
ex8_6_1,2.02739,-2.97872,1
ex8_6_1,2.03141,-2.98276,1
ex8_6_1,2.03759,-2.98695,1
ex8_6_1,2.04399,-2.99118,1
ex8_6_1,2.04893,-2.99521,1
ex8_6_1,2.0582,-2.99947,1
ex8_6_1,2.06203,-3.0035,1
ex8_6_1,2.07079,-3.0075,1
ex8_6_1,2.07775,-3.01182,1
ex8_6_1,2.08541,-3.01583,1
ex8_6_1,2.09129,-3.02023,1
ex8_6_1,2.09806,-3.02427,1
ex8_6_1,2.11322,-3.02835,1
ex8_6_1,2.1508,-3.03238,1
ex8_6_1,2.1738,-3.03647,1
ex8_6_1,2.19255,-3.04052,1
ex8_6_1,2.20747,-3.0451,1
ex8_6_1,2.23177,-3.04915,1
ex8_6_1,2.25171,-3.05323,1
ex8_6_1,2.27557,-3.05728,1
ex8_6_1,2.28965,-3.06135,1
ex8_6_1,2.30764,-3.06542,1
ex8_6_1,2.31906,-3.0695,1
ex8_6_1,2.32981,-3.07403,1
ex8_6_1,2.34819,-3.07812,1
ex8_6_1,2.35581,-3.08233,1
ex8_6_1,2.36459,-3.08691,1
ex8_6_1,2.37659,-3.09122,1
ex8_6_1,2.37952,-3.09556,1
ex8_6_1,2.3946,-3.09966,1
ex8_6_1,2.41651,-3.10376,1
ex8_6_1,2.43065,-3.10787,1
ex8_6_1,2.45327,-3.11198,1
ex8_6_1,2.4691,-3.11609,1
ex8_6_1,2.48795,-3.12021,1
ex8_6_1,2.50831,-3.12433,1
ex8_6_1,2.52629,-3.12845,1
ex8_6_1,2.53884,-3.13258,1
ex8_6_1,2.55353,-3.13671,1
ex8_6_1,2.5564,-3.141,1
ex8_6_1,2.5605,-3.14525,1
ex8_6_1,2.57173,-3.14939,1
ex8_6_1,2.57824,-3.1538,1
ex8_6_1,2.59104,-3.15795,1
ex8_6_1,2.59392,-3.16219,1
ex8_6_1,2.60277,-3.16636,1
ex8_6_1,2.61042,-3.17053,1
ex8_6_1,2.61327,-3.17483,1
ex8_6_1,2.61908,-3.17901,1
ex8_6_1,2.62923,-3.18319,1
ex8_6_1,2.64041,-3.18737,1
ex8_6_1,2.66015,-3.19156,1
ex8_6_1,2.66878,-3.19575,1
ex8_6_1,2.68188,-3.19995,1
ex8_6_1,2.69138,-3.20417,1
ex8_6_1,2.70259,-3.20837,1
ex8_6_1,2.71431,-3.21258,1
ex8_6_1,2.72696,-3.21679,1
ex8_6_1,2.73677,-3.22102,1
ex8_6_1,2.74829,-3.22524,1
ex8_6_1,2.7555,-3.22948,1
ex8_6_1,2.76827,-3.23374,1
ex8_6_1,2.77647,-3.23798,1
ex8_6_1,2.78892,-3.24223,1
ex8_6_1,2.7957,-3.24648,1
ex8_6_1,2.80397,-3.25073,1
ex8_6_1,2.81469,-3.25498,1
ex8_6_1,2.82396,-3.25924,1
ex8_6_1,2.83491,-3.26351,1
ex8_6_1,2.84292,-3.26778,1
ex8_6_1,2.85558,-3.27205,1
ex8_6_1,2.86112,-3.27633,1
ex8_6_1,2.87197,-3.2806,1
ex8_6_1,2.88245,-3.28488,1
ex8_6_1,2.8853,-3.95132,1
ex8_6_1,2.88733,-3.95629,1
ex8_6_1,2.89003,-3.96182,1
ex8_6_1,2.89755,-3.9668,1
ex8_6_1,2.90528,-3.97178,1
ex8_6_1,2.90836,-3.97692,1
ex8_6_1,2.91666,-3.98191,1
ex8_6_1,2.92592,-3.98689,1
ex8_6_1,2.9343,-3.99196,1
ex8_6_1,2.94756,-3.99695,1
ex8_6_1,3.00281,-4.25394,1
ex8_6_1,3.00804,-4.37044,1
ex8_6_1,3.01243,-4.94047,1
ex8_6_1,3.01556,-4.96197,1
ex8_6_1,3.02184,-4.96794,1
ex8_6_1,3.0251,-4.97715,1
ex8_6_1,3.02937,-4.98313,1
ex8_6_1,3.03256,-4.98931,1
ex8_6_1,3.04425,-4.9953,1
ex8_6_1,3.07184,-5.00129,1
ex8_6_1,3.60207,-5.01048,1
ex8_6_1,3.61003,-5.01649,1
ex8_6_1,3.61469,-5.19026,1
ex8_6_1,3.61785,-5.20209,1
ex8_6_1,3.62203,-5.20872,1
ex8_6_1,3.62796,-5.21535,1
ex8_6_1,3.63315,-5.22213,1
ex8_6_1,3.6377,-5.22885,1
ex8_6_1,3.64441,-5.23557,1
ex8_6_1,3.64923,-5.24279,1
ex8_6_1,3.65519,-5.25037,1
ex8_6_1,3.6629,-5.25664,1
ex8_6_1,3.66618,-5.26384,1
ex8_6_1,3.67197,-5.27025,1
ex8_6_1,3.6752,-5.27761,1
ex8_6_1,3.67932,-5.28559,1
ex8_6_1,3.68352,-5.29295,1
ex8_6_1,3.68722,-5.3004,1
ex8_6_1,3.69137,-5.30883,1
ex8_6_1,3.69456,-5.31694,1
ex8_6_1,3.69788,-5.32533,1
ex8_6_1,3.70128,-5.33389,1
ex8_6_1,3.70449,-5.34264,1
ex8_6_1,3.70811,-5.35231,1
ex8_6_1,3.71145,-5.36143,1
ex8_6_1,3.71475,-5.37073,1
ex8_6_1,3.71795,-5.38022,1
ex8_6_1,3.72159,-5.39055,1
ex8_6_1,3.72503,-5.40043,1
ex8_6_1,3.72838,-5.4105,1
ex8_6_1,3.73169,-5.42076,1
ex8_6_1,3.73509,-5.43122,1
ex8_6_1,3.73853,-5.44186,1
ex8_6_1,3.74191,-5.4527,1
ex8_6_1,3.74506,-5.46374,1
ex8_6_1,3.74879,-5.47498,1
ex8_6_1,3.75346,-5.48641,1
ex8_6_1,3.75733,-5.49838,1
ex8_6_1,3.7621,-5.51054,1
ex8_6_1,3.76702,-5.52286,1
ex8_6_1,3.77061,-5.5351,1
ex8_6_1,3.77399,-5.54753,1
ex8_6_1,3.77917,-5.56028,1
ex8_6_1,3.78262,-5.5731,1
ex8_6_1,3.78659,-5.58617,1
ex8_6_1,3.79021,-5.59939,1
ex8_6_1,3.79379,-5.61237,1
ex8_6_1,3.79701,-5.62582,1
ex8_6_1,3.80028,-5.63955,1
ex8_6_1,3.80349,-5.65346,1
ex8_6_1,3.80673,-5.66758,1
ex8_6_1,3.8096,-6.2484,1
ex8_6_1,3.81219,-6.26293,1
ex8_6_1,3.81802,-6.27163,1
ex8_6_1,3.82101,-6.36189,1
ex8_6_1,3.82599,-6.37048,1
ex8_6_1,3.8321,-6.37792,1
ex8_6_1,3.83719,-7.06188,1
ex8_6_1,3.84265,-7.24784,1
ex8_6_1,3.84876,-7.25633,1
ex8_6_1,3.85496,-7.26637,1
ex8_6_1,3.86714,-7.27464,1
ex8_6_1,3.88215,-7.28292,1
ex8_6_1,3.89512,-7.29126,1
ex8_6_1,3.90279,-7.29966,1
ex8_6_1,3.9134,-7.30798,1
ex8_6_1,3.92165,-7.31647,1
ex8_6_1,3.92744,-7.3255,1
ex8_6_1,3.93305,-7.33531,1
ex8_6_1,3.93874,-7.34598,1
ex8_6_1,3.94564,-7.3578,1
ex8_6_1,3.95246,-7.36852,1
ex8_6_1,3.95843,-7.38421,1
ex8_6_1,3.96549,-7.39484,1
ex8_6_1,3.97364,-7.40533,1
ex8_6_1,3.9788,-7.41712,1
ex8_6_1,3.98571,-7.42616,1
ex8_6_1,3.99212,-7.43715,1
ex8_6_1,3.99897,-7.44562,1
ex8_6_1,4.00899,-7.45421,1
ex8_6_1,4.02735,-7.46266,1
ex8_6_1,4.04303,-7.47116,1
ex8_6_1,4.05352,-7.48024,1
ex8_6_1,4.05923,-7.49043,1
ex8_6_1,4.06504,-7.50029,1
ex8_6_1,4.07999,-7.50885,1
ex8_6_1,4.08639,-7.51836,1
ex8_6_1,4.09209,-7.52799,1
ex8_6_1,4.10045,-7.53695,1
ex8_6_1,4.10627,-7.54599,1
ex8_6_1,4.12096,-7.55456,1
ex8_6_1,4.12685,-7.56338,1
ex8_6_1,4.13224,-7.57197,1
ex8_6_1,4.14197,-7.58054,1
ex8_6_1,4.14833,-7.59001,1
ex8_6_1,4.16067,-7.5986,1
ex8_6_1,4.17045,-7.60723,1
ex8_6_1,4.1777,-7.61598,1
ex8_6_1,4.1947,-7.6246,1
ex8_6_1,4.20239,-7.63358,1
ex8_6_1,4.22045,-7.64222,1
ex8_6_1,4.22647,-7.65154,1
ex8_6_1,4.23872,-7.66019,1
ex8_6_1,4.24767,-7.66903,1
ex8_6_1,4.2593,-7.67793,1
ex8_6_1,4.27081,-7.68662,1
ex8_6_1,4.27886,-7.69589,1
ex8_6_1,4.28749,-7.7047,1
ex8_6_1,4.29548,-7.71355,1
ex8_6_1,4.30516,-7.72227,1
ex8_6_1,4.31285,-7.73152,1
ex8_6_1,4.31887,-7.74084,1
ex8_6_1,4.33022,-7.75003,1
ex8_6_1,4.33701,-7.75899,1
ex8_6_1,4.34795,-7.76777,1
ex8_6_1,4.3561,-7.77667,1
ex8_6_1,4.36788,-7.78544,1
ex8_6_1,4.37799,-7.79455,1
ex8_6_1,4.38725,-7.80352,1
ex8_6_1,4.3962,-7.81269,1
ex8_6_1,4.40779,-7.82158,1
ex8_6_1,4.41627,-7.83061,1
ex8_6_1,4.42216,-7.84,1
ex8_6_1,4.42882,-7.84934,1
ex8_6_1,4.4409,-7.85836,1
ex8_6_1,4.45013,-7.86729,1
ex8_6_1,4.46574,-7.87653,1
ex8_6_1,4.47481,-7.88565,1
ex8_6_1,4.48499,-7.89459,1
ex8_6_1,4.49036,-7.90392,1
ex8_6_1,4.5072,-7.91374,1
ex8_6_1,4.52166,-7.9227,1
ex8_6_1,4.52791,-7.93261,1
ex8_6_1,4.54011,-7.94162,1
ex8_6_1,4.54819,-7.95105,1
ex8_6_1,4.56037,-7.96012,1
ex8_6_1,4.56845,-7.97003,1
ex8_6_1,4.58622,-7.97919,1
ex8_6_1,4.59341,-7.98911,1
ex8_6_1,4.63274,-7.99824,1
ex8_6_1,5.31366,-8.00724,1
ex8_6_1,5.32735,-8.01625,1
ex8_6_1,5.3328,-8.40716,1
ex8_6_1,5.33807,-8.45889,1
ex8_6_1,5.34364,-8.51864,1
ex8_6_1,5.34988,-8.54333,1
ex8_6_1,5.35454,-8.56367,1
ex8_6_1,5.38263,-8.57323,1
ex8_6_1,5.38562,-8.58382,1
ex8_6_1,5.41119,-8.59341,1
ex8_6_1,5.41678,-8.60336,1
ex8_6_1,5.42429,-8.6163,1
ex8_6_1,5.45292,-8.62592,1
ex8_6_1,5.46068,-8.6386,1
ex8_6_1,5.47247,-8.65099,1
ex8_6_1,5.48877,-8.66339,1
ex8_6_1,5.50269,-8.67403,1
ex8_6_1,5.5135,-8.6838,1
ex8_6_1,5.51972,-8.69438,1
ex8_6_1,5.53678,-8.70409,1
ex8_6_1,5.56572,-8.71379,1
ex8_6_1,5.58032,-8.72668,1
ex8_6_1,5.59045,-8.73924,1
ex8_6_1,5.61354,-8.749,1
ex8_6_1,5.6401,-8.75876,1
ex8_6_1,5.64599,-8.77233,1
ex8_6_1,5.65337,-8.78513,1
ex8_6_1,5.65925,-8.79815,1
ex8_6_1,5.66508,-8.81099,1
ex8_6_1,5.67087,-8.82348,1
ex8_6_1,5.6759,-8.83606,1
ex8_6_1,5.68198,-8.84853,1
ex8_6_1,5.68701,-8.86091,1
ex8_6_1,5.69461,-8.87269,1
ex8_6_1,5.7027,-8.88273,1
ex8_6_1,5.70859,-8.89476,1
ex8_6_1,5.7131,-8.90669,1
ex8_6_1,5.72081,-8.91864,1
ex8_6_1,5.72546,-8.93067,1
ex8_6_1,5.73023,-8.94267,1
ex8_6_1,5.73498,-8.95464,1
ex8_6_1,5.74003,-8.96657,1
ex8_6_1,5.74503,-8.97848,1
ex8_6_1,5.74943,-8.99037,1
ex8_6_1,5.75396,-9.00224,1
ex8_6_1,5.75862,-9.01256,1
ex8_6_1,5.76691,-9.02273,1
ex8_6_1,5.77179,-9.03453,1
ex8_6_1,5.77566,-9.04632,1
ex8_6_1,5.78049,-9.05811,1
ex8_6_1,5.78561,-9.06873,1
ex8_6_1,5.79014,-9.08038,1
ex8_6_1,5.79492,-9.09213,1
ex8_6_1,5.7998,-9.10287,1
ex8_6_1,5.80449,-9.11459,1
ex8_6_1,5.80869,-9.12631,1
ex8_6_1,5.81301,-9.13803,1
ex8_6_1,5.8174,-9.14975,1
ex8_6_1,5.82166,-9.16147,1
ex8_6_1,5.82592,-9.17318,1
ex8_6_1,5.83026,-9.1849,1
ex8_6_1,5.83462,-9.19662,1
ex8_6_1,5.83884,-9.20834,1
ex8_6_1,5.84316,-9.22007,1
ex8_6_1,5.84834,-9.23172,1
ex8_6_1,5.85305,-9.24346,1
ex8_6_1,5.8573,-9.2552,1
ex8_6_1,5.86165,-9.26695,1
ex8_6_1,5.86604,-9.2787,1
ex8_6_1,5.87038,-9.29046,1
ex8_6_1,5.87478,-9.30223,1
ex8_6_1,5.87949,-9.31394,1
ex8_6_1,5.88413,-9.32479,1
ex8_6_1,5.88853,-9.33658,1
ex8_6_1,5.89332,-9.34837,1
ex8_6_1,5.89752,-9.36017,1
ex8_6_1,5.90241,-9.37198,1
ex8_6_1,5.90645,-9.3838,1
ex8_6_1,5.91076,-9.39564,1
ex8_6_1,5.91563,-9.40742,1
ex8_6_1,5.91995,-9.41929,1
ex8_6_1,5.92408,-9.43116,1
ex8_6_1,5.92862,-9.44306,1
ex8_6_1,5.9336,-9.4549,1
ex8_6_1,5.93812,-9.46682,1
ex8_6_1,5.94122,-9.8584,1
ex8_6_1,5.99863,-9.86955,1
ex8_6_1,6.0494,-9.88068,1
ex8_6_1,6.09134,-9.89197,1
ex8_6_1,6.19627,-9.90286,1
ex8_6_1,6.23666,-9.9138,1
ex8_6_1,6.2667,-9.92473,1
ex8_6_1,6.28787,-9.93673,1
ex8_6_1,6.32287,-9.94766,1
ex8_6_1,6.49981,-9.95861,1
ex8_6_1,6.55189,-9.96964,1
ex8_6_1,6.63329,-9.98061,1
ex8_6_1,6.70015,-9.99159,1
ex8_6_1,6.82974,-10.0026,1
ex8_6_1,6.96675,-10.0135,1
ex8_6_1,7.00022,-10.0247,1
ex8_6_1,7.02252,-10.0362,1
ex8_6_1,7.22094,-10.0473,1
ex8_6_1,7.2589,-10.0584,1
ex8_6_1,7.33438,-10.0697,1
ex8_6_1,7.47653,-10.0808,1
ex8_6_1,7.57549,-10.0918,1
ex8_6_1,7.78828,-10.1029,1
ex8_6_1,7.95771,-10.114,1
ex8_6_1,8.15283,-10.1251,1
ex8_6_1,8.18447,-10.1365,1
ex8_6_1,8.39892,-10.1476,1
ex8_6_1,8.50901,-10.1588,1
ex8_6_1,8.64128,-10.1699,1
ex8_6_1,8.71313,-10.1811,1
ex8_6_1,8.85718,-10.1923,1
ex8_6_1,8.92963,-10.2035,1
ex8_6_1,9.08714,-10.2148,1
ex8_6_1,9.27236,-10.226,1
ex8_6_1,9.39175,-10.2372,1
ex8_6_1,9.48259,-10.2485,1
ex8_6_1,9.70556,-10.2598,1
ex8_6_1,9.86292,-10.271,1
ex8_6_1,10.1179,-10.2823,1
ex8_6_1,10.1925,-10.2936,1
ex8_6_1,10.3731,-10.3049,1
ex8_6_1,10.5341,-10.3162,1
ex8_6_1,10.7327,-10.3275,1
ex8_6_1,11.0478,-10.3388,1
ex8_6_1,11.2001,-10.3519,1
ex8_6_1,11.9758,-10.3633,1
ex8_6_1,12.2774,-10.3747,1
ex8_6_1,12.4043,-10.3865,1
ex8_6_1,12.645,-10.3981,1
ex8_6_1,12.8401,-10.4095,1
ex8_6_1,13.0837,-10.4209,1
ex8_6_1,13.1983,-10.4323,1
ex8_6_1,13.2429,-10.4438,1
ex8_6_1,13.2604,-10.4573,1
ex8_6_1,13.2654,-10.4736,1
ex8_6_1,13.2908,-10.4873,1
ex8_6_1,13.2991,-10.5042,1
ex8_6_1,13.3782,-10.5158,1
ex8_6_1,13.4156,-10.5291,1
ex8_6_1,13.508,-10.5412,1
ex8_6_1,13.5605,-10.5614,1
ex8_6_1,13.6528,-10.5743,1
ex8_6_1,13.6871,-10.59,1
ex8_6_1,13.9108,-10.6048,1
ex8_6_1,13.9289,-10.633,1
ex8_6_1,14.1521,-10.6447,1
ex8_6_1,14.3061,-10.6562,1
ex8_6_1,14.3487,-10.671,1
ex8_6_1,14.809,-10.6826,1
ex8_6_1,14.8862,-10.6956,1
ex8_6_1,14.9179,-10.7132,1
ex8_6_1,14.9408,-10.7252,1
ex8_6_1,14.9459,-10.7499,1
ex8_6_1,14.9605,-10.7627,1
ex8_6_1,14.9882,-10.7746,1
ex8_6_1,14.9984,-10.7976,1
ex8_6_1,15.0347,-10.8094,1
ex8_6_1,15.0453,-10.8316,1
ex8_6_1,15.0706,-10.8436,1
ex8_6_1,15.0803,-10.8593,1
ex8_6_1,15.0855,-10.881,1
ex8_6_1,15.0946,-10.8985,1
ex8_6_1,15.1018,-10.9164,1
ex8_6_1,15.1101,-10.93,1
ex8_6_1,15.1221,-10.9421,1
ex8_6_1,15.1281,-10.9568,1
ex8_6_1,15.1349,-10.9692,1
ex8_6_1,15.1426,-10.9823,1
ex8_6_1,15.1773,-10.9943,1
ex8_6_1,15.1957,-11.0067,1
ex8_6_1,15.2028,-11.029,1
ex8_6_1,15.2099,-11.0474,1
ex8_6_1,15.2235,-11.0599,1
ex8_6_1,15.2359,-11.0759,1
ex8_6_1,15.2513,-11.0896,1
ex8_6_1,15.2587,-11.1097,1
ex8_6_1,15.2716,-11.1235,1
ex8_6_1,15.3035,-11.1356,1
ex8_6_1,15.3101,-11.1525,1
ex8_6_1,15.3233,-11.1663,1
ex8_6_1,15.3442,-11.1786,1
ex8_6_1,15.3619,-11.1909,1
ex8_6_1,15.3813,-11.2037,1
ex8_6_1,15.3938,-11.2175,1
ex8_6_1,15.4073,-11.23,1
ex8_6_1,15.4131,-11.2485,1
ex8_6_1,15.4266,-11.2611,1
ex8_6_1,15.4305,-11.2888,1
ex8_6_1,15.4429,-11.3043,1
ex8_6_1,15.4583,-11.3213,1
ex8_6_1,15.4612,-11.417,1
ex8_6_1,15.4671,-11.4339,1
ex8_6_1,15.4885,-11.4477,1
ex8_6_1,15.5041,-11.4609,1
ex8_6_1,15.526,-11.4747,1
ex8_6_1,15.5317,-11.4892,1
ex8_6_1,15.5417,-11.5096,1
ex8_6_1,15.6315,-11.5228,1
ex8_6_1,15.6474,-11.5353,1
ex8_6_1,15.6848,-11.5479,1
ex8_6_1,15.8178,-11.5605,1
ex8_6_1,15.8878,-11.5731,1
ex8_6_1,16.1817,-11.5856,1
ex8_6_1,16.289,-11.5983,1
ex8_6_1,16.321,-11.6124,1
ex8_6_1,16.4567,-11.6232,1
ex8_6_1,16.4995,-11.6385,1
ex8_6_1,16.5079,-11.6547,1
ex8_6_1,16.5332,-11.6676,1
ex8_6_1,16.5666,-11.6804,1
ex8_6_1,16.7183,-11.6931,1
ex8_6_1,16.8829,-11.7058,1
ex8_6_1,16.97,-11.7221,1
ex8_6_1,17.0844,-11.7348,1
ex8_6_1,17.1179,-11.7476,1
ex8_6_1,17.1586,-11.7606,1
ex8_6_1,17.2146,-11.7744,1
ex8_6_1,17.2454,-11.7872,1
ex8_6_1,17.2556,-11.8003,1
ex8_6_1,17.3377,-11.8131,1
ex8_6_1,17.399,-11.8286,1
ex8_6_1,17.495,-11.8415,1
ex8_6_1,17.7464,-11.8543,1
ex8_6_1,18.0416,-11.8674,1
ex8_6_1,18.4174,-11.8802,1
ex8_6_1,18.6495,-11.8931,1
ex8_6_1,19.0057,-11.906,1
ex8_6_1,19.4287,-11.919,1
ex8_6_1,19.5827,-11.9318,1
ex8_6_1,19.8961,-11.9448,1
ex8_6_1,20.0885,-11.9579,1
ex8_6_1,20.2146,-11.971,1
ex8_6_1,20.3374,-11.9842,1
ex8_6_1,20.4485,-11.9973,1
ex8_6_1,20.5426,-12.0106,1
ex8_6_1,20.7089,-12.0237,1
ex8_6_1,20.8459,-12.0321,1
ex8_6_1,21.0122,-12.0465,1
ex8_6_1,21.278,-12.0596,1
ex8_6_1,21.3827,-12.073,1
ex8_6_1,21.5364,-12.0871,1
ex8_6_1,21.6113,-12.1006,1
ex8_6_1,21.6728,-12.1142,1
ex8_6_1,21.8148,-12.1242,1
ex8_6_1,22.0288,-12.1392,1
ex8_6_1,22.0796,-12.153,1
ex8_6_1,22.2375,-12.1735,1
ex8_6_1,22.2735,-12.1905,1
ex8_6_1,22.2765,-12.2048,1
ex8_6_1,22.2871,-12.2201,1
ex8_6_1,22.3082,-12.2344,1
ex8_6_1,22.3225,-12.2519,1
ex8_6_1,22.3277,-12.2695,1
ex8_6_1,22.3389,-12.2856,1
ex8_6_1,22.344,-12.3011,1
ex8_6_1,22.3603,-12.3146,1
ex8_6_1,22.3655,-12.3308,1
ex8_6_1,22.3718,-12.3459,1
ex8_6_1,22.3787,-12.3619,1
ex8_6_1,22.3848,-12.3772,1
ex8_6_1,22.3913,-12.3919,1
ex8_6_1,22.397,-12.4071,1
ex8_6_1,22.4023,-12.4223,1
ex8_6_1,22.4075,-12.4375,1
ex8_6_1,22.4112,-12.4528,1
ex8_6_1,22.4158,-12.4679,1
ex8_6_1,22.4198,-12.4827,1
ex8_6_1,22.4238,-12.4979,1
ex8_6_1,22.4277,-12.5131,1
ex8_6_1,22.4317,-12.5281,1
ex8_6_1,22.436,-12.543,1
ex8_6_1,22.4406,-13.2012,1
ex8_6_1,22.4445,-13.2409,1
ex8_6_1,22.448,-13.2556,1
ex8_6_1,22.4514,-13.2706,1
ex8_6_1,22.4662,-13.2851,1
ex8_6_1,22.4864,-13.3,1
ex8_6_1,22.5547,-13.3145,1
ex8_6_1,22.8689,-13.329,1
ex8_6_1,23.4871,-13.3432,1
ex8_6_1,23.6447,-13.3578,1
ex8_6_1,23.7897,-13.3637,1
ex8_6_1,23.8726,-13.379,1
ex8_6_1,23.9457,-13.3934,1
ex8_6_1,24.04,-13.4083,1
ex8_6_1,24.0686,-13.4314,1
ex8_6_1,24.126,-13.446,1
ex8_6_1,24.1337,-13.4622,1
ex8_6_1,24.1389,-13.4809,1
ex8_6_1,24.1431,-13.5017,1
ex8_6_1,24.1478,-13.5204,1
ex8_6_1,24.1669,-13.5359,1
ex8_6_1,24.1785,-13.5557,1
ex8_6_1,24.1935,-13.5758,1
ex8_6_1,24.21,-13.6053,1
ex8_6_1,24.3141,-13.6221,1
ex8_6_1,24.4662,-13.6319,1
ex8_6_1,24.4756,-13.6657,1
ex8_6_1,25.2333,-13.6803,1
ex8_6_1,25.2754,-13.6956,1
ex8_6_1,25.3829,-13.7103,1
ex8_6_1,25.4082,-13.7296,1
ex8_6_1,25.4606,-13.7444,1
ex8_6_1,25.4835,-13.7598,1
ex8_6_1,25.5091,-13.798,1
ex8_6_1,25.5148,-13.8253,1
ex8_6_1,25.5188,-13.848,1
ex8_6_1,25.5245,-13.8651,1
ex8_6_1,25.6103,-13.88,1
ex8_6_1,25.6163,-13.9035,1
ex8_6_1,25.6278,-13.9184,1
ex8_6_1,25.6462,-13.9353,1
ex8_6_1,25.6523,-13.9633,1
ex8_6_1,25.6596,-13.9825,1
ex8_6_1,25.6658,-14.0094,1
ex8_6_1,25.6725,-14.0359,1
ex8_6_1,25.6785,-14.0574,1
ex8_6_1,25.6835,-14.083,1
ex8_6_1,25.6918,-14.1009,1
ex8_6_1,25.7041,-14.1188,1
ex8_6_1,25.713,-14.1436,1
ex8_6_1,25.7196,-14.1682,1
ex8_6_1,25.7284,-14.1904,1
ex8_6_1,25.7351,-14.2103,1
ex8_6_1,25.7443,-14.2299,1
ex8_6_1,25.7576,-14.2466,1
ex8_6_1,25.7696,-14.2681,1
ex8_6_1,25.7785,-14.2916,1
ex8_6_1,25.7841,-14.3096,1
ex8_6_1,25.7902,-14.333,1
ex8_6_1,25.7977,-14.3498,1
ex8_6_1,25.8052,-14.3691,1
ex8_6_1,25.8107,-14.3917,1
ex8_6_1,25.8159,-14.414,1
ex8_6_1,25.8207,-14.4326,1
ex8_6_1,25.8287,-14.45,1
ex8_6_1,25.835,-14.4685,1
ex8_6_1,25.8428,-14.4882,1
ex8_6_1,25.8528,-14.5037,1
ex8_6_1,25.8608,-14.5202,1
ex8_6_1,25.8683,-14.5372,1
ex8_6_1,25.8808,-14.5624,1
ex8_6_1,25.9262,-14.578,1
ex8_6_1,25.9381,-14.5959,1
ex8_6_1,25.9824,-14.6115,1
ex8_6_1,26.0272,-14.6271,1
ex8_6_1,26.0397,-14.6428,1
ex8_6_1,26.0539,-14.6585,1
ex8_6_1,26.063,-14.6742,1
ex8_6_1,26.07,-14.6899,1
ex8_6_1,26.074,-14.7061,1
ex8_6_1,26.0781,-14.7229,1
ex8_6_1,26.0823,-14.7403,1
ex8_6_1,26.0863,-14.7581,1
ex8_6_1,26.0912,-14.7767,1
ex8_6_1,26.0951,-14.7962,1
ex8_6_1,26.099,-14.8161,1
ex8_6_1,26.1029,-14.8362,1
ex8_6_1,26.1069,-14.8564,1
ex8_6_1,26.1109,-14.8767,1
ex8_6_1,26.115,-14.8976,1
ex8_6_1,26.1189,-14.9176,1
ex8_6_1,26.1273,-14.9339,1
ex8_6_1,26.1323,-14.9508,1
ex8_6_1,26.1361,-14.9702,1
ex8_6_1,26.1399,-14.9885,1
ex8_6_1,26.1437,-15.0057,1
ex8_6_1,26.1521,-15.0217,1
ex8_6_1,26.1566,-15.0381,1
ex8_6_1,26.1593,-15.0946,1
ex8_6_1,26.1672,-15.1208,1
ex8_6_1,26.1881,-15.138,1
ex8_6_1,26.1937,-15.1601,1
ex8_6_1,26.213,-15.1764,1
ex8_6_1,26.2206,-15.2037,1
ex8_6_1,26.2661,-15.22,1
ex8_6_1,26.301,-15.2362,1
ex8_6_1,26.3119,-15.2532,1
ex8_6_1,26.3582,-15.2698,1
ex8_6_1,26.9446,-15.286,1
ex8_6_1,26.9514,-15.3171,1
ex8_6_1,26.9641,-15.3375,1
ex8_6_1,26.9685,-15.3563,1
ex8_6_1,27.0502,-15.3727,1
ex8_6_1,27.0603,-15.3978,1
ex8_6_1,27.2114,-15.4136,1
ex8_6_1,27.2749,-15.4303,1
ex8_6_1,27.6149,-15.4467,1
ex8_6_1,27.7696,-15.4628,1
ex8_6_1,27.9074,-15.4798,1
ex8_6_1,28.1122,-15.4963,1
ex8_6_1,28.1162,-15.521,1
ex8_6_1,28.1218,-15.8109,1
ex8_6_1,28.1279,-15.8385,1
ex8_6_1,28.1425,-15.8648,1
ex8_6_1,28.1572,-15.8818,1
ex8_6_1,28.1703,-15.9023,1
ex8_6_1,28.175,-15.9207,1
ex8_6_1,28.2182,-15.9377,1
ex8_6_1,28.2367,-15.9546,1
ex8_6_1,28.2684,-15.9716,1
ex8_6_1,28.2874,-15.9888,1
ex8_6_1,28.3021,-16.0083,1
ex8_6_1,28.3089,-16.0255,1
ex8_6_1,28.333,-16.0425,1
ex8_6_1,28.3405,-16.0626,1
ex8_6_1,28.3657,-16.0797,1
ex8_6_1,28.3804,-16.0969,1
ex8_6_1,28.4034,-16.115,1
ex8_6_1,28.4121,-16.1324,1
ex8_6_1,28.4209,-16.1565,1
ex8_6_1,28.4284,-16.1748,1
ex8_6_1,28.4436,-16.1929,1
ex8_6_1,28.4694,-16.2116,1
ex8_6_1,28.4944,-16.2329,1
ex8_6_1,28.5078,-16.2514,1
ex8_6_1,28.5342,-16.2687,1
ex8_6_1,28.564,-16.2863,1
ex8_6_1,28.5723,-16.3036,1
ex8_6_1,28.6241,-16.321,1
ex8_6_1,28.6739,-16.3384,1
ex8_6_1,28.7159,-16.3559,1
ex8_6_1,28.7828,-16.3734,1
ex8_6_1,38.7163,-16.3941,1
ex8_6_1,38.7741,-16.4115,1
ex8_6_1,38.7793,-17.0237,1
ex8_6_1,38.7857,-17.3436,1
ex8_6_1,38.858,-17.3619,1
ex8_6_1,38.8892,-17.3814,1
ex8_6_1,38.9137,-17.4004,1
ex8_6_1,38.9317,-17.4217,1
ex8_6_1,39.0208,-17.4402,1
ex8_6_1,39.0353,-17.4615,1
ex8_6_1,39.0966,-17.4799,1
ex8_6_1,39.1589,-17.4984,1
ex8_6_1,39.2457,-17.5169,1
ex8_6_1,39.4965,-17.5354,1
ex8_6_1,43.4467,-17.7962,1
ex8_6_1,43.4599,-17.8244,1
ex8_6_1,43.4754,-17.8434,1
ex8_6_1,43.4804,-17.9019,1
ex8_6_1,43.5159,-17.9208,1
ex8_6_1,43.5191,-17.9585,1
ex8_6_1,43.5288,-17.98,1
ex8_6_1,43.5915,-17.999,1
ex8_6_1,43.5995,-18.0218,1
ex8_6_1,43.707,-18.0408,1
ex8_6_1,43.7801,-18.0599,1
ex8_6_1,43.9085,-18.0789,1
ex8_6_1,44.002,-18.098,1
ex8_6_1,44.1859,-18.1171,1
ex8_6_1,44.2397,-18.1365,1
ex8_6_1,44.2438,-18.2043,1
ex8_6_1,44.4049,-18.2235,1
ex8_6_1,44.5262,-18.2427,1
ex8_6_1,49.3331,-18.2809,1
ex8_6_1,49.3376,-18.4758,1
ex8_6_1,49.3423,-20.102,1
ex8_6_1,49.3468,-20.5961,1
ex8_6_1,49.3511,-20.6189,1
ex8_6_1,49.3603,-20.642,1
ex8_6_1,49.3648,-20.6742,1
ex8_6_1,49.3693,-20.7004,1
ex8_6_1,49.3735,-20.7306,1
ex8_6_1,49.3776,-20.7612,1
ex8_6_1,49.3819,-20.7925,1
ex8_6_1,49.3862,-20.8772,1
ex8_6_1,49.3908,-21.0051,1
ex8_6_1,49.3953,-21.1176,1
ex8_6_1,49.3996,-21.2134,1
ex8_6_1,49.4036,-21.3096,1
ex8_6_1,49.4078,-21.4034,1
ex8_6_1,49.4118,-21.4905,1
ex8_6_1,49.4162,-21.5296,1
ex8_6_1,49.9059,-21.5518,1
ex8_6_1,50.2035,-21.5744,1
ex8_6_1,50.4022,-21.5971,1
ex8_6_1,50.5981,-21.6277,1
nvs14,0.00284651,-17453.3,1
nvs14,3.04269,-18080.6,1
nvs14,3.04485,-18117.9,1
nvs14,6.30635,-18771.8,1
nvs14,6.30848,-18809.1,1
nvs14,10.4302,-19488.7,1
nvs14,13.2969,-19526.8,1
nvs14,13.2991,-20196.5,1
nvs14,16.6564,-31785.6,1
nvs14,16.6588,-32134.6,1
nvs14,16.66,-32219.6,1
nvs14,16.6623,-32642.8,1
nvs14,16.6658,-32715.7,1
nvs14,19.607,-33117.5,1
nvs14,22.6906,-33457.2,1
nvs14,22.6929,-33848.4,1
nvs14,22.6958,-34228.8,1
nvs14,22.6986,-34426.9,1
nvs14,25.5654,-34870.8,1
nvs14,25.5676,-34957.4,1
nvs14,25.5701,-35305.7,1
nvs14,25.5726,-35643.2,1
nvs14,25.5751,-35970.1,1
nvs14,25.5768,-36286.2,1
nvs14,25.5789,-36591.6,1
nvs14,28.4442,-40143.8,1
nvs14,37.279,-40256.4,1
nvs14,45.8937,-40358.2,1
st_e01,1.5086e-05,0,1
st_e01,7.3263e-05,-0.6,1
st_e01,9.5333e-05,-0.6016,1
st_e01,0.000119219,-1.2016,1
st_e01,0.000135282,-1.2038,1
st_e01,0.000158679,-1.8038,1
st_e01,0.000173904,-1.80661,1
st_e01,0.000197301,-2.40661,1
st_e01,0.000212666,-2.41001,1
st_e01,0.000235923,-3.01001,1
st_e01,0.000251777,-3.01402,1
st_e01,0.000274965,-3.61402,1
st_e01,0.00028998,-3.61864,1
st_e01,0.000317149,-4.00001,1
st_e01,0.00118918,-4.00501,1
st_e01,0.00175525,-4.01001,1
st_e01,0.00221278,-4.01502,1
st_e01,0.00263923,-4.02004,1
st_e01,0.00298962,-4.02506,1
st_e01,0.00331068,-4.03008,1
st_e01,0.00361665,-4.03511,1
st_e01,0.00389965,-4.04015,1
st_e01,0.00417252,-4.04519,1
st_e01,0.00443596,-4.05023,1
st_e01,0.00468508,-4.05529,1
st_e01,0.00492233,-4.06034,1
st_e01,0.0051503,-4.0654,1
st_e01,0.00538643,-4.07047,1
st_e01,0.00560377,-4.07554,1
st_e01,0.00581253,-4.08061,1
st_e01,0.00601262,-4.08569,1
st_e01,0.00621579,-4.09078,1
st_e01,0.00642301,-4.09587,1
st_e01,0.00661745,-4.10097,1
st_e01,0.00680295,-4.10607,1
st_e01,0.00698509,-4.11117,1
st_e01,0.00716745,-4.11628,1
st_e01,0.00734533,-4.1214,1
st_e01,0.00752566,-4.12652,1
st_e01,0.00770152,-4.13165,1
st_e01,0.00787165,-4.13678,1
st_e01,0.00804109,-4.14192,1
st_e01,0.00820473,-4.14706,1
st_e01,0.00837563,-4.1522,1
st_e01,0.00853452,-4.15736,1
st_e01,0.00868803,-4.16251,1
st_e01,0.00883756,-4.16768,1
st_e01,0.00899512,-4.17284,1
st_e01,0.00914954,-4.17802,1
st_e01,0.00930047,-4.1832,1
st_e01,0.00945635,-4.18838,1
st_e01,0.00960043,-4.19357,1
st_e01,0.00974354,-4.19876,1
st_e01,0.00988978,-4.20396,1
st_e01,0.0100389,-4.20916,1
st_e01,0.0101793,-4.21437,1
st_e01,0.0103177,-4.21959,1
st_e01,0.0104642,-4.22481,1
st_e01,0.0106087,-4.23003,1
st_e01,0.0107414,-4.23526,1
st_e01,0.0108752,-4.2405,1
st_e01,0.011013,-4.24574,1
st_e01,0.0111418,-4.25098,1
st_e01,0.011272,-4.25623,1
st_e01,0.01141,-4.26149,1
st_e01,0.0115408,-4.26675,1
st_e01,0.011671,-4.27202,1
st_e01,0.0117941,-4.27729,1
st_e01,0.0119187,-4.28257,1
st_e01,0.0120423,-4.28785,1
st_e01,0.012164,-4.29314,1
st_e01,0.012289,-4.29843,1
st_e01,0.0124231,-4.30373,1
st_e01,0.0125423,-4.30903,1
st_e01,0.0126609,-4.31434,1
st_e01,0.0127798,-4.31966,1
st_e01,0.0128976,-4.32498,1
st_e01,0.0130164,-4.3303,1
st_e01,0.0131345,-4.33563,1
st_e01,0.0132505,-4.34097,1
st_e01,0.013375,-4.34631,1
st_e01,0.0134934,-4.35165,1
st_e01,0.0136116,-4.35701,1
st_e01,0.0137287,-4.36236,1
st_e01,0.013845,-4.36773,1
st_e01,0.0139593,-4.37309,1
st_e01,0.0140719,-4.37847,1
st_e01,0.0141843,-4.38384,1
st_e01,0.0142952,-4.38923,1
st_e01,0.0144177,-4.39462,1
st_e01,0.0145303,-4.40001,1
st_e01,0.0146444,-4.40541,1
st_e01,0.0147567,-4.41082,1
st_e01,0.0148652,-4.41623,1
st_e01,0.014972,-4.42165,1
st_e01,0.0150791,-4.42707,1
st_e01,0.015187,-4.43249,1
st_e01,0.015296,-4.43793,1
st_e01,0.0154107,-4.44336,1
st_e01,0.0155198,-4.44881,1
st_e01,0.0156282,-4.45426,1
st_e01,0.0157385,-4.45971,1
st_e01,0.0158444,-4.46517,1
st_e01,0.0159488,-4.47064,1
st_e01,0.0160524,-4.47611,1
st_e01,0.0161562,-4.48158,1
st_e01,0.0162586,-4.48706,1
st_e01,0.016373,-4.49255,1
st_e01,0.0164767,-4.49804,1
st_e01,0.0165806,-4.50354,1
st_e01,0.0166828,-4.50905,1
st_e01,0.0167869,-4.51455,1
st_e01,0.0168906,-4.52007,1
st_e01,0.0169939,-4.52559,1
st_e01,0.0170992,-4.53111,1
st_e01,0.0172035,-4.53665,1
st_e01,0.0173038,-4.54218,1
st_e01,0.0174104,-4.54772,1
st_e01,0.0175121,-4.55327,1
st_e01,0.01761,-4.55883,1
st_e01,0.0177112,-4.56438,1
st_e01,0.0178104,-4.56995,1
st_e01,0.0179092,-4.57552,1
st_e01,0.0180108,-4.58109,1
st_e01,0.0181099,-4.58667,1
st_e01,0.0182095,-4.59226,1
st_e01,0.0183091,-4.59785,1
st_e01,0.0184179,-4.60345,1
st_e01,0.0185187,-4.60906,1
st_e01,0.0186192,-4.61466,1
st_e01,0.0187179,-4.62028,1
st_e01,0.0188125,-4.6259,1
st_e01,0.0189088,-4.63153,1
st_e01,0.0190035,-4.63716,1
st_e01,0.0190992,-4.64279,1
st_e01,0.0191928,-4.64844,1
st_e01,0.0192865,-4.65409,1
st_e01,0.019389,-4.65974,1
st_e01,0.0194844,-4.6654,1
st_e01,0.0195809,-4.67106,1
st_e01,0.0196752,-4.67674,1
st_e01,0.0197693,-4.68241,1
st_e01,0.0198661,-4.68809,1
st_e01,0.019961,-4.69378,1
st_e01,0.0200567,-4.69948,1
st_e01,0.020158,-4.70518,1
st_e01,0.020252,-4.71088,1
st_e01,0.0203483,-4.71659,1
st_e01,0.0204521,-4.72231,1
st_e01,0.0205489,-4.72803,1
st_e01,0.0206388,-4.73376,1
st_e01,0.0207284,-4.73949,1
st_e01,0.0208191,-4.74523,1
st_e01,0.0209077,-4.75098,1
st_e01,0.0209988,-4.75673,1
st_e01,0.021088,-4.76248,1
st_e01,0.0211788,-4.76825,1
st_e01,0.0212704,-4.77402,1
st_e01,0.0213595,-4.77979,1
st_e01,0.0214557,-4.78557,1
st_e01,0.0215486,-4.79136,1
st_e01,0.0216396,-4.79715,1
st_e01,0.0217305,-4.80294,1
st_e01,0.0218211,-4.80875,1
st_e01,0.0219115,-4.81456,1
st_e01,0.0220029,-4.82037,1
st_e01,0.022092,-4.82619,1
st_e01,0.0221813,-4.83202,1
st_e01,0.0222734,-4.83785,1
st_e01,0.0223731,-4.84369,1
st_e01,0.022465,-4.84953,1
st_e01,0.0225537,-4.85538,1
st_e01,0.0226444,-4.86123,1
st_e01,0.0227311,-4.8671,1
st_e01,0.0228156,-4.87296,1
st_e01,0.0228991,-4.87884,1
st_e01,0.0229849,-4.88471,1
st_e01,0.0230079,-5.10939,1
st_e01,0.023067,-5.1155,1
st_e01,0.0230899,-5.35059,1
st_e01,0.0231456,-5.35694,1
st_e01,0.0231685,-5.60041,1
st_e01,0.0232247,-5.60701,1
st_e01,0.0232478,-5.85736,1
st_e01,0.0232989,-5.86421,1
st_e01,0.0233218,-6.12024,1
st_e01,0.0233776,-6.12736,1
st_e01,0.0234013,-6.38816,1
st_e01,0.0234477,-6.39555,1
st_e01,0.023471,-6.66037,1
st_e01,0.0251918,-6.66667,1
st_e01,1.02576,-6.66667,0
st_e01,2.02662,-6.66667,0
st_e01,3.02716,-6.66667,0
st_e01,4.02812,-6.66667,0
st_e01,5.02873,-6.66667,0
st_e01,7.03,-6.66667,0
st_e01,8.03062,-6.66667,0
st_e01,9.03234,-6.66667,0
st_e01,10.0332,-6.66667,0
st_e01,14.035,-6.66667,0
st_e01,15.0367,-6.66667,0
st_e01,16.0379,-6.66667,0
st_e01,18.0396,-6.66667,0
st_e01,20.0408,-6.66667,0
st_e01,23.0427,-6.66667,0
st_e01,24.0432,-6.66667,0
st_e01,25.044,-6.66667,0
st_e01,26.044,-6.66667,0
st_e01,27.0444,-6.66667,0
st_e01,29.0447,-6.66667,0
st_e01,30.0451,-6.66667,0
st_e01,31.0452,-6.66667,0
st_e01,32.0462,-6.66667,0
st_e01,33.0469,-6.66667,0
st_e01,34.0482,-6.66667,0
st_e01,35.0484,-6.66667,0
st_e01,36.049,-6.66667,0
st_e01,37.0495,-6.66667,0
st_e01,38.0496,-6.66667,0
st_e01,39.0499,-6.66667,0
st_e01,40.0513,-6.66667,0
st_e01,41.0525,-6.66667,0
st_e01,42.054,-6.66667,0
st_e01,44.0552,-6.66667,0
st_e01,45.0565,-6.66667,0
st_e01,46.0581,-6.66667,0
st_e01,47.0582,-6.66667,0
st_e01,48.0591,-6.66667,0
st_e01,49.0604,-6.66667,0
st_e01,50.061,-6.66667,0
st_e01,51.0614,-6.66667,0
st_e01,52.0616,-6.66667,0
st_e01,53.0629,-6.66667,0
st_e01,55.0638,-6.66667,0
st_e01,56.0639,-6.66667,0
st_e01,57.0642,-6.66667,0
st_e01,58.0651,-6.66667,0
st_e01,59.0668,-6.66667,0
chain50,2.0264,8.06221,1
chain50,2.50701,8.05105,1
chain50,3.00445,8.04071,1
chain50,3.31179,8.03151,1
chain50,4.42685,8.02248,1
chain50,5.50077,8.01342,1
chain50,6.10757,8.00441,1
chain50,7.27523,7.9954,1
chain50,8.74359,7.952,1
chain50,9.80572,7.94305,1
chain50,10.0923,7.93344,1
chain50,35.5954,6.35963,1
chain50,35.6014,6.35963,1
chain50,36.0724,6.35218,1
chain50,36.082,6.35218,1
chain50,36.2725,6.34325,1
chain50,36.5651,6.33422,1
chain50,36.7198,6.31456,1
chain50,36.9647,6.3054,1
chain50,37.8794,6.29648,1
chain50,39.0002,6.28918,1
chain50,44.2693,6.26615,1
chain50,44.7336,6.25554,1
chain50,45.7981,6.24829,1
chain50,46.1767,6.24097,1
chain50,49.8507,6.22294,1
chain50,52.606,6.19115,1
chain50,52.8358,6.18345,1
chain50,53.6108,6.17627,1
chain50,55.0993,6.16089,1
chain50,55.1639,6.15089,1
chain50,55.278,6.13929,1
chain50,56.3301,6.13215,1
chain50,59.4761,6.06057,1
st_e40,1.1685,38.2426,1
st_e40,1.1718,36.8284,1
st_e40,1.17324,35.4142,1
st_e40,1.1771,32.8284,1
st_e40,1.61075,30.8284,1
st_e40,38.9624,30.8284,0
st_e40,42.9845,30.8284,0
st_e40,47.0184,30.8284,0
st_e40,51.0379,30.8284,0
st_e09,1.2572e-05,0,1
st_e09,0.17209,-0.001,1
st_e09,0.172117,-0.32679,1
st_e09,0.172132,-0.328116,1
st_e09,0.172148,-0.329444,1
st_e09,0.172162,-0.330774,1
st_e09,0.172179,-0.332105,1
st_e09,0.17229,-0.333437,1
st_e09,0.172422,-0.33477,1
st_e09,0.172553,-0.336105,1
st_e09,0.172682,-0.337441,1
st_e09,0.172811,-0.338779,1
st_e09,0.172939,-0.340117,1
st_e09,0.173067,-0.341457,1
st_e09,0.173196,-0.342799,1
st_e09,0.173338,-0.344142,1
st_e09,0.173476,-0.345486,1
st_e09,0.173613,-0.346831,1
st_e09,0.17375,-0.348178,1
st_e09,0.173885,-0.349526,1
st_e09,0.17402,-0.350876,1
st_e09,0.174155,-0.352227,1
st_e09,0.174299,-0.353579,1
st_e09,0.174437,-0.354933,1
st_e09,0.174571,-0.356287,1
st_e09,0.174713,-0.357644,1
st_e09,0.174862,-0.359001,1
st_e09,0.175005,-0.36036,1
st_e09,0.175154,-0.361721,1
st_e09,0.175306,-0.363082,1
st_e09,0.175454,-0.364446,1
st_e09,0.175602,-0.36581,1
st_e09,0.17575,-0.367176,1
st_e09,0.175899,-0.368543,1
st_e09,0.176059,-0.369912,1
st_e09,0.176214,-0.371281,1
st_e09,0.176379,-0.372653,1
st_e09,0.176532,-0.374025,1
st_e09,0.176688,-0.375399,1
st_e09,0.17684,-0.376775,1
st_e09,0.176997,-0.378152,1
st_e09,0.177148,-0.37953,1
st_e09,0.177314,-0.380909,1
st_e09,0.177481,-0.38229,1
st_e09,0.177647,-0.383672,1
st_e09,0.177813,-0.385056,1
st_e09,0.177977,-0.386441,1
st_e09,0.178139,-0.387828,1
st_e09,0.178309,-0.389215,1
st_e09,0.17848,-0.390605,1
st_e09,0.178652,-0.391995,1
st_e09,0.178824,-0.393387,1
st_e09,0.178991,-0.394781,1
st_e09,0.179162,-0.396175,1
st_e09,0.179339,-0.397572,1
st_e09,0.17951,-0.398969,1
st_e09,0.179689,-0.400368,1
st_e09,0.179863,-0.401769,1
st_e09,0.180036,-0.40317,1
st_e09,0.180214,-0.404573,1
st_e09,0.180401,-0.405978,1
st_e09,0.180584,-0.407384,1
st_e09,0.180768,-0.408791,1
st_e09,0.180952,-0.4102,1
st_e09,0.181133,-0.41161,1
st_e09,0.181321,-0.413022,1
st_e09,0.181513,-0.414435,1
st_e09,0.181701,-0.415849,1
st_e09,0.181891,-0.417265,1
st_e09,0.182082,-0.418683,1
st_e09,0.182284,-0.420101,1
st_e09,0.182481,-0.421521,1
st_e09,0.182679,-0.422943,1
st_e09,0.18288,-0.424366,1
st_e09,0.183083,-0.42579,1
st_e09,0.183299,-0.427216,1
st_e09,0.183505,-0.428643,1
st_e09,0.183711,-0.430072,1
st_e09,0.183922,-0.431502,1
st_e09,0.184133,-0.432933,1
st_e09,0.18435,-0.434366,1
st_e09,0.184563,-0.435801,1
st_e09,0.184772,-0.437236,1
st_e09,0.184986,-0.438674,1
st_e09,0.185208,-0.440112,1
st_e09,0.185447,-0.441553,1
st_e09,0.185674,-0.442994,1
st_e09,0.185912,-0.444437,1
st_e09,0.186139,-0.445881,1
st_e09,0.186383,-0.447327,1
st_e09,0.186627,-0.448775,1
st_e09,0.186866,-0.450223,1
st_e09,0.187108,-0.451674,1
st_e09,0.187361,-0.453125,1
st_e09,0.187609,-0.454578,1
st_e09,0.187881,-0.456033,1
st_e09,0.188152,-0.457489,1
st_e09,0.188436,-0.458947,1
st_e09,0.188706,-0.460406,1
st_e09,0.188975,-0.461866,1
st_e09,0.189273,-0.463328,1
st_e09,0.189559,-0.464791,1
st_e09,0.18986,-0.466256,1
st_e09,0.190166,-0.467722,1
st_e09,0.190487,-0.46919,1
st_e09,0.190808,-0.470659,1
st_e09,0.191142,-0.47213,1
st_e09,0.191485,-0.473602,1
st_e09,0.19183,-0.475075,1
st_e09,0.19219,-0.476551,1
st_e09,0.192562,-0.478027,1
st_e09,0.192936,-0.479505,1
st_e09,0.193338,-0.480985,1
st_e09,0.193743,-0.482466,1
st_e09,0.194169,-0.483948,1
st_e09,0.194615,-0.485432,1
st_e09,0.19508,-0.486917,1
st_e09,0.195571,-0.488404,1
st_e09,0.196088,-0.489893,1
st_e09,0.196652,-0.491383,1
st_e09,0.197277,-0.492874,1
st_e09,0.197955,-0.494367,1
st_e09,0.198752,-0.495861,1
st_e09,0.199751,-0.497357,1
st_e09,0.201181,-0.498855,1
st_e09,0.210907,-0.5,1
st_e09,0.54052,-0.5,1
st_e09,2.54333,-0.5,0
st_e09,11.5526,-0.5,0
st_e09,15.5579,-0.5,0
st_e09,20.5651,-0.5,0
st_e09,21.5664,-0.5,0
st_e09,30.5785,-0.5,0
st_e09,43.594,-0.5,0
st_e09,47.6017,-0.5,0
st_e09,51.6109,-0.5,0
nvs05,0.00335531,4.42016e+06,1
nvs05,0.0131635,2059.13,1
nvs05,0.0138942,175.046,1
nvs05,0.0908311,174.87,1
nvs05,0.168437,174.694,1
nvs05,0.24649,174.519,1
nvs05,0.269277,174.343,1
nvs05,0.346898,174.168,1
nvs05,0.369416,173.993,1
nvs05,0.447308,173.818,1
nvs05,0.525564,173.643,1
nvs05,0.604389,173.468,1
nvs05,0.626718,173.294,1
nvs05,0.706085,173.119,1
nvs05,0.729017,172.945,1
nvs05,0.75206,172.771,1
nvs05,0.774671,172.598,1
nvs05,0.797388,172.424,1
nvs05,0.87324,172.251,1
nvs05,0.896107,172.077,1
nvs05,0.918925,171.904,1
nvs05,0.94197,171.731,1
nvs05,0.964888,171.559,1
nvs05,0.987626,171.386,1
nvs05,1.01054,171.214,1
nvs05,1.03314,171.041,1
nvs05,1.11524,170.869,1
nvs05,1.13658,170.698,1
nvs05,1.1601,170.526,1
nvs05,1.18339,170.354,1
nvs05,1.20745,170.183,1
nvs05,1.29056,170.012,1
nvs05,1.31463,169.841,1
nvs05,1.33895,169.67,1
nvs05,1.36157,169.499,1
nvs05,1.44499,169.329,1
nvs05,1.53035,169.158,1
nvs05,1.55374,168.988,1
nvs05,1.57734,168.818,1
nvs05,1.66289,168.648,1
nvs05,1.74784,168.479,1
nvs05,1.77036,168.309,1
nvs05,1.79407,168.14,1
nvs05,1.88065,167.971,1
nvs05,1.90449,167.802,1
nvs05,1.92801,167.633,1
nvs05,2.01493,167.385,1
nvs05,2.03879,167.217,1
nvs05,2.06233,167.048,1
nvs05,2.08659,166.801,1
nvs05,2.11032,166.634,1
nvs05,2.13369,166.466,1
nvs05,2.22159,166.299,1
nvs05,2.24519,166.131,1
nvs05,2.26904,165.964,1
nvs05,2.35217,165.797,1
nvs05,2.43925,165.63,1
nvs05,2.46356,165.464,1
nvs05,2.48763,165.297,1
nvs05,2.57621,165.131,1
nvs05,2.66556,164.965,1
nvs05,2.75419,164.799,1
nvs05,2.7788,164.633,1
nvs05,2.80281,164.467,1
nvs05,2.82779,164.224,1
nvs05,2.85176,164.059,1
nvs05,2.87552,163.894,1
nvs05,2.89953,163.729,1
nvs05,2.92352,163.564,1
nvs05,2.94721,163.4,1
nvs05,3.03901,163.235,1
nvs05,3.06265,163.071,1
nvs05,3.08655,162.907,1
nvs05,3.11018,162.743,1
nvs05,3.13386,162.579,1
nvs05,3.1576,162.416,1
nvs05,3.18156,162.252,1
nvs05,3.27403,162.089,1
nvs05,3.29806,161.926,1
nvs05,3.32224,161.763,1
nvs05,3.34479,161.6,1
nvs05,3.36889,161.438,1
nvs05,3.46447,161.275,1
nvs05,3.48861,161.113,1
nvs05,3.513,160.951,1
nvs05,3.60713,160.789,1
nvs05,3.63135,160.627,1
nvs05,3.65691,160.466,1
nvs05,3.68151,160.304,1
nvs05,3.77668,160.143,1
nvs05,3.87286,159.982,1
nvs05,3.89733,159.821,1
nvs05,3.99352,159.66,1
nvs05,4.09081,159.499,1
nvs05,4.11568,159.339,1
nvs05,4.14026,159.178,1
nvs05,4.16504,159.018,1
nvs05,4.19006,158.858,1
nvs05,4.28702,158.698,1
nvs05,4.38514,158.539,1
nvs05,4.48389,158.379,1
nvs05,4.58211,158.22,1
nvs05,4.68081,158.06,1
nvs05,4.7796,157.901,1
nvs05,4.80457,157.742,1
nvs05,4.90255,157.509,1
nvs05,4.92738,157.351,1
nvs05,4.95248,157.193,1
nvs05,4.97723,157.034,1
nvs05,5.00206,156.876,1
nvs05,5.10274,156.718,1
nvs05,5.20411,156.561,1
nvs05,5.22923,156.403,1
nvs05,5.33013,156.246,1
nvs05,5.355,156.089,1
nvs05,5.45789,155.858,1
nvs05,5.55982,155.701,1
nvs05,5.66223,155.544,1
nvs05,5.68729,155.388,1
nvs05,5.79139,155.124,1
nvs05,5.89579,154.895,1
nvs05,5.92089,154.739,1
nvs05,6.02487,154.583,1
nvs05,6.05129,154.321,1
nvs05,6.15709,154.093,1
nvs05,6.18366,153.938,1
nvs05,6.28816,153.783,1
nvs05,6.31316,153.628,1
nvs05,6.4171,153.474,1
nvs05,6.52276,153.319,1
nvs05,6.54627,153.165,1
nvs05,6.65222,153.011,1
nvs05,6.67852,152.857,1
nvs05,6.70416,152.703,1
nvs05,6.72954,152.549,1
nvs05,6.75508,152.396,1
nvs05,6.86255,152.242,1
nvs05,6.97084,152.089,1
nvs05,6.99644,151.936,1
nvs05,7.10499,151.783,1
nvs05,7.21305,151.63,1
nvs05,7.31775,151.477,1
nvs05,7.42476,151.325,1
nvs05,7.45097,151.173,1
nvs05,7.55995,151.02,1
nvs05,7.66941,150.868,1
nvs05,7.77882,150.717,1
nvs05,7.88937,150.565,1
nvs05,8.00083,150.413,1
nvs05,8.11191,150.262,1
nvs05,8.22245,150.111,1
nvs05,8.2485,149.96,1
nvs05,8.35962,149.809,1
nvs05,8.386,149.658,1
nvs05,8.41177,149.507,1
nvs05,8.43755,149.357,1
nvs05,8.46341,149.206,1
nvs05,8.48919,149.056,1
nvs05,8.51511,148.906,1
nvs05,8.62968,148.756,1
nvs05,8.65342,148.606,1
nvs05,8.67935,148.457,1
nvs05,8.7925,148.307,1
nvs05,8.81832,148.158,1
nvs05,8.93326,148.009,1
nvs05,8.9591,147.86,1
nvs05,8.98595,147.711,1
nvs05,9.10115,147.562,1
nvs05,9.21703,147.414,1
nvs05,9.33124,147.265,1
nvs05,9.35737,147.117,1
nvs05,9.47328,146.969,1
nvs05,9.58885,146.821,1
nvs05,9.70567,146.673,1
nvs05,9.81956,146.525,1
nvs05,9.84572,146.378,1
nvs05,9.8725,146.23,1
nvs05,9.89875,146.083,1
nvs05,10.0162,145.936,1
nvs05,10.0426,145.789,1
nvs05,10.0691,145.642,1
nvs05,10.1879,145.496,1
nvs05,10.2148,145.349,1
nvs05,10.3329,145.203,1
nvs05,10.4484,145.057,1
nvs05,10.475,144.91,1
nvs05,10.5948,144.764,1
nvs05,10.7149,144.619,1
nvs05,10.7412,144.473,1
nvs05,10.8618,144.328,1
nvs05,10.8884,144.182,1
nvs05,10.9151,144.037,1
nvs05,11.0367,143.892,1
nvs05,11.1588,143.747,1
nvs05,11.2824,143.602,1
nvs05,11.309,143.458,1
nvs05,11.425,143.313,1
nvs05,11.5477,143.169,1
nvs05,11.6713,143.025,1
nvs05,11.698,142.881,1
nvs05,11.7247,142.737,1
nvs05,11.8483,142.593,1
nvs05,11.8754,142.45,1
nvs05,12.0005,142.306,1
nvs05,12.0276,142.163,1
nvs05,12.0549,142.02,1
nvs05,12.0822,141.877,1
nvs05,12.2076,141.734,1
nvs05,12.3313,141.591,1
nvs05,12.4584,141.448,1
nvs05,12.5856,141.306,1
nvs05,12.6125,141.164,1
nvs05,12.6395,141.022,1
nvs05,12.7666,140.88,1
nvs05,12.7935,140.738,1
nvs05,12.8205,140.596,1
nvs05,12.9486,140.454,1
nvs05,13.077,140.313,1
nvs05,13.1042,140.172,1
nvs05,13.1316,140.03,1
nvs05,13.2619,139.889,1
nvs05,13.2894,139.748,1
nvs05,13.4169,139.608,1
nvs05,13.4443,139.467,1
nvs05,13.4718,139.327,1
nvs05,13.4999,139.186,1
nvs05,13.5272,139.046,1
nvs05,13.6589,138.906,1
nvs05,13.6861,138.766,1
nvs05,13.7135,138.626,1
nvs05,13.7409,138.487,1
nvs05,13.7688,138.347,1
nvs05,13.7968,138.208,1
nvs05,13.8219,138.069,1
nvs05,13.9561,137.93,1
nvs05,14.0914,137.791,1
nvs05,14.1197,137.652,1
nvs05,14.2556,137.513,1
nvs05,14.3928,137.375,1
nvs05,14.4214,137.236,1
nvs05,14.559,137.098,1
nvs05,14.5874,136.96,1
nvs05,14.724,136.822,1
nvs05,14.7517,136.684,1
nvs05,14.7792,136.546,1
nvs05,14.8069,136.409,1
nvs05,14.8351,136.271,1
nvs05,14.9675,136.134,1
nvs05,14.9951,135.997,1
nvs05,15.1348,135.86,1
nvs05,15.1612,135.723,1
nvs05,15.301,135.586,1
nvs05,15.3301,135.45,1
nvs05,15.4711,135.313,1
nvs05,15.4993,135.177,1
nvs05,15.6418,135.041,1
nvs05,15.7835,134.905,1
nvs05,15.8111,134.769,1
nvs05,15.9525,134.633,1
nvs05,15.9817,134.498,1
nvs05,16.0096,134.362,1
nvs05,16.1521,134.227,1
nvs05,16.2939,134.091,1
nvs05,16.3221,133.956,1
nvs05,16.3504,133.821,1
nvs05,16.4859,133.687,1
nvs05,16.5149,133.552,1
nvs05,16.543,133.417,1
nvs05,16.6883,133.283,1
nvs05,16.7167,133.149,1
nvs05,16.8613,133.014,1
nvs05,16.8895,132.88,1
nvs05,16.9186,132.747,1
nvs05,16.9469,132.613,1
nvs05,17.0927,132.479,1
nvs05,17.2392,132.346,1
nvs05,17.3855,132.212,1
nvs05,17.5326,132.079,1
nvs05,17.5609,131.946,1
nvs05,17.5903,131.813,1
nvs05,17.7394,131.68,1
nvs05,17.7684,131.548,1
nvs05,17.7973,131.415,1
nvs05,17.8262,131.283,1
nvs05,17.9766,131.15,1
nvs05,18.1276,131.018,1
nvs05,18.1571,130.886,1
nvs05,18.1859,130.754,1
nvs05,18.3382,130.623,1
nvs05,18.3687,130.491,1
nvs05,18.521,130.359,1
nvs05,18.5501,130.228,1
nvs05,18.5789,130.097,1
nvs05,18.6088,129.966,1
nvs05,18.6381,129.835,1
nvs05,18.7919,129.704,1
nvs05,18.8209,129.573,1
nvs05,18.8499,129.443,1
nvs05,19.006,129.312,1
nvs05,19.1617,129.182,1
nvs05,19.1912,129.052,1
nvs05,19.2219,128.922,1
nvs05,19.2535,128.792,1
nvs05,19.2822,128.662,1
nvs05,19.3114,128.532,1
nvs05,19.4706,128.403,1
nvs05,19.4997,128.273,1
nvs05,19.5294,128.144,1
nvs05,19.5585,128.015,1
nvs05,19.7183,127.886,1
nvs05,19.873,127.757,1
nvs05,19.9024,127.628,1
nvs05,20.0634,127.5,1
nvs05,20.0936,127.371,1
nvs05,20.1234,127.243,1
nvs05,20.1544,127.114,1
nvs05,20.3169,126.986,1
nvs05,20.4798,126.858,1
nvs05,20.5108,126.73,1
nvs05,20.5404,126.603,1
nvs05,20.5702,126.475,1
nvs05,20.7345,126.347,1
nvs05,20.9431,126.22,1
nvs05,21.1973,126.093,1
nvs05,21.1974,125.966,1
nvs05,21.4122,125.839,1
nvs05,21.6659,125.712,1
nvs05,21.666,125.585,1
nvs05,21.6997,125.459,1
nvs05,21.9564,125.332,1
nvs05,21.9565,125.206,1
nvs05,22.1226,125.08,1
nvs05,22.1523,124.954,1
nvs05,22.1869,124.828,1
nvs05,22.4452,124.702,1
nvs05,22.4453,124.576,1
nvs05,22.6943,124.451,1
nvs05,22.7087,124.325,1
nvs05,22.8775,124.2,1
nvs05,23.1351,124.075,1
nvs05,23.1709,123.95,1
nvs05,23.1925,123.825,1
nvs05,23.1926,123.7,1
nvs05,23.2264,123.575,1
nvs05,23.2265,123.45,1
nvs05,23.2577,123.326,1
nvs05,23.287,123.202,1
nvs05,23.3211,123.077,1
nvs05,23.5805,122.953,1
nvs05,23.5806,122.829,1
nvs05,23.8018,122.706,1
nvs05,23.8222,122.582,1
nvs05,23.8223,122.458,1
nvs05,24.0785,122.335,1
nvs05,24.1094,122.212,1
nvs05,24.2803,122.088,1
nvs05,24.3111,121.965,1
nvs05,24.5345,121.842,1
nvs05,24.5701,121.719,1
nvs05,24.5919,121.597,1
nvs05,24.592,121.474,1
nvs05,24.6267,121.352,1
nvs05,24.649,121.229,1
nvs05,24.6491,121.107,1
nvs05,24.6836,120.985,1
nvs05,24.9409,120.863,1
nvs05,24.941,120.741,1
nvs05,24.976,120.619,1
nvs05,24.9968,120.498,1
nvs05,24.9969,120.376,1
nvs05,25.0278,120.255,1
nvs05,25.2008,120.134,1
nvs05,25.4287,120.012,1
nvs05,25.4655,119.891,1
nvs05,25.7329,119.771,1
nvs05,25.733,119.65,1
nvs05,25.9608,119.529,1
nvs05,26.2327,119.409,1
nvs05,26.2328,119.288,1
nvs05,26.4973,119.168,1
nvs05,26.5319,119.048,1
nvs05,26.552,118.928,1
nvs05,26.5521,118.808,1
nvs05,26.5867,118.688,1
nvs05,26.6064,118.568,1
nvs05,26.6065,118.449,1
nvs05,26.8368,118.329,1
nvs05,26.856,118.21,1
nvs05,26.8561,118.091,1
nvs05,26.8916,117.972,1
nvs05,26.9121,117.853,1
nvs05,26.9122,117.734,1
nvs05,27.1449,117.615,1
nvs05,27.403,117.496,1
nvs05,27.6352,117.378,1
nvs05,27.6548,117.26,1
nvs05,27.6549,117.141,1
nvs05,27.8892,117.023,1
nvs05,28.069,116.905,1
nvs05,28.0994,116.787,1
nvs05,28.1345,116.669,1
nvs05,28.1539,116.552,1
nvs05,28.154,116.434,1
nvs05,28.1897,116.317,1
nvs05,28.2099,116.199,1
nvs05,28.21,116.082,1
nvs05,28.2418,115.965,1
nvs05,28.272,115.848,1
nvs05,28.4986,115.731,1
nvs05,28.5344,115.615,1
nvs05,28.812,115.498,1
nvs05,28.8121,115.382,1
nvs05,28.8474,115.265,1
nvs05,28.8475,115.149,1
nvs05,28.8796,115.033,1
nvs05,29.1582,114.917,1
nvs05,29.1897,114.801,1
nvs05,29.2202,114.685,1
nvs05,29.2552,114.569,1
nvs05,29.276,114.454,1
nvs05,29.276,114.338,1
nvs05,29.3122,114.223,1
nvs05,29.3123,114.108,1
nvs05,29.5422,113.993,1
nvs05,29.7275,113.878,1
nvs05,29.9009,113.763,1
nvs05,29.9328,113.648,1
nvs05,30.1181,113.533,1
nvs05,30.1536,113.419,1
nvs05,30.4364,113.304,1
nvs05,30.4365,113.19,1
nvs05,30.4686,113.076,1
nvs05,30.4996,112.962,1
nvs05,30.5317,112.848,1
nvs05,30.72,112.734,1
nvs05,30.756,112.62,1
nvs05,31.0413,112.507,1
nvs05,31.0414,112.393,1
nvs05,31.2865,112.28,1
nvs05,31.3074,112.166,1
nvs05,31.3075,112.053,1
nvs05,31.3403,111.94,1
nvs05,31.5294,111.827,1
nvs05,31.8209,111.714,1
nvs05,32.0114,111.602,1
nvs05,32.0436,111.489,1
nvs05,32.0744,111.377,1
nvs05,32.3521,111.264,1
nvs05,32.3522,111.152,1
nvs05,32.3891,111.04,1
nvs05,32.6803,110.928,1
nvs05,32.6804,110.816,1
nvs05,32.716,110.704,1
nvs05,32.7385,110.592,1
nvs05,32.7386,110.481,1
nvs05,32.9877,110.369,1
nvs05,33.008,110.258,1
nvs05,33.0081,110.147,1
nvs05,33.2018,110.035,1
nvs05,33.3941,109.924,1
nvs05,33.4311,109.814,1
nvs05,33.7244,109.703,1
nvs05,33.7244,109.592,1
nvs05,33.7558,109.481,1
nvs05,33.7876,109.371,1
nvs05,33.8195,109.261,1
nvs05,33.8539,109.15,1
nvs05,33.854,109.04,1
nvs05,33.8895,108.93,1
nvs05,34.1867,108.82,1
nvs05,34.1868,108.71,1
nvs05,34.4424,108.601,1
nvs05,34.7421,108.491,1
nvs05,34.7421,108.382,1
nvs05,34.7758,108.272,1
nvs05,34.7968,108.163,1
nvs05,34.7969,108.054,1
nvs05,34.8331,107.945,1
nvs05,34.8537,107.836,1
nvs05,34.8538,107.727,1
nvs05,35.1119,107.618,1
nvs05,35.3945,107.51,1
nvs05,35.3946,107.401,1
nvs05,35.594,107.293,1
nvs05,35.6308,107.184,1
nvs05,35.9342,107.076,1
nvs05,35.9343,106.968,1
nvs05,36.2377,106.86,1
nvs05,36.2742,106.752,1
nvs05,36.5647,106.644,1
nvs05,36.5648,106.537,1
nvs05,36.8264,106.429,1
nvs05,37.1321,106.322,1
nvs05,37.1322,106.215,1
nvs05,37.1745,106.107,1
nvs05,37.1977,106,1
nvs05,37.1978,105.893,1
nvs05,37.4012,105.786,1
nvs05,37.4369,105.68,1
nvs05,37.4599,105.573,1
nvs05,37.4599,105.466,1
nvs05,37.723,105.36,1
nvs05,37.746,105.253,1
nvs05,37.7461,105.147,1
nvs05,37.7826,105.041,1
nvs05,38.0933,104.935,1
nvs05,38.0934,104.829,1
nvs05,38.126,104.723,1
nvs05,38.3324,104.617,1
nvs05,38.364,104.512,1
nvs05,38.572,104.406,1
nvs05,38.8379,104.301,1
nvs05,38.8598,104.196,1
nvs05,38.8599,104.09,1
nvs05,38.896,103.985,1
nvs05,38.9175,103.88,1
nvs05,38.9175,103.775,1
nvs05,39.1263,103.671,1
nvs05,39.439,103.566,1
nvs05,39.7077,103.461,1
nvs05,40.0044,103.357,1
nvs05,40.0045,103.253,1
nvs05,40.0411,103.148,1
nvs05,40.3562,103.044,1
nvs05,40.3563,102.94,1
nvs05,40.3931,102.836,1
nvs05,40.7106,102.732,1
nvs05,40.7107,102.629,1
nvs05,40.7491,102.525,1
nvs05,41.0658,102.421,1
nvs05,41.0659,102.318,1
nvs05,41.277,102.215,1
nvs05,41.4792,102.111,1
nvs05,41.7882,102.008,1
nvs05,41.7883,101.905,1
nvs05,41.8272,101.802,1
nvs05,41.8479,101.7,1
nvs05,41.848,101.597,1
nvs05,41.8855,101.494,1
nvs05,41.9065,101.392,1
nvs05,41.9066,101.289,1
nvs05,41.9439,101.187,1
nvs05,41.9657,101.085,1
nvs05,41.9658,100.983,1
nvs05,42.1801,100.881,1
nvs05,42.2123,100.779,1
nvs05,42.4303,100.677,1
nvs05,42.647,100.576,1
nvs05,42.8639,100.474,1
nvs05,42.9011,100.372,1
nvs05,42.9212,100.271,1
nvs05,42.9213,100.17,1
nvs05,43.2024,100.069,1
nvs05,43.5128,99.9676,1
nvs05,43.5128,99.8666,1
nvs05,43.7933,99.7657,1
nvs05,44.1193,99.665,1
nvs05,44.1194,99.5643,1
nvs05,44.1529,99.4638,1
nvs05,44.3712,99.3633,1
nvs05,44.4052,99.2629,1
nvs05,44.4398,99.1626,1
nvs05,44.4768,99.0624,1
nvs05,44.8034,98.9623,1
nvs05,44.8212,98.8624,1
nvs05,44.8539,98.7625,1
nvs05,45.0744,98.6627,1
nvs05,45.1069,98.5631,1
nvs05,45.3884,98.4635,1
nvs05,45.4105,98.3641,1
nvs05,45.4106,98.2647,1
nvs05,45.444,98.1654,1
nvs05,45.477,98.0663,1
nvs05,45.5148,97.9672,1
nvs05,45.8501,97.8682,1
nvs05,45.8502,97.7694,1
nvs05,46.074,97.6706,1
nvs05,46.2983,97.5719,1
nvs05,46.5191,97.4732,1
nvs05,46.5526,97.3748,1
nvs05,46.585,97.2764,1
nvs05,46.6172,97.1781,1
nvs05,46.6538,97.0799,1
nvs05,46.6763,96.9819,1
nvs05,46.6763,96.8839,1
nvs05,46.9029,96.786,1
nvs05,46.9409,96.6882,1
nvs05,47.2787,96.5905,1
nvs05,47.6189,96.4929,1
nvs05,47.619,96.3954,1
nvs05,47.8495,96.298,1
nvs05,47.8828,96.2007,1
nvs05,47.916,96.1035,1
nvs05,47.9486,96.0064,1
nvs05,47.9808,95.9094,1
nvs05,48.0184,95.8125,1
nvs05,48.0401,95.7157,1
nvs05,48.0402,95.619,1
nvs05,48.3369,95.5224,1
nvs05,48.6798,95.4258,1
nvs05,48.6799,95.3294,1
nvs05,48.9691,95.2331,1
nvs05,49.312,95.1369,1
nvs05,49.312,95.0407,1
nvs05,49.6084,94.9447,1
nvs05,49.9405,94.8487,1
nvs05,49.9406,94.7529,1
nvs05,50.2392,94.6571,1
nvs05,50.2636,94.5615,1
nvs05,50.2637,94.4659,1
nvs05,50.5644,94.3704,1
nvs05,50.5864,94.2751,1
nvs05,50.5865,94.1798,1
nvs05,50.8231,94.0846,1
nvs05,50.8581,93.9895,1
nvs05,51.0918,93.8945,1
nvs05,51.1272,93.7996,1
nvs05,51.3615,93.7048,1
nvs05,51.3951,93.6101,1
nvs05,51.4278,93.5155,1
nvs05,51.7655,93.421,1
nvs05,51.7656,93.3265,1
nvs05,51.8042,93.2322,1
nvs05,51.8286,93.138,1
nvs05,51.8287,93.0438,1
nvs05,51.8679,92.9498,1
nvs05,52.224,92.8559,1
nvs05,52.2241,92.762,1
nvs05,52.2617,92.6682,1
nvs05,52.2848,92.5746,1
nvs05,52.2849,92.481,1
nvs05,52.5937,92.3875,1
nvs05,52.9513,92.2941,1
nvs05,52.9514,92.2008,1
nvs05,53.1915,92.1076,1
nvs05,53.4233,92.0145,1
nvs05,53.4563,91.9214,1
nvs05,53.6991,91.8285,1
nvs05,53.7369,91.7357,1
nvs05,54.0945,91.643,1
nvs05,54.0946,91.5503,1
nvs05,54.4054,91.4578,1
nvs05,54.7642,91.3653,1
nvs05,54.7643,91.2729,1
nvs05,55.0694,91.1807,1
nvs05,55.0932,91.0885,1
nvs05,55.0933,90.9964,1
nvs05,55.1278,90.9044,1
nvs05,55.1613,90.8125,1
nvs05,55.4042,90.7207,1
nvs05,55.712,90.629,1
nvs05,55.7354,90.5373,1
nvs05,55.7355,90.4458,1
nvs05,55.7706,90.3544,1
nvs05,55.804,90.263,1
nvs05,55.8415,90.1717,1
nvs05,56.2077,90.0806,1
nvs05,56.2078,89.9895,1
nvs05,56.5258,89.8985,1
nvs05,56.8771,89.8076,1
nvs05,56.8772,89.7168,1
nvs05,57.1951,89.6261,1
nvs05,57.2213,89.5354,1
nvs05,57.2214,89.4449,1
nvs05,57.2581,89.3545,1
nvs05,57.2582,89.2641,1
nvs05,57.2935,89.1738,1
nvs05,57.333,89.0836,1
nvs05,57.7026,88.9935,1
nvs05,57.7027,88.9035,1
nvs05,57.7418,88.8136,1
nvs05,57.7669,88.7238,1
nvs05,57.767,88.6341,1
nvs05,57.8052,88.5445,1
nvs05,57.8267,88.4549,1
nvs05,57.8268,88.3655,1
nvs05,57.8649,88.2761,1
nvs05,57.865,88.1868,1
nvs05,58.1211,88.0976,1
nvs05,58.3744,88.0085,1
nvs05,58.4078,87.9195,1
nvs05,58.4424,87.8306,1
nvs05,58.478,87.7418,1
nvs05,58.5114,87.653,1
nvs05,58.8383,87.5644,1
nvs05,59.2172,87.4758,1
nvs05,59.2173,87.3873,1
nvs05,59.2523,87.2989,1
nvs05,59.2868,87.2106,1
nvs05,59.3243,87.1224,1
nvs05,59.3244,87.0343,1
nvs05,59.3622,86.9462,1
nvs05,59.7451,86.8583,1
nvs05,59.7452,86.7704,1
nvs05,59.782,86.6826,1
nvs05,60.0002,86.595,1
ex4_1_9,1.5645e-05,0,1
ex4_1_9,8.5137e-05,-0.6,1
ex4_1_9,0.000113283,-0.6016,1
ex4_1_9,0.000146178,-1.2016,1
ex4_1_9,0.000164895,-1.2038,1
ex4_1_9,0.000203028,-1.62024,1
ex4_1_9,0.000221047,-2.3263,1
ex4_1_9,0.000253314,-2.9263,1
ex4_1_9,0.000271822,-2.93022,1
ex4_1_9,0.00030325,-3.53022,1
ex4_1_9,0.000321339,-4.10393,1
ex4_1_9,0.000363314,-4.70393,1
ex4_1_9,0.000386711,-4.70963,1
ex4_1_9,0.000422539,-4.89529,1
ex4_1_9,0.000538825,-4.90118,1
ex4_1_9,0.000594279,-5.14041,1
ex4_1_9,0.000649104,-5.30654,1
ex4_1_9,0.000704418,-5.39369,1
ex4_1_9,0.000744507,-5.50779,1
ex4_1_9,17.0567,-5.50779,0
ex4_1_9,22.0814,-5.50779,0
ex4_1_9,36.1178,-5.50779,0
ex4_1_9,38.1189,-5.50779,0
ex4_1_9,55.1623,-5.50779,0
ex4_1_9,59.1786,-5.50779,0
kall_ellipsoids_tc02b,0.168096,75.884,1
kall_ellipsoids_tc02b,0.171355,75.6438,1
kall_ellipsoids_tc02b,0.191829,75.4164,1
kall_ellipsoids_tc02b,0.228179,75.2708,1
kall_ellipsoids_tc02b,0.254767,74.9708,1
kall_ellipsoids_tc02b,0.255032,74.6708,1
kall_ellipsoids_tc02b,0.291757,74.5529,1
kall_ellipsoids_tc02b,0.29387,74.2529,1
kall_ellipsoids_tc02b,0.363191,74.0403,1
kall_ellipsoids_tc02b,0.386554,73.7903,1
kall_ellipsoids_tc02b,0.401513,73.5217,1
kall_ellipsoids_tc02b,0.447112,73.4413,1
kall_ellipsoids_tc02b,0.451818,73.1413,1
kall_ellipsoids_tc02b,0.472436,72.9347,1
kall_ellipsoids_tc02b,0.53898,72.7611,1
kall_ellipsoids_tc02b,0.564487,72.6629,1
kall_ellipsoids_tc02b,0.565152,72.4629,1
kall_ellipsoids_tc02b,0.586844,72.2562,1
kall_ellipsoids_tc02b,0.6356,72.0837,1
kall_ellipsoids_tc02b,0.646126,71.7837,1
kall_ellipsoids_tc02b,0.699436,71.6411,1
kall_ellipsoids_tc02b,0.712178,71.4411,1
kall_ellipsoids_tc02b,0.727714,71.3687,1
kall_ellipsoids_tc02b,0.764039,71.223,1
kall_ellipsoids_tc02b,0.775547,70.923,1
kall_ellipsoids_tc02b,0.790215,70.7873,1
kall_ellipsoids_tc02b,0.806955,70.7156,1
kall_ellipsoids_tc02b,2.09461,70.6438,1
kall_ellipsoids_tc02b,2.11205,70.5722,1
kall_ellipsoids_tc02b,2.1123,70.3722,1
kall_ellipsoids_tc02b,2.17097,70.3008,1
kall_ellipsoids_tc02b,2.18996,70.0758,1
kall_ellipsoids_tc02b,2.2024,69.8298,1
kall_ellipsoids_tc02b,2.20319,69.5298,1
kall_ellipsoids_tc02b,2.23723,69.404,1
kall_ellipsoids_tc02b,2.25335,69.104,1
kall_ellipsoids_tc02b,2.28236,68.9776,1
kall_ellipsoids_tc02b,2.28991,68.8573,1
kall_ellipsoids_tc02b,2.29016,68.5573,1
kall_ellipsoids_tc02b,2.30739,68.48,1
kall_ellipsoids_tc02b,2.36427,68.3881,1
kall_ellipsoids_tc02b,2.38095,68.1881,1
kall_ellipsoids_tc02b,2.39255,68.0706,1
kall_ellipsoids_tc02b,2.3928,67.8706,1
kall_ellipsoids_tc02b,2.41638,67.7934,1
kall_ellipsoids_tc02b,2.46929,67.662,1
kall_ellipsoids_tc02b,2.48254,67.5193,1
kall_ellipsoids_tc02b,2.48374,67.2193,1
kall_ellipsoids_tc02b,2.49931,67.0815,1
kall_ellipsoids_tc02b,2.56106,66.9786,1
kall_ellipsoids_tc02b,2.59544,66.8109,1
kall_ellipsoids_tc02b,2.62607,66.695,1
kall_ellipsoids_tc02b,2.65109,66.5878,1
kall_ellipsoids_tc02b,2.66556,66.4865,1
kall_ellipsoids_tc02b,2.70942,66.3757,1
kall_ellipsoids_tc02b,2.70968,66.1757,1
kall_ellipsoids_tc02b,2.7711,66.0756,1
kall_ellipsoids_tc02b,2.77794,65.7756,1
kall_ellipsoids_tc02b,2.85474,65.679,1
kall_ellipsoids_tc02b,2.86866,65.379,1
kall_ellipsoids_tc02b,2.89724,65.1189,1
kall_ellipsoids_tc02b,2.91699,65.0527,1
kall_ellipsoids_tc02b,2.91777,64.7527,1
kall_ellipsoids_tc02b,2.96471,64.687,1
kall_ellipsoids_tc02b,3.0349,64.5827,1
kall_ellipsoids_tc02b,3.03566,64.3827,1
kall_ellipsoids_tc02b,3.0585,64.2794,1
kall_ellipsoids_tc02b,3.10745,64.1702,1
kall_ellipsoids_tc02b,3.12728,63.8702,1
kall_ellipsoids_tc02b,3.12861,63.5702,1
kall_ellipsoids_tc02b,3.19545,63.5056,1
kall_ellipsoids_tc02b,3.21167,63.2952,1
kall_ellipsoids_tc02b,3.24192,63.2194,1
kall_ellipsoids_tc02b,3.26558,63.1387,1
kall_ellipsoids_tc02b,3.3024,63.0223,1
kall_ellipsoids_tc02b,3.31983,62.9096,1
kall_ellipsoids_tc02b,3.32063,62.6096,1
kall_ellipsoids_tc02b,3.33715,62.546,1
kall_ellipsoids_tc02b,3.42105,62.4333,1
kall_ellipsoids_tc02b,3.45447,62.3155,1
kall_ellipsoids_tc02b,3.4884,62.2116,1
kall_ellipsoids_tc02b,3.51965,62.1252,1
kall_ellipsoids_tc02b,3.56392,62.0411,1
kall_ellipsoids_tc02b,3.60262,61.9236,1
kall_ellipsoids_tc02b,3.65503,61.8607,1
kall_ellipsoids_tc02b,3.8902,61.7978,1
kall_ellipsoids_tc02b,3.90994,61.6554,1
kall_ellipsoids_tc02b,3.93182,61.5625,1
kall_ellipsoids_tc02b,3.93214,61.2625,1
kall_ellipsoids_tc02b,3.94904,61.2002,1
kall_ellipsoids_tc02b,3.96643,61.1306,1
kall_ellipsoids_tc02b,3.96674,60.8306,1
kall_ellipsoids_tc02b,3.98174,60.6189,1
kall_ellipsoids_tc02b,4.00454,60.367,1
kall_ellipsoids_tc02b,4.00483,60.167,1
kall_ellipsoids_tc02b,4.01908,60.0531,1
kall_ellipsoids_tc02b,4.03974,59.9696,1
kall_ellipsoids_tc02b,4.05318,59.8771,1
kall_ellipsoids_tc02b,4.06601,59.7737,1
kall_ellipsoids_tc02b,4.06654,59.5737,1
kall_ellipsoids_tc02b,4.0883,59.4149,1
kall_ellipsoids_tc02b,4.08859,59.2149,1
kall_ellipsoids_tc02b,4.10759,59.0875,1
kall_ellipsoids_tc02b,4.10789,58.8875,1
kall_ellipsoids_tc02b,4.13316,58.8102,1
kall_ellipsoids_tc02b,4.14613,58.7283,1
kall_ellipsoids_tc02b,4.16986,58.6249,1
kall_ellipsoids_tc02b,4.19055,58.5083,1
kall_ellipsoids_tc02b,4.20293,58.4262,1
kall_ellipsoids_tc02b,4.20388,58.2262,1
kall_ellipsoids_tc02b,4.21929,58.0179,1
kall_ellipsoids_tc02b,4.2339,57.8974,1
kall_ellipsoids_tc02b,4.24873,57.8046,1
kall_ellipsoids_tc02b,4.2517,57.7223,1
kall_ellipsoids_tc02b,4.27079,57.5297,1
kall_ellipsoids_tc02b,4.27109,57.3297,1
kall_ellipsoids_tc02b,4.28633,57.2347,1
kall_ellipsoids_tc02b,4.30772,57.0477,1
kall_ellipsoids_tc02b,4.30804,56.7477,1
kall_ellipsoids_tc02b,4.32211,56.6862,1
kall_ellipsoids_tc02b,4.33753,56.558,1
kall_ellipsoids_tc02b,4.33804,56.358,1
kall_ellipsoids_tc02b,4.36274,56.2323,1
kall_ellipsoids_tc02b,4.3909,56.1247,1
kall_ellipsoids_tc02b,4.41321,56.0089,1
kall_ellipsoids_tc02b,4.601,55.9519,1
kall_ellipsoids_tc02b,4.60422,55.8949,1
kall_ellipsoids_tc02b,4.62962,55.6966,1
kall_ellipsoids_tc02b,4.66939,55.5931,1
kall_ellipsoids_tc02b,4.87581,55.5366,1
kall_ellipsoids_tc02b,4.88704,55.3804,1
kall_ellipsoids_tc02b,4.90538,55.2824,1
kall_ellipsoids_tc02b,4.90564,54.9824,1
kall_ellipsoids_tc02b,4.92452,54.8731,1
kall_ellipsoids_tc02b,4.93662,54.7753,1
kall_ellipsoids_tc02b,4.9454,54.7017,1
kall_ellipsoids_tc02b,4.97067,54.4939,1
kall_ellipsoids_tc02b,4.97806,54.3784,1
kall_ellipsoids_tc02b,4.99976,54.2456,1
kall_ellipsoids_tc02b,5.014,54.1006,1
kall_ellipsoids_tc02b,5.02613,54.0089,1
kall_ellipsoids_tc02b,5.99847,53.9539,1
kall_ellipsoids_tc02b,6.00828,53.7541,1
kall_ellipsoids_tc02b,6.00858,53.5541,1
kall_ellipsoids_tc02b,6.02342,53.4719,1
kall_ellipsoids_tc02b,6.03602,53.345,1
kall_ellipsoids_tc02b,6.05487,53.2182,1
kall_ellipsoids_tc02b,6.06369,53.0863,1
kall_ellipsoids_tc02b,6.08419,52.8274,1
kall_ellipsoids_tc02b,6.09148,52.6738,1
kall_ellipsoids_tc02b,6.10482,52.4146,1
kall_ellipsoids_tc02b,6.12438,52.2906,1
kall_ellipsoids_tc02b,6.13393,52.1128,1
kall_ellipsoids_tc02b,6.13564,51.8128,1
kall_ellipsoids_tc02b,6.15159,51.6232,1
kall_ellipsoids_tc02b,6.15215,51.3232,1
kall_ellipsoids_tc02b,6.1689,51.1086,1
kall_ellipsoids_tc02b,6.18695,50.9221,1
kall_ellipsoids_tc02b,6.20289,50.6416,1
kall_ellipsoids_tc02b,6.21957,50.3696,1
kall_ellipsoids_tc02b,6.22792,50.1886,1
kall_ellipsoids_tc02b,6.26904,50.007,1
kall_ellipsoids_tc02b,6.28965,49.9021,1
kall_ellipsoids_tc02b,6.32578,49.6336,1
kall_ellipsoids_tc02b,6.34524,49.5206,1
kall_ellipsoids_tc02b,6.36696,49.3392,1
kall_ellipsoids_tc02b,6.39015,49.2218,1
kall_ellipsoids_tc02b,6.41208,49.0403,1
kall_ellipsoids_tc02b,6.42867,48.9384,1
kall_ellipsoids_tc02b,6.46369,48.6547,1
kall_ellipsoids_tc02b,6.48014,48.5425,1
kall_ellipsoids_tc02b,6.50499,48.3593,1
kall_ellipsoids_tc02b,6.52224,48.2136,1
kall_ellipsoids_tc02b,6.53948,48.1419,1
kall_ellipsoids_tc02b,6.62677,48.0664,1
kall_ellipsoids_tc02b,8.48818,48.0173,1
kall_ellipsoids_tc02b,12.036,47.9683,1
kall_ellipsoids_tc02b,12.0691,47.9193,1
kall_ellipsoids_tc02b,12.1069,47.8704,1
kall_ellipsoids_tc02b,12.1811,47.8215,1
kall_ellipsoids_tc02b,12.2297,47.7727,1
kall_ellipsoids_tc02b,12.2933,47.7239,1
kall_ellipsoids_tc02b,12.3672,47.6752,1
kall_ellipsoids_tc02b,12.4493,47.6265,1
kall_ellipsoids_tc02b,12.5043,47.5779,1
kall_ellipsoids_tc02b,12.5595,47.3774,1
kall_ellipsoids_tc02b,12.6072,47.3291,1
kall_ellipsoids_tc02b,12.6409,47.2807,1
kall_ellipsoids_tc02b,12.6745,47.2314,1
kall_ellipsoids_tc02b,13.1239,47.1832,1
kall_ellipsoids_tc02b,13.1699,47.135,1
kall_ellipsoids_tc02b,13.2113,47.0869,1
kall_ellipsoids_tc02b,13.2414,46.8929,1
kall_ellipsoids_tc02b,13.4295,46.845,1
kall_ellipsoids_tc02b,13.5126,46.7972,1
kall_ellipsoids_tc02b,13.5528,46.7494,1
kall_ellipsoids_tc02b,13.5858,46.7016,1
kall_ellipsoids_tc02b,13.6144,46.5017,1
kall_ellipsoids_tc02b,13.7211,46.4542,1
kall_ellipsoids_tc02b,13.7568,46.4067,1
kall_ellipsoids_tc02b,13.8026,46.3593,1
kall_ellipsoids_tc02b,13.8263,46.1594,1
kall_ellipsoids_tc02b,13.8723,46.1122,1
kall_ellipsoids_tc02b,13.9054,46.0651,1
kall_ellipsoids_tc02b,16.4893,46.018,1
kall_ellipsoids_tc02b,16.5014,45.971,1
kall_ellipsoids_tc02b,16.6074,45.924,1
kall_ellipsoids_tc02b,16.6227,45.8771,1
kall_ellipsoids_tc02b,16.6263,45.5771,1
kall_ellipsoids_tc02b,16.7021,45.5305,1
kall_ellipsoids_tc02b,16.7227,45.2305,1
kall_ellipsoids_tc02b,16.7817,45.1843,1
kall_ellipsoids_tc02b,16.8173,45.1381,1
kall_ellipsoids_tc02b,16.9064,45.092,1
kall_ellipsoids_tc02b,16.9937,45.0063,1
kall_ellipsoids_tc02b,22.8553,44.9603,1
kall_ellipsoids_tc02b,22.9099,44.912,1
kall_ellipsoids_tc02b,22.9957,44.8661,1
kall_ellipsoids_tc02b,23.0786,44.8202,1
kall_ellipsoids_tc02b,24.728,44.7744,1
kall_ellipsoids_tc02b,24.8127,44.7286,1
kall_ellipsoids_tc02b,34.7671,44.6829,1
kall_ellipsoids_tc02b,37.349,44.6372,1
kall_ellipsoids_tc02b,37.4354,44.5214,1
kall_ellipsoids_tc02b,42.4549,44.4759,1
nvs22,0.0171117,212.72,1
nvs22,0.142353,207.957,1
nvs22,0.175305,203.194,1
nvs22,0.213701,197.437,1
nvs22,0.382445,192.819,1
nvs22,0.423144,182.443,1
nvs22,0.73757,172.068,1
nvs22,0.781493,161.693,1
nvs22,1.175,151.317,1
nvs22,1.69393,140.942,1
nvs22,2.26215,130.566,1
nvs22,2.31369,120.191,1
nvs22,3.25412,109.816,1
nvs22,4.3114,99.4403,1
nvs22,4.36958,89.0649,1
nvs22,5.76481,89.0649,0
nvs22,6.20942,78.6895,1
nvs22,6.27369,71.2007,1
nvs22,6.33852,68.3141,1
nvs22,6.40668,57.9388,1
nvs22,6.47498,47.5634,1
nvs22,7.90136,47.5634,0
nvs22,9.92573,47.5634,0
nvs22,10.9421,47.5634,0
nvs22,12.2069,47.5634,0
nvs22,13.4592,47.5634,0
nvs22,13.5291,37.188,1
nvs22,13.6168,26.8126,1
nvs22,13.718,16.4372,1
nvs22,13.8316,15.7655,1
nvs22,13.8323,13.4562,1
nvs22,14.8649,13.4562,0
nvs22,15.9396,13.4562,0
nvs22,17.4211,13.4562,0
nvs22,18.4821,13.4562,0
nvs22,19.5129,13.4562,0
nvs22,21.0303,13.4562,0
nvs22,22.0705,13.4562,0
nvs22,23.1362,13.4562,0
nvs22,24.1908,13.4562,0
nvs22,25.2202,13.4562,0
nvs22,26.2498,13.4562,0
nvs22,27.3311,13.4562,0
nvs22,28.3362,13.4562,0
nvs22,29.4179,13.4562,0
nvs22,30.8872,13.4562,0
nvs22,31.9071,13.4562,0
nvs22,32.9662,13.4562,0
nvs22,33.9908,13.4562,0
nvs22,35.0307,13.4562,0
nvs22,36.5424,13.4562,0
nvs22,37.5578,13.4562,0
nvs22,39.0287,13.4562,0
nvs22,40.0331,13.4562,0
nvs22,41.0859,13.4562,0
nvs22,42.5779,13.4562,0
nvs22,44.065,13.4562,0
nvs22,45.1032,13.4562,0
nvs22,46.6073,13.4562,0
nvs22,47.63,13.4562,0
nvs22,48.7165,13.4562,0
nvs22,49.7657,13.4562,0
nvs22,50.7966,13.4562,0
nvs22,52.258,13.4562,0
nvs22,53.2828,13.4562,0
nvs22,54.3366,13.4562,0
nvs22,55.4006,13.4562,0
nvs22,56.4743,13.4562,0
nvs22,57.4919,13.4562,0
nvs22,58.5726,13.4562,0
nvs22,59.6376,13.4562,0
mathopt1,1.4667e-05,1,1
mathopt1,1.77699,0.80008,1
mathopt1,1.77703,2.31004e-07,1
mathopt1,1.78721,1.38478e-10,1
mathopt1,1.78726,2.11048e-15,1
mathopt1,2.79066,2.11048e-15,0
mathopt1,3.79344,2.11048e-15,0
mathopt1,4.79756,2.11048e-15,0
mathopt1,5.80069,2.11048e-15,0
mathopt1,6.80345,2.11048e-15,0
mathopt1,7.80774,2.11048e-15,0
mathopt1,8.80796,2.11048e-15,0
mathopt1,9.81082,2.11048e-15,0
mathopt1,10.8134,2.11048e-15,0
mathopt1,11.8178,2.11048e-15,0
mathopt1,12.8208,2.11048e-15,0
mathopt1,13.8263,2.11048e-15,0
mathopt1,14.8294,2.11048e-15,0
mathopt1,15.8326,2.11048e-15,0
mathopt1,16.8349,2.11048e-15,0
mathopt1,17.8393,2.11048e-15,0
mathopt1,18.8443,2.11048e-15,0
mathopt1,19.8489,2.11048e-15,0
mathopt1,21.855,2.11048e-15,0
mathopt1,22.8621,2.11048e-15,0
mathopt1,23.8625,2.11048e-15,0
mathopt1,24.8655,2.11048e-15,0
mathopt1,25.8688,2.11048e-15,0
mathopt1,26.8738,2.11048e-15,0
mathopt1,27.875,2.11048e-15,0
mathopt1,28.8775,2.11048e-15,0
mathopt1,29.8793,2.11048e-15,0
mathopt1,30.8832,2.11048e-15,0
mathopt1,31.8847,2.11048e-15,0
mathopt1,32.8895,2.11048e-15,0
mathopt1,33.8934,2.11048e-15,0
mathopt1,34.8937,2.11048e-15,0
mathopt1,35.8949,2.11048e-15,0
mathopt1,36.8978,2.11048e-15,0
mathopt1,37.8983,2.11048e-15,0
mathopt1,39.9037,2.11048e-15,0
mathopt1,40.9062,2.11048e-15,0
mathopt1,41.9094,2.11048e-15,0
mathopt1,42.9122,2.11048e-15,0
mathopt1,43.9141,2.11048e-15,0
mathopt1,44.9179,2.11048e-15,0
mathopt1,45.9182,2.11048e-15,0
mathopt1,46.9212,2.11048e-15,0
mathopt1,47.9259,2.11048e-15,0
mathopt1,48.9325,2.11048e-15,0
mathopt1,49.9349,2.11048e-15,0
mathopt1,50.9355,2.11048e-15,0
mathopt1,51.9369,2.11048e-15,0
mathopt1,52.9412,2.11048e-15,0
mathopt1,53.9447,2.11048e-15,0
mathopt1,54.9466,2.11048e-15,0
mathopt1,55.9501,2.11048e-15,0
mathopt1,56.9543,2.11048e-15,0
mathopt1,57.9561,2.11048e-15,0
mathopt1,58.9592,2.11048e-15,0
mathopt1,59.9616,2.11048e-15,0
least,1.4178e-05,752888,1
least,9.7917e-05,110005,1
least,0.000144501,109895,1
least,0.000202679,109784,1
least,0.000257085,109674,1
least,0.000315332,109559,1
least,0.000357167,109449,1
least,0.000413459,109326,1
least,0.000456761,109216,1
least,0.000513053,109083,1
least,0.00055831,108974,1
least,0.000614462,108828,1
least,0.000657554,108719,1
least,0.000713846,108560,1
least,0.000756798,108452,1
least,0.00081302,108279,1
least,0.000856112,108171,1
least,0.000912334,107984,1
least,0.000955845,107876,1
least,0.00101151,107675,1
least,0.00106731,107567,1
least,0.00112689,107353,1
least,0.00118632,107246,1
least,0.0012549,107019,1
least,0.00131546,106912,1
least,0.0013751,106677,1
least,0.00143551,106570,1
least,0.00149509,106336,1
least,0.00155515,106230,1
least,0.00161473,105995,1
least,0.00167521,105889,1
least,0.00173464,105653,1
least,0.00179471,105548,1
least,0.00185393,105270,1
least,0.00191399,105164,1
least,0.00197357,104879,1
least,0.00203314,104774,1
least,0.00209279,104482,1
least,0.00215236,104378,1
least,0.0022118,104080,1
least,0.00228464,103976,1
least,0.00234617,103673,1
least,0.00240665,103569,1
least,0.00246588,103260,1
least,0.00252636,103157,1
least,0.00258552,102843,1
least,0.002646,102740,1
least,0.00270606,102454,1
least,0.00276627,102352,1
least,0.00282633,102059,1
least,0.00288646,101957,1
least,0.00294562,101658,1
least,0.00300554,101557,1
least,0.00306547,101252,1
least,0.00312546,101151,1
least,0.00318454,100841,1
least,0.00326451,100740,1
least,0.00333868,100363,1
least,0.00339882,100263,1
least,0.0034528,99880.1,1
least,0.00351294,99780.3,1
least,0.00356651,99392.4,1
least,0.00362664,99293,1
least,0.00368056,98900,1
least,0.00374069,98801.1,1
least,0.00379433,98403.5,1
least,0.00385467,98305.1,1
least,0.00390859,97903.1,1
least,0.00396823,97805.2,1
least,0.00402215,97399.1,1
least,0.00408131,97301.7,1
least,0.00413522,96891.9,1
least,0.00419431,96795,1
least,0.00425828,96381.7,1
least,0.00431911,96285.3,1
least,0.00437275,95868.8,1
least,0.00443281,95772.9,1
least,0.00448673,95353.4,1
least,0.00454638,95258,1
least,0.00459967,94835.8,1
least,0.00466022,94741,1
least,0.00471365,94316.3,1
least,0.00477364,94221.9,1
least,0.00482728,93795,1
least,0.00488734,93701.2,1
least,0.00494112,93272.2,1
least,0.00500083,93178.9,1
least,0.00505482,92748.1,1
least,0.00511516,92655.3,1
least,0.00516971,92222.8,1
least,0.00522977,92130.6,1
least,0.00529228,91696.7,1
least,0.00535374,91605,1
least,0.00540745,91169.8,1
least,0.00546751,91078.6,1
least,0.0055208,90642.3,1
least,0.00558086,90551.6,1
least,0.00563478,90114.4,1
least,0.00569582,90024.3,1
least,0.0057496,89586.3,1
least,0.00580966,89496.7,1
least,0.00586351,89058.1,1
least,0.00592392,88969,1
least,0.0059777,88530,1
least,0.00603825,88441.4,1
least,0.00609161,88002,1
least,0.0061516,87914,1
least,0.00620531,87474.4,1
least,0.00627627,87387,1
least,0.0063355,86947.3,1
least,0.00639661,86860.3,1
least,0.00645039,86420.7,1
least,0.00651003,86334.3,1
least,0.00656346,85894.9,1
least,0.00662268,85809,1
least,0.00667653,85369.9,1
least,0.00673597,85284.5,1
least,0.00678946,84845.8,1
least,0.00684953,84761,1
least,0.00690295,84322.8,1
least,0.00696281,84238.4,1
least,0.00701645,83800.9,1
least,0.00707658,83717.1,1
least,0.00713057,83280.2,1
least,0.00719063,83196.9,1
least,0.00724406,82760.8,1
least,0.00731607,82678.1,1
least,0.00737138,82242.9,1
least,0.00743095,82160.7,1
least,0.00748473,81726.5,1
least,0.00754514,81644.8,1
least,0.00759892,81211.7,1
least,0.00765954,81130.5,1
least,0.00771297,80698.5,1
least,0.00777394,80617.8,1
least,0.00782772,80187.1,1
least,0.00788778,80106.9,1
least,0.00794163,79677.4,1
least,0.00800135,79597.8,1
least,0.00805533,79169.7,1
least,0.00811728,79090.5,1
least,0.0081712,78663.9,1
least,0.00823077,78585.2,1
least,0.00829251,78160.1,1
least,0.00835349,78081.9,1
least,0.00840691,77658.3,1
least,0.00846649,77580.7,1
least,0.00851978,77158.7,1
least,0.00857977,77081.6,1
least,0.00863411,76661.3,1
least,0.00869361,76584.6,1
least,0.00874746,76166.1,1
least,0.00880745,76089.9,1
least,0.00886095,75673.1,1
least,0.00892716,75597.5,1
least,0.00898052,75182.5,1
least,0.00904107,75107.3,1
least,0.00909471,74694.3,1
least,0.00915477,74619.6,1
least,0.0092082,74208.5,1
least,0.00927881,74134.3,1
least,0.00933482,73725.1,1
least,0.00939558,73651.4,1
least,0.00944908,73244.2,1
least,0.00950956,73171,1
least,0.00956362,72765.9,1
least,0.0096232,72693.1,1
least,0.00967662,72290.1,1
least,0.00973725,72217.8,1
least,0.00979116,71817,1
least,0.0098513,71745.1,1
least,0.00990487,71346.4,1
least,0.00996451,71275.1,1
least,0.0100184,70878.5,1
least,0.0100786,70807.7,1
least,0.0101322,70413.3,1
least,0.0101925,70342.9,1
least,0.010255,69950.9,1
least,0.0103161,69880.9,1
least,0.01037,69491.1,1
least,0.0104298,69421.6,1
least,0.0104831,69034.2,1
least,0.0105427,68965.1,1
least,0.0105966,68580,1
least,0.0106584,68511.4,1
least,0.0107117,68128.6,1
least,0.0107717,68060.5,1
least,0.0108252,67680.1,1
least,0.0108856,67612.4,1
least,0.0109395,67234.4,1
least,0.0109996,67167.1,1
least,0.0110529,66791.5,1
least,0.011113,66724.7,1
least,0.011167,66351.6,1
least,0.0112262,66285.2,1
least,0.0112897,65914.5,1
least,0.0113507,65848.6,1
least,0.0114041,65480.3,1
least,0.0114648,65414.8,1
least,0.0115187,65049.1,1
least,0.0115792,64984,1
least,0.011633,64620.7,1
least,0.0116935,64556.1,1
least,0.0117473,64195.4,1
least,0.0118073,64131.2,1
least,0.0118606,63772.9,1
least,0.0119207,63709.1,1
least,0.011974,63353.4,1
least,0.0120341,63290.1,1
least,0.012088,62936.9,1
least,0.012148,62874,1
least,0.0122014,62523.3,1
least,0.0122721,62460.8,1
least,0.0123279,62112.7,1
least,0.0123904,62050.6,1
least,0.0124439,61705.1,1
least,0.0125043,61643.4,1
least,0.0125574,61300.5,1
least,0.0126175,61239.2,1
least,0.012671,60898.8,1
least,0.0127306,60837.9,1
least,0.012784,60500.2,1
least,0.0128436,60439.7,1
least,0.0128971,60104.5,1
least,0.0129568,60044.4,1
least,0.0130106,59711.8,1
least,0.013072,59652.1,1
least,0.0131259,59322.1,1
least,0.0131859,59262.8,1
least,0.0132399,58935.3,1
least,0.0133089,58876.4,1
least,0.0133639,58551.6,1
least,0.0134239,58493.1,1
least,0.0134774,58170.8,1
least,0.0135371,58112.7,1
least,0.0135905,57793,1
least,0.0136506,57735.3,1
least,0.0137041,57418.2,1
least,0.0137641,57360.8,1
least,0.0138174,57046.4,1
least,0.0138772,56989.3,1
least,0.0139306,56677.5,1
least,0.0139907,56620.8,1
least,0.0140443,56311.6,1
least,0.0141041,56255.3,1
least,0.014158,55948.6,1
least,0.0142181,55892.7,1
least,0.01428,55588.6,1
least,0.0143439,55533,1
least,0.0143976,55231.5,1
least,0.0144572,55176.3,1
least,0.014511,54877.4,1
least,0.0145711,54822.5,1
least,0.0146248,54526.2,1
least,0.0146848,54471.7,1
least,0.0147386,54177.9,1
least,0.0147986,54123.7,1
least,0.0148521,53832.5,1
least,0.0149118,53778.7,1
least,0.0149657,53490,1
least,0.0150253,53436.5,1
least,0.0150791,53150.4,1
least,0.0151388,53097.3,1
least,0.0151925,52813.7,1
least,0.0152627,52760.9,1
least,0.0153175,52479.9,1
least,0.0153775,52427.4,1
least,0.0154311,52148.9,1
least,0.0154931,52096.7,1
least,0.015547,51820.8,1
least,0.0156066,51769,1
least,0.0156603,51495.5,1
least,0.0157202,51444,1
least,0.0157741,51173,1
least,0.0158337,51121.9,1
least,0.0158875,50853.4,1
least,0.0159468,50802.6,1
least,0.0160007,50536.6,1
least,0.0160604,50486,1
least,0.0161137,50222.5,1
least,0.0161732,50172.3,1
least,0.0162267,49911.3,1
least,0.0162958,49861.4,1
least,0.0163506,49602.8,1
least,0.0164103,49553.2,1
least,0.0164639,49297.1,1
least,0.0165238,49247.8,1
least,0.0165773,48994.1,1
least,0.0166369,48945.1,1
least,0.0166907,48693.8,1
least,0.0167509,48645.1,1
least,0.0168044,48396.3,1
least,0.0168645,48347.9,1
least,0.0169179,48101.5,1
least,0.0169777,48053.4,1
least,0.0170315,47809.3,1
least,0.0170915,47761.5,1
least,0.017145,47519.9,1
least,0.0172051,47472.3,1
least,0.0172663,47233,1
least,0.0173288,47185.8,1
least,0.0173823,46948.9,1
least,0.0174419,46901.9,1
least,0.0174954,46667.3,1
least,0.0175554,46620.7,1
least,0.0176093,46388.4,1
least,0.0176685,46342,1
least,0.0177225,46112.1,1
least,0.0177823,46066,1
least,0.017836,45838.4,1
least,0.0178961,45792.5,1
least,0.01795,45567.2,1
least,0.0180111,45521.7,1
least,0.0180688,45298.6,1
least,0.0181294,45253.3,1
least,0.0181823,45032.6,1
least,0.0182424,44987.5,1
least,0.0183054,44769,1
least,0.0183673,44724.3,1
least,0.0184211,44508,1
least,0.0184811,44463.5,1
least,0.018535,44249.5,1
least,0.0185945,44205.2,1
least,0.0186482,43993.4,1
least,0.0187078,43949.4,1
least,0.0187612,43739.9,1
least,0.0188222,43696.1,1
least,0.0188758,43488.7,1
least,0.0189354,43445.2,1
least,0.0189897,43240,1
least,0.0190503,43196.8,1
least,0.0191045,42993.7,1
least,0.019165,42950.7,1
least,0.0192192,42749.8,1
least,0.0192909,42707.1,1
least,0.0193465,42508.3,1
least,0.0194065,42465.8,1
least,0.0194605,42269.2,1
least,0.019521,42226.9,1
least,0.0195759,42032.4,1
least,0.0196362,41990.4,1
least,0.0196904,41797.9,1
least,0.019751,41756.1,1
least,0.0198049,41565.8,1
least,0.019865,41524.2,1
least,0.0199198,41336,1
least,0.0199799,41294.6,1
least,0.0200343,41108.4,1
least,0.0200945,41067.3,1
least,0.0201486,40883.1,1
least,0.0202089,40842.3,1
least,0.0202714,40660.1,1
least,0.0203324,40619.5,1
least,0.0203859,40439.3,1
least,0.0204483,40398.9,1
least,0.0205021,40220.8,1
least,0.0205616,40180.5,1
least,0.020616,40004.4,1
least,0.0206756,39964.4,1
least,0.0207292,39790.2,1
least,0.0207888,39750.4,1
least,0.0208422,39578.2,1
least,0.0209023,39538.6,1
least,0.0209556,39368.4,1
least,0.0210155,39329,1
least,0.0210697,39160.7,1
least,0.0211294,39121.5,1
least,0.0211829,38955.1,1
least,0.0212426,38916.1,1
least,0.0213051,38751.6,1
least,0.0213661,38712.9,1
least,0.0214199,38550.2,1
least,0.0214799,38511.7,1
least,0.0215334,38350.9,1
least,0.021593,38312.5,1
least,0.0216468,38153.6,1
least,0.0217068,38115.5,1
least,0.0217606,37958.4,1
least,0.0218201,37920.5,1
least,0.0218739,37765.2,1
least,0.0219339,37727.5,1
least,0.0219874,37574,1
least,0.0220467,37536.5,1
least,0.0221005,37384.9,1
least,0.0221601,37347.5,1
least,0.0222135,37197.6,1
least,0.0222823,37160.4,1
least,0.0223372,37012.4,1
least,0.0223973,36975.4,1
least,0.0224506,36829.1,1
least,0.0225112,36792.3,1
least,0.022565,36647.7,1
least,0.0226251,36611.1,1
least,0.022679,36468.2,1
least,0.022739,36431.8,1
least,0.0227928,36290.7,1
least,0.0228541,36254.4,1
least,0.022908,36115,1
least,0.0229677,36078.9,1
least,0.0230214,35941.2,1
least,0.0230816,35905.2,1
least,0.0231356,35769.2,1
least,0.0231957,35733.4,1
least,0.0232582,35599.1,1
least,0.0233199,35563.5,1
least,0.0233741,35430.7,1
least,0.0234346,35395.3,1
least,0.0234881,35264.2,1
least,0.0235487,35229,1
least,0.0236023,35099.5,1
least,0.0236629,35064.4,1
least,0.0237168,34936.6,1
least,0.0237765,34901.6,1
least,0.0238299,34775.4,1
least,0.02389,34740.6,1
least,0.0239439,34615.9,1
least,0.024004,34581.3,1
least,0.0240637,34476.7,1
least,0.0241236,34442.2,1
least,0.024183,34338.6,1
least,0.024243,34304.2,1
least,0.0243113,34201.6,1
least,0.0243731,34167.4,1
least,0.0244329,34065.8,1
least,0.0244925,34031.7,1
least,0.0245517,33931.1,1
least,0.0246126,33897.2,1
least,0.0246723,33797.5,1
least,0.0247323,33763.7,1
least,0.024792,33665,1
least,0.0248515,33631.3,1
least,0.0249109,33533.6,1
least,0.0249713,33500.1,1
least,0.0250314,33403.3,1
least,0.025091,33369.9,1
least,0.0251507,33274.1,1
least,0.0252114,33240.8,1
least,0.02528,33145.9,1
least,0.0253406,33112.8,1
least,0.0254002,33018.9,1
least,0.0254623,32985.8,1
least,0.0255218,32892.8,1
least,0.0255819,32859.9,1
least,0.025641,32767.9,1
least,0.0257015,32735.1,1
least,0.0257616,32644,1
least,0.0258212,32611.3,1
least,0.0258809,32521.1,1
least,0.0259409,32488.6,1
least,0.026001,32399.2,1
least,0.0260611,32366.8,1
least,0.0261208,32278.4,1
least,0.0261818,32246.1,1
least,0.0262413,32158.6,1
least,0.0263112,32126.4,1
least,0.0263717,32039.8,1
least,0.0264319,32007.8,1
least,0.0264918,31922,1
least,0.0265511,31890.1,1
least,0.0266107,31805.2,1
least,0.0266708,31773.4,1
least,0.0267299,31689.4,1
least,0.0267895,31657.7,1
least,0.0268486,31574.6,1
least,0.0269087,31543,1
least,0.0269674,31460.8,1
least,0.0270268,31429.3,1
least,0.0270861,31347.9,1
least,0.0271453,31316.5,1
least,0.0272044,31236,1
least,0.027273,31204.8,1
least,0.0273339,31125,1
least,0.0273967,31093.9,1
least,0.0274559,31005.1,1
least,0.0275156,30974.1,1
least,0.0275752,30886.1,1
least,0.0276352,30855.2,1
least,0.0276948,30768.1,1
least,0.0277559,30737.4,1
least,0.0278154,30651.1,1
least,0.027876,30620.5,1
least,0.0279361,30535,1
least,0.0279981,30504.5,1
least,0.0280578,30419.9,1
least,0.0281178,30389.5,1
least,0.0281774,30305.7,1
least,0.0282379,30275.4,1
least,0.0283067,30192.4,1
least,0.0283678,30162.2,1
least,0.0284279,30080.1,1
least,0.028488,30050,1
least,0.0285476,29968.7,1
least,0.028608,29938.7,1
least,0.028668,29858.2,1
least,0.0287275,29828.4,1
least,0.0287871,29748.6,1
least,0.0288472,29718.9,1
least,0.0289062,29640,1
least,0.0289664,29610.3,1
least,0.0290259,29532.2,1
least,0.0290861,29502.7,1
least,0.029146,29425.3,1
least,0.0292053,29395.9,1
least,0.0292736,29319.4,1
least,0.0293346,29290,1
least,0.0293944,29214.3,1
least,0.0294543,29185,1
least,0.0295139,29110,1
least,0.029574,29080.9,1
least,0.0296332,29006.8,1
least,0.0296934,28977.8,1
least,0.0297526,28904.5,1
least,0.0298126,28875.6,1
least,0.0298726,28803.1,1
least,0.0299322,28774.3,1
least,0.0299923,28702.7,1
least,0.0300523,28674,1
least,0.030112,28611.8,1
least,0.0301721,28583.2,1
least,0.0302318,28521.3,1
least,0.0303005,28492.7,1
least,0.0303606,28431.2,1
least,0.0304201,28402.7,1
least,0.0304793,28341.5,1
least,0.0305413,28313.1,1
least,0.0306,28252.1,1
least,0.0306596,28223.9,1
least,0.0307191,28163.2,1
least,0.030779,28135.1,1
least,0.0308381,28074.7,1
least,0.0308981,28046.6,1
least,0.0309572,27986.5,1
least,0.0310168,27958.5,1
least,0.0310764,27898.7,1
least,0.0311361,27870.8,1
least,0.0311957,27811.2,1
least,0.0312646,27783.4,1
least,0.0313255,27724.1,1
least,0.0313856,27696.4,1
least,0.0314451,27637.3,1
least,0.0315055,27609.7,1
least,0.0315649,27550.8,1
least,0.0316254,27523.3,1
least,0.0316846,27464.7,1
least,0.0317447,27437.2,1
least,0.031804,27378.8,1
least,0.0318635,27351.5,1
least,0.0319231,27293.3,1
least,0.0319828,27266,1
least,0.0320418,27208,1
least,0.0321019,27180.8,1
least,0.0321615,27122.9,1
least,0.0322212,27095.8,1
least,0.0322898,27038.2,1
least,0.032351,27011.2,1
least,0.0324106,26954.3,1
least,0.0324707,26927.3,1
least,0.0325302,26871.2,1
least,0.0325904,26844.3,1
least,0.0326499,26788.9,1
least,0.0327096,26762.1,1
least,0.0327688,26707.3,1
least,0.0328287,26680.6,1
least,0.0328881,26626.6,1
least,0.0329482,26600,1
least,0.0330073,26546.6,1
least,0.0330672,26520.1,1
least,0.0331264,26467.4,1
least,0.0331884,26441,1
least,0.033257,26389,1
least,0.0333185,26362.6,1
least,0.0333775,26311.3,1
least,0.033438,26285,1
least,0.0334976,26234.4,1
least,0.0335571,26208.2,1
least,0.0336166,26158.3,1
least,0.0336769,26132.1,1
least,0.033736,26082.9,1
least,0.0337956,26056.8,1
least,0.0338553,26008.2,1
least,0.0339151,25982.2,1
least,0.0339746,25934.3,1
least,0.0340337,25908.3,1
least,0.0340928,25861.1,1
least,0.0341529,25835.2,1
least,0.034212,25788.6,1
least,0.0342802,25762.8,1
least,0.0343402,25716.8,1
least,0.0344004,25691.1,1
least,0.0344596,25645.8,1
least,0.0345197,25620.1,1
least,0.0345783,25575.4,1
least,0.0346378,25549.9,1
least,0.0346971,25505.8,1
least,0.0347568,25480.3,1
least,0.0348159,25436.9,1
least,0.0348761,25411.4,1
least,0.0349349,25368.6,1
least,0.0349943,25343.2,1
least,0.0350539,25301,1
least,0.0351131,25275.7,1
least,0.0351726,25234.2,1
least,0.0352318,25208.9,1
least,0.0353004,25168,1
least,0.0353605,25142.8,1
least,0.0354201,25102.4,1
least,0.0354796,25077.3,1
least,0.0355389,25037.6,1
least,0.0355994,25012.5,1
least,0.0356591,24973.4,1
least,0.0357214,24948.4,1
least,0.0357813,24909.8,1
least,0.0358409,24884.9,1
least,0.0359001,24847,1
least,0.0359602,24822.1,1
least,0.0360193,24784.7,1
least,0.0360794,24759.9,1
least,0.036139,24723.1,1
least,0.0361986,24698.4,1
least,0.0362663,24662.2,1
least,0.0363278,24637.5,1
least,0.0363874,24601.9,1
least,0.036447,24577.3,1
least,0.0365076,24542.2,1
least,0.0365673,24517.7,1
least,0.0366283,24483.2,1
least,0.0366884,24458.7,1
least,0.0367489,24424.7,1
least,0.0368087,24400.3,1
least,0.0368697,24366.9,1
least,0.0369288,24342.6,1
least,0.0369899,24309.7,1
least,0.0370536,24285.4,1
least,0.0371155,24253.2,1
least,0.0371755,24228.9,1
least,0.0372361,24197.2,1
least,0.0373044,24173,1
least,0.0373666,24141.8,1
least,0.0374262,24117.7,1
least,0.0374872,24087.1,1
least,0.0375472,24063,1
least,0.0376089,24032.9,1
least,0.0376686,24008.8,1
least,0.0377296,23979.3,1
least,0.0377893,23955.3,1
least,0.0378501,23926.3,1
least,0.03791,23902.4,1
least,0.0379709,23873.9,1
least,0.0380311,23850,1
least,0.0380915,23822.1,1
least,0.0381519,23798.2,1
least,0.0382124,23770.8,1
least,0.0382835,23747,1
least,0.0383454,23720.1,1
least,0.038405,23696.4,1
least,0.0384655,23670,1
least,0.0385252,23646.3,1
least,0.0385857,23620.4,1
least,0.0386456,23596.8,1
least,0.0387064,23571.4,1
least,0.038766,23547.8,1
least,0.038827,23522.9,1
least,0.0389003,23499.4,1
least,0.0389611,23475,1
least,0.0390347,23451.5,1
least,0.0390957,23427.6,1
least,0.0391684,23404.2,1
least,0.0392365,23380.8,1
least,0.0525026,23367.8,1
least,0.0525836,23367.7,1
least,0.0660713,23367.6,1
least,0.0794825,23367.6,1
least,0.0929179,23367.5,1
least,0.106362,23367.5,1
least,0.119728,23367.4,1
least,0.133075,23367.4,1
least,0.146522,23367.3,1
least,0.159898,23367.3,1
least,0.173335,23367.2,1
least,0.18674,23367.2,1
least,0.200182,23367.1,1
least,0.213585,23367.1,1
least,0.226945,23367,1
least,0.240311,23367,1
least,0.253695,23366.9,1
least,0.267061,23366.9,1
least,0.280508,23366.9,1
least,0.293924,23366.8,1
least,0.307393,23366.8,1
least,0.320846,23366.7,1
least,0.334175,23366.7,1
least,0.347598,23366.7,1
least,0.360987,23366.6,1
least,0.374391,23366.6,1
least,0.387812,23366.6,1
least,0.401153,23366.5,1
least,0.414463,23366.5,1
least,0.427912,23366.5,1
least,0.441364,23366.4,1
least,0.454719,23366.4,1
least,0.468089,23366.4,1
least,0.48152,23366.3,1
least,0.49497,23366.3,1
least,0.508419,23366.3,1
least,0.521813,23366.2,1
least,0.53517,23366.2,1
least,0.548486,23366.2,1
least,0.561818,23366.2,1
least,0.575234,23366.1,1
least,0.58873,23366.1,1
least,0.602152,23366.1,1
least,0.615628,23366,1
least,0.629058,23366,1
least,0.642442,23366,1
least,0.655844,23366,1
least,0.669285,23365.9,1
least,0.682621,23365.9,1
least,0.695935,23365.9,1
least,0.709413,23365.9,1
least,0.722814,23365.9,1
least,0.736184,23365.8,1
least,0.749561,23365.8,1
least,0.762922,23365.8,1
least,0.776446,23365.8,1
least,0.789825,23365.7,1
least,0.803243,23365.7,1
least,0.816592,23365.7,1
least,0.830007,23365.7,1
least,0.843417,23365.7,1
least,0.856833,23365.6,1
least,0.870259,23365.6,1
least,0.883639,23365.6,1
least,0.897088,23365.6,1
least,0.910531,23365.6,1
least,0.923894,23365.6,1
least,0.937347,23365.5,1
least,0.950695,23365.5,1
least,0.963999,23365.5,1
least,0.977376,23365.5,1
least,0.990762,23365.5,1
least,1.00413,23365.5,1
least,1.01755,23365.4,1
least,1.03095,23365.4,1
least,1.04436,23365.4,1
least,1.05771,23365.4,1
least,1.07114,23365.4,1
least,1.08457,23365.4,1
least,1.09797,23365.4,1
least,1.11133,23365.4,1
least,1.12476,23365.3,1
least,1.13814,23365.3,1
least,1.1515,23365.3,1
least,1.16491,23365.3,1
least,1.17839,23365.3,1
least,1.19185,23365.3,1
least,1.20524,23365.3,1
least,1.2187,23365.3,1
least,1.23217,23365.2,1
least,1.24563,23365.2,1
least,1.25901,23365.2,1
least,1.27244,23365.2,1
least,1.28581,23365.2,1
least,1.29919,23365.2,1
least,1.31259,23365.2,1
least,1.32597,23365.2,1
least,1.33936,23365.2,1
least,1.35269,23365.2,1
least,1.36605,23365.1,1
least,1.37939,23365.1,1
least,1.3928,23365.1,1
least,1.4062,23365.1,1
least,1.41953,23365.1,1
least,1.43296,23365.1,1
least,1.4464,23365.1,1
least,1.4598,23365.1,1
least,1.47315,23365.1,1
least,1.48652,23365.1,1
least,1.49991,23365.1,1
least,1.51326,23365.1,1
least,1.52661,23365,1
least,1.5401,23365,1
least,1.5536,23365,1
least,1.56706,23365,1
least,1.58046,23365,1
least,1.59381,23365,1
least,1.6072,23365,1
least,1.62057,23365,1
least,1.63393,23365,1
least,1.64737,23365,1
least,1.66077,23365,1
least,1.67411,23365,1
least,1.68752,23365,1
least,1.70093,23365,1
least,1.7144,23365,1
least,1.72779,23364.9,1
least,1.7412,23364.9,1
least,1.75461,23364.9,1
least,1.76805,23364.9,1
least,1.78142,23364.9,1
least,1.79484,23364.9,1
least,1.80816,23364.9,1
least,1.82154,23364.9,1
least,1.83485,23364.9,1
least,1.84819,23364.9,1
least,1.86163,23364.9,1
least,1.87495,23364.9,1
least,1.88838,23364.9,1
least,1.90181,23364.9,1
least,1.91521,23364.9,1
least,1.92869,23364.9,1
least,1.94208,23364.9,1
least,1.95553,23364.9,1
least,1.96899,23364.9,1
least,1.98243,23364.9,1
least,1.99586,23364.9,1
least,2.00927,23364.9,1
least,2.02266,23364.8,1
least,2.03605,23364.8,1
least,2.0494,23364.8,1
least,2.06281,23364.8,1
least,2.07626,23364.8,1
least,2.08967,23364.8,1
least,2.10308,23364.8,1
least,2.11642,23364.8,1
least,2.12981,23364.8,1
least,2.14317,23364.8,1
least,2.15658,23364.8,1
least,2.16996,23364.8,1
least,2.18336,23364.8,1
least,2.19684,23364.8,1
least,2.21029,23364.8,1
least,2.22368,23364.8,1
least,2.23707,23364.8,1
least,2.25053,23364.8,1
least,2.26389,23364.8,1
least,2.27732,23364.8,1
least,2.29063,23364.8,1
least,2.30399,23364.8,1
least,2.31739,23364.8,1
least,2.33078,23364.8,1
least,2.34414,23364.8,1
least,2.35753,23364.8,1
least,2.37082,23364.8,1
least,2.38424,23364.8,1
least,2.39771,23364.8,1
least,2.41112,23364.8,1
least,2.42452,23364.8,1
least,2.43785,23364.8,1
least,2.45129,23364.8,1
least,2.46468,23364.8,1
least,2.47811,23364.8,1
least,2.49153,23364.8,1
least,2.505,23364.8,1
least,2.51848,23364.7,1
least,2.53189,23364.7,1
least,2.54528,23364.7,1
least,2.55867,23364.7,1
least,2.5721,23364.7,1
least,2.58546,23364.7,1
least,2.59885,23364.7,1
least,2.61219,23364.7,1
least,2.62556,23364.7,1
least,2.63899,23364.7,1
least,2.65235,23364.7,1
least,2.66576,23364.7,1
least,2.67918,23364.7,1
least,2.69258,23364.7,1
least,2.70595,23364.7,1
least,2.71936,23364.7,1
least,2.73275,23364.7,1
least,2.74619,23364.7,1
least,2.75966,23364.7,1
least,2.77302,23364.7,1
least,2.78645,23364.7,1
least,2.79979,23364.7,1
least,2.81315,23364.7,1
least,2.82653,23364.7,1
least,2.83992,23364.7,1
least,2.85333,23364.7,1
least,2.86671,23364.7,1
least,2.88005,23364.7,1
least,2.89339,23364.7,1
least,2.90676,23364.7,1
least,2.92026,23364.7,1
least,2.93362,23364.7,1
least,2.947,23364.7,1
least,2.9605,23364.7,1
least,2.9739,23364.7,1
least,2.98737,23364.7,1
least,3.00074,23364.7,1
least,3.01413,23364.7,1
least,3.02748,23364.7,1
least,3.04094,23364.7,1
least,3.05436,23364.7,1
least,3.06781,23364.7,1
least,3.08115,23364.7,1
least,3.09459,23364.7,1
least,3.10799,23364.7,1
least,3.12135,23364.7,1
least,3.13476,23364.7,1
least,3.14818,23364.7,1
least,3.16159,23364.7,1
least,3.175,23364.7,1
least,3.18839,23364.7,1
least,3.20183,23364.7,1
least,3.21532,23364.7,1
least,3.22873,23364.7,1
least,3.2421,23364.7,1
least,3.25559,23364.7,1
least,3.26897,23364.7,1
least,3.2824,23364.7,1
least,3.2958,23364.7,1
least,3.30921,23364.7,1
least,3.32263,23364.7,1
least,3.33603,23364.7,1
least,3.3494,23364.7,1
least,3.3629,23364.7,1
least,3.37634,23364.7,1
least,3.38966,23364.7,1
least,3.40297,23364.7,1
least,3.41642,23364.7,1
least,3.42984,23364.7,1
least,3.44313,23364.7,1
least,3.45648,23364.7,1
least,3.46991,23364.7,1
least,3.48333,23364.7,1
least,3.49673,23364.7,1
least,3.51013,23364.7,1
least,3.52354,23364.7,1
least,3.53697,23364.7,1
least,3.55039,23364.7,1
least,3.56377,23364.7,1
least,3.57714,23364.7,1
least,3.59057,23364.7,1
least,3.60388,23364.7,1
least,3.61727,23364.7,1
least,3.63059,23364.7,1
least,3.64401,23364.7,1
least,3.65736,23364.7,1
least,3.67079,23364.7,1
least,3.68422,23364.7,1
least,3.6976,23364.7,1
least,3.71102,23364.7,1
least,3.72447,23364.7,1
least,3.73786,23364.7,1
least,3.75121,23364.7,1
least,3.7646,23364.7,1
least,3.77804,23364.7,1
least,3.7915,23364.7,1
least,3.80484,23364.7,1
least,3.81823,23364.7,1
least,3.83168,23364.7,1
least,3.84509,23364.7,1
least,3.85844,23364.7,1
least,3.87191,23364.7,1
least,3.88529,23364.7,1
least,3.89871,23364.7,1
least,3.91213,23364.7,1
least,3.92557,23364.7,1
least,3.9389,23364.7,1
least,3.95229,23364.7,1
least,3.96567,23364.7,1
least,3.97902,23364.7,1
least,3.99243,23364.7,1
least,4.00583,23364.7,1
least,4.01921,23364.7,1
least,4.03259,23364.7,1
least,4.04596,23364.7,1
least,4.05936,23364.7,1
least,4.07276,23364.7,1
least,4.0862,23364.7,1
least,4.09956,23364.7,1
least,4.11295,23364.7,1
least,4.1264,23364.7,1
least,4.13979,23364.7,1
least,4.15315,23364.7,1
least,4.1665,23364.7,1
least,4.17984,23364.7,1
least,4.1932,23364.7,1
least,4.20659,23364.7,1
least,4.22002,23364.7,1
least,4.23347,23364.7,1
least,4.24679,23364.7,1
least,4.2602,23364.7,1
least,4.27375,23364.7,1
least,4.28713,23364.7,1
least,4.30058,23364.7,1
least,4.31398,23364.7,1
least,4.32732,23364.7,1
least,4.34062,23364.7,1
least,4.35404,23364.7,1
least,4.36748,23364.7,1
least,4.38089,23364.7,1
least,4.39423,23364.7,1
least,4.40762,23364.7,1
least,4.42098,23364.7,1
least,4.43428,23364.7,1
least,4.4477,23364.7,1
least,4.46113,23364.7,1
least,4.47451,23364.7,1
least,4.48787,23364.7,1
least,4.50118,23364.7,1
least,4.51448,23364.7,1
least,4.52789,23364.7,1
least,4.54135,23364.7,1
least,4.55476,23364.7,1
least,4.56819,23364.7,1
least,4.58165,23364.7,1
least,4.59508,23364.7,1
least,4.60855,23364.7,1
least,4.62193,23364.7,1
least,4.63538,23364.7,1
least,4.64879,23364.7,1
least,4.66221,23364.7,1
least,4.67569,23364.7,1
least,4.68908,23364.7,1
least,4.70247,23364.7,1
least,4.71586,23364.7,1
least,4.72927,23364.7,1
least,4.74258,23364.7,1
least,4.75597,23364.7,1
least,4.76951,23364.7,1
least,4.78283,23364.7,1
least,4.79624,23364.7,1
least,4.80967,23364.7,1
least,4.82315,23364.7,1
least,4.83657,23364.7,1
least,4.84996,23364.7,1
least,4.86328,23364.7,1
least,4.87672,23364.7,1
least,4.89007,23364.7,1
least,4.90339,23364.7,1
least,4.91678,23364.7,1
least,4.93008,23364.7,1
least,4.94347,23364.7,1
least,4.95703,23364.7,1
least,4.97042,23364.7,1
least,4.98383,23364.7,1
least,4.99721,23364.7,1
least,5.01065,23364.7,1
least,5.02418,23364.7,1
least,5.03768,23364.7,1
least,5.05111,23364.7,1
least,5.06452,23364.7,1
least,5.07783,23364.7,1
least,5.09138,23364.7,1
least,5.10471,23364.7,1
least,5.11812,23364.7,1
least,5.1315,23364.7,1
least,5.14492,23364.7,1
least,5.15833,23364.7,1
least,5.17176,23364.7,1
least,5.1852,23364.7,1
least,5.19862,23364.7,1
least,5.212,23364.7,1
least,5.2254,23364.7,1
least,5.2387,23364.7,1
least,5.25206,23364.7,1
least,5.26555,23364.7,1
least,5.27906,23364.7,1
least,5.29247,23364.7,1
least,5.30576,23364.7,1
least,5.31909,23364.7,1
least,5.33254,23364.7,1
least,5.34587,23364.7,1
least,5.35932,23364.7,1
least,5.37265,23364.7,1
least,5.38604,23364.7,1
least,5.39942,23364.7,1
least,5.41281,23364.7,1
least,5.42622,23364.7,1
least,5.4396,23364.7,1
least,5.453,23364.7,1
least,5.46639,23364.7,1
least,5.47969,23364.7,1
least,5.49299,23364.7,1
least,5.50646,23364.7,1
least,5.51975,23364.7,1
least,5.53308,23364.7,1
least,5.5465,23364.7,1
least,5.5599,23364.7,1
least,5.57329,23364.7,1
least,5.58672,23364.7,1
least,5.60023,23364.7,1
least,5.61365,23364.7,1
least,5.62703,23364.7,1
least,5.64045,23364.7,1
least,5.65384,23364.7,1
least,5.66716,23364.7,1
least,5.68057,23364.7,1
least,5.694,23364.7,1
least,5.7074,23364.7,1
least,5.7207,23364.7,1
least,5.7341,23364.7,1
least,5.74754,23364.6,1
least,5.76088,23364.6,1
least,5.77424,23364.6,1
least,5.78754,23364.6,1
least,5.801,23364.6,1
least,5.81435,23364.6,1
least,5.82777,23364.6,1
least,5.84127,23364.6,1
least,5.85468,23364.6,1
least,5.86801,23364.6,1
least,5.88145,23364.6,1
least,5.89485,23364.6,1
least,5.90814,23364.6,1
least,5.92159,23364.6,1
least,5.93501,23364.6,1
least,5.94844,23364.6,1
least,5.96179,23364.6,1
least,5.97526,23364.6,1
least,5.98869,23364.6,1
least,6.00209,23364.6,1
least,6.01545,23364.6,1
least,6.02885,23364.6,1
least,6.04219,23364.6,1
least,6.05556,23364.6,1
least,6.06898,23364.6,1
least,6.0824,23364.6,1
least,6.09573,23364.6,1
least,6.10913,23364.6,1
least,6.12251,23364.6,1
least,6.13586,23364.6,1
least,6.14916,23364.6,1
least,6.1625,23364.6,1
least,6.17593,23364.6,1
least,6.18931,23364.6,1
least,6.20268,23364.6,1
least,6.21603,23364.6,1
least,6.22933,23364.6,1
least,6.24276,23364.6,1
least,6.25618,23364.6,1
least,6.26967,23364.6,1
least,6.28303,23364.6,1
least,6.29638,23364.6,1
least,6.3098,23364.6,1
least,6.32321,23364.6,1
least,6.33663,23364.6,1
least,6.34993,23364.6,1
least,6.36331,23364.6,1
least,6.3767,23364.6,1
least,6.39003,23364.6,1
least,6.40345,23364.6,1
least,6.41687,23364.6,1
least,6.43032,23364.6,1
least,6.44367,23364.6,1
least,6.4571,23364.6,1
least,6.47039,23364.6,1
least,6.48387,23364.6,1
least,6.49733,23364.6,1
least,6.5108,23364.6,1
least,6.5242,23364.6,1
least,6.53743,23364.6,1
least,6.55078,23364.6,1
least,6.56416,23364.6,1
least,6.57763,23364.6,1
least,6.59103,23364.6,1
least,6.6045,23364.6,1
least,6.61781,23364.6,1
least,6.63124,23364.6,1
least,6.64468,23364.6,1
least,6.65815,23364.6,1
least,6.67159,23364.6,1
least,6.68496,23364.6,1
least,6.69834,23364.6,1
least,6.71179,23364.6,1
least,6.72515,23364.6,1
least,6.73853,23364.6,1
least,6.75199,23364.6,1
least,6.76538,23364.6,1
least,6.77877,23364.6,1
least,6.79215,23364.6,1
least,6.80545,23364.6,1
least,6.81882,23364.6,1
least,6.83226,23364.6,1
least,6.84577,23364.6,1
least,6.85917,23364.6,1
least,6.87245,23364.6,1
least,6.88583,23364.6,1
least,6.89924,23364.6,1
least,6.91255,23364.6,1
least,6.92593,23364.6,1
least,6.93936,23364.6,1
least,6.95272,23364.6,1
least,6.96601,23364.6,1
least,6.97954,23364.6,1
least,6.99287,23364.6,1
least,7.00631,23364.6,1
least,7.0196,23364.6,1
least,7.03301,23364.6,1
least,7.04646,23364.6,1
least,7.0599,23364.6,1
least,7.07321,23364.6,1
least,7.08667,23364.6,1
least,7.10009,23364.6,1
least,7.11338,23364.6,1
least,7.12669,23364.6,1
least,7.14006,23364.6,1
least,7.15347,23364.6,1
least,7.16685,23364.6,1
least,7.18023,23364.6,1
least,7.19364,23364.6,1
least,7.20709,23364.6,1
least,7.22051,23364.6,1
least,7.23392,23364.6,1
least,7.24734,23364.6,1
least,7.26075,23364.6,1
least,7.27417,23364.6,1
least,7.28762,23364.6,1
least,7.30099,23364.6,1
least,7.31436,23364.6,1
least,7.32768,23364.6,1
least,7.34108,23364.6,1
least,7.35445,23364.6,1
least,7.36794,23364.6,1
least,7.38133,23364.6,1
least,7.39461,23364.6,1
least,7.4079,23364.6,1
least,7.42129,23364.6,1
least,7.43467,23364.6,1
least,7.448,23364.6,1
least,7.46131,23364.6,1
least,7.47475,23364.6,1
least,7.48817,23364.6,1
least,7.50161,23364.6,1
least,7.51507,23364.6,1
least,7.52843,23364.6,1
least,7.5419,23364.6,1
least,7.55527,23364.6,1
least,7.56859,23364.6,1
least,7.58197,23364.6,1
least,7.59538,23364.6,1
least,7.6088,23364.6,1
least,7.6222,23364.6,1
least,7.63552,23364.6,1
least,7.6489,23364.6,1
least,7.6622,23364.6,1
least,7.67562,23364.6,1
least,7.68899,23364.6,1
least,7.7024,23364.6,1
least,7.71579,23364.6,1
least,7.7292,23364.6,1
least,7.74263,23364.6,1
least,7.75601,23364.6,1
least,7.76939,23364.6,1
least,7.78282,23364.6,1
least,7.79617,23364.6,1
least,7.80962,23364.6,1
least,7.82291,23364.6,1
least,7.83622,23364.6,1
least,7.84962,23364.6,1
least,7.86316,23364.6,1
least,7.87657,23364.6,1
least,7.88993,23364.6,1
least,7.90333,23364.6,1
least,7.91662,23364.6,1
least,7.93,23364.6,1
least,7.94338,23364.6,1
least,7.95681,23364.6,1
least,7.9701,23364.6,1
least,7.98353,23364.6,1
least,7.99696,23364.6,1
least,8.01038,23364.6,1
least,8.02378,23364.6,1
least,8.03721,23364.6,1
least,8.0506,23364.6,1
least,8.06403,23364.6,1
least,8.07742,23364.6,1
least,8.09082,23364.6,1
least,8.1042,23364.6,1
least,8.11772,23364.6,1
least,8.13106,23364.6,1
least,8.14452,23364.6,1
least,8.15786,23364.6,1
least,8.1712,23364.6,1
least,8.18475,23364.6,1
least,8.19819,23364.6,1
least,8.21161,23364.6,1
least,8.22503,23364.6,1
least,8.23847,23364.6,1
least,8.252,23364.6,1
least,8.26529,23364.6,1
least,8.27877,23364.6,1
least,8.29219,23364.6,1
least,8.3056,23364.6,1
least,8.31892,23364.6,1
least,8.3323,23364.6,1
least,8.34568,23364.6,1
least,8.35907,23364.6,1
least,8.37243,23364.6,1
least,8.3858,23364.6,1
least,8.3992,23364.6,1
least,8.41264,23364.6,1
least,8.42608,23364.6,1
least,8.4395,23364.6,1
least,8.45292,23364.6,1
least,8.46627,23364.6,1
least,8.4796,23364.6,1
least,8.493,23364.6,1
least,8.5064,23364.6,1
least,8.51981,23364.6,1
least,8.53312,23364.6,1
least,8.54655,23364.6,1
least,8.55993,23364.6,1
least,8.57332,23364.6,1
least,9.5735,23364.6,0
least,9.92001,23361.9,1
least,9.92009,23361.7,1
least,9.93351,23361.5,1
least,9.94687,23361.2,1
least,9.96032,23361,1
least,9.97378,23360.8,1
least,9.98718,23360.6,1
least,10.0005,23360.3,1
least,10.0139,23360.1,1
least,10.0273,23359.9,1
least,10.0407,23359.7,1
least,10.0541,23359.5,1
least,10.0675,23359.3,1
least,10.0809,23359.1,1
least,10.0942,23359,1
least,10.1076,23358.8,1
least,10.121,23358.6,1
least,10.1344,23358.4,1
least,10.1478,23358.2,1
least,10.1611,23358.1,1
least,10.1745,23357.9,1
least,10.1879,23357.7,1
least,10.2014,23357.6,1
least,10.2148,23357.4,1
least,10.2281,23357.3,1
least,10.2416,23357.1,1
least,10.2551,23357,1
least,10.2685,23356.8,1
least,10.2818,23356.7,1
least,10.2952,23356.5,1
least,10.3087,23356.4,1
least,10.3221,23356.3,1
least,10.3355,23356.1,1
least,10.349,23356,1
least,10.3624,23355.9,1
least,10.3758,23355.8,1
least,10.3892,23355.6,1
least,10.4027,23355.5,1
least,10.4161,23355.4,1
least,10.4295,23355.3,1
least,10.4428,23355.2,1
least,10.4562,23355,1
least,10.4696,23354.9,1
least,10.4831,23354.8,1
least,10.4965,23354.7,1
least,10.5099,23354.6,1
least,10.5233,23354.5,1
least,10.5368,23354.4,1
least,10.5502,23354.3,1
least,10.5635,23354.2,1
least,10.5769,23354.1,1
least,10.5903,23354,1
least,10.604,23330.7,1
least,10.604,20810.8,1
least,10.6041,20790,1
least,10.6041,20744.8,1
least,10.6042,20724.1,1
least,10.6043,20684.2,1
least,10.6043,20663.5,1
least,10.6044,20628.1,1
least,10.6045,20607.5,1
least,10.6045,20577.7,1
least,10.6046,20557.1,1
least,10.6047,20531.6,1
least,10.6047,20511.1,1
least,10.6048,20488.8,1
least,10.6049,20468.3,1
least,10.6049,20447.6,1
least,10.605,20427.1,1
least,10.6051,20407.6,1
least,10.6184,20399.1,1
least,10.6318,20391,1
least,10.6452,20384.6,1
least,10.6587,20378.7,1
least,10.672,20364.1,1
least,10.6854,20352.5,1
least,10.6988,20343.5,1
least,10.7122,20336.6,1
least,10.7257,20327.6,1
least,10.7391,20317.3,1
least,10.7524,20306.6,1
least,10.7658,20298.4,1
least,10.7791,20290.6,1
least,10.7926,20278.8,1
least,10.8059,20266.5,1
least,10.8194,20257.2,1
least,10.8328,20249.9,1
least,10.8462,20236.9,1
least,10.8596,20223.7,1
least,10.873,20213.6,1
least,10.8863,20205.8,1
least,10.8997,20192.4,1
least,10.9131,20178.9,1
least,10.9266,20168.6,1
least,10.9402,20159.4,1
least,10.9537,20146.6,1
least,10.9672,20133.7,1
least,10.9806,20124,1
least,10.994,20113,1
least,11.0074,20101.4,1
least,11.0208,20089.9,1
least,11.0342,20079.6,1
least,11.0477,20066.3,1
least,11.061,20053.3,1
least,11.0744,20042.9,1
least,11.0878,20028.6,1
least,11.1012,20014.6,1
least,11.1147,20003.6,1
least,11.1281,19989,1
least,11.1416,19975,1
least,11.155,19962.9,1
least,11.1684,19948.8,1
least,11.1818,19935.5,1
least,11.1953,19922.4,1
least,11.2086,19909.4,1
least,11.222,19896.3,1
least,11.2355,19881.1,1
least,11.2489,19867.1,1
least,11.2624,19853,1
least,11.2757,19840.4,1
least,11.2892,19825.8,1
least,11.3026,19812.1,1
least,11.316,19797,1
least,11.3293,19782.9,1
least,11.3428,19767.4,1
least,11.3561,19753.5,1
least,11.3694,19737.7,1
least,11.3828,19724.4,1
least,11.3962,19711.6,1
least,11.4096,19691.1,1
least,11.4231,19673.7,1
least,11.4365,19658.7,1
least,11.4498,19641.2,1
least,11.4632,19625.5,1
least,11.4765,19608.8,1
least,11.49,19592.8,1
least,11.5033,19576.7,1
least,11.5169,19557.1,1
least,11.5169,14462.8,1
least,11.517,14448.4,1
least,11.5171,14376.8,1
least,11.5172,14362.5,1
least,11.5172,14341.4,1
least,11.5173,14327.1,1
least,11.5174,14308.1,1
least,11.5175,14293.8,1
least,11.5176,14273.2,1
least,11.531,14254.4,1
least,11.5444,14235.5,1
least,11.5577,14223,1
least,11.5712,14208.8,1
least,11.5846,14197,1
least,11.598,14186.5,1
least,11.6114,14181,1
least,11.6248,14180.2,1
least,11.6382,14174.4,1
least,11.6517,14166.6,1
least,11.6518,14152.4,1
least,11.6519,14150.6,1
least,11.6652,14150.3,1
least,11.6786,14150.3,1
least,11.692,14150.3,1
least,11.7055,14150.3,1
least,11.7189,14150.3,1
least,11.7324,14150.3,1
least,11.7457,14150.3,1
least,12.7486,14150.3,0
least,13.1233,14150.3,1
least,13.1367,14150.3,1
least,14.1371,14150.3,0
least,15.1422,14150.3,0
least,16.0346,14140.5,1
least,16.0347,14135.4,1
least,16.0482,14134.6,1
least,16.0616,14134.5,1
least,16.075,14134.5,1
least,16.0885,14134.5,1
least,16.1019,14134.5,1
least,16.1153,14134.5,1
least,16.1287,14134.5,1
least,16.1421,14134.5,1
least,16.1555,14134.5,1
least,17.1598,14134.5,0
least,18.1652,14134.5,0
least,19.0985,14120.4,1
least,19.0986,14119.2,1
least,19.1121,14119.1,1
least,19.1256,14119,1
least,19.139,14119,1
least,19.1525,14119,1
least,19.166,14119,1
least,19.1795,14119,1
least,19.1929,14119,1
least,19.2064,14119,1
least,19.2198,14119,1
least,20.2315,14119,0
least,21.2322,14119,0
least,22.2384,14119,0
least,23.2404,14119,0
least,23.4422,14113.6,1
least,23.4423,14110.2,1
least,23.4557,14110,1
least,23.4691,14109.9,1
least,23.4825,14109.9,1
least,23.496,14109.9,1
least,23.5094,14109.9,1
least,23.5228,14109.9,1
least,23.5363,14109.9,1
least,23.5632,14109.9,1
least,23.5766,14109.9,1
least,23.5901,14109.9,1
least,24.5952,14109.9,0
least,25.6006,14109.9,0
least,26.6061,14109.9,0
least,27.6085,14109.9,0
least,28.6172,14109.9,0
least,29.623,14109.9,0
least,30.6346,14109.9,0
least,30.7912,14100.7,1
least,30.7913,14099.7,1
least,30.8048,14099.5,1
least,30.8182,14099.5,1
least,30.8317,14099.5,1
least,30.8451,14099.5,1
least,30.8586,14099.5,1
least,30.8721,14099.5,1
least,30.8855,14099.5,1
least,30.899,14099.5,1
least,30.9125,14099.5,1
least,30.9259,14099.5,1
least,31.9308,14099.5,0
least,32.3062,14098.6,1
least,32.3063,14095.7,1
least,32.3197,14095.7,1
least,32.3332,14095.7,1
least,32.3467,14095.7,1
least,32.3601,14095.7,1
least,32.3736,14095.7,1
least,32.387,14095.7,1
least,32.4004,14095.7,1
least,32.4139,14095.7,1
least,33.4187,14095.7,0
least,33.7669,14094.8,1
least,33.767,14092.7,1
least,33.7805,14092.7,1
least,33.794,14092.7,1
least,33.8074,14092.7,1
least,33.8208,14092.7,1
least,33.8343,14092.7,1
least,33.8478,14092.7,1
least,33.8613,14092.7,1
least,33.9014,14092.7,1
least,34.9019,14092.7,0
least,35.1636,14091.2,1
least,36.1694,14091.2,0
least,37.1822,14091.2,0
least,37.9826,14091.1,1
least,38.9898,14091.1,0
least,39.3388,14090.2,1
least,39.3523,14090.2,1
least,39.3658,14090.2,1
least,39.3792,14090.2,1
least,39.3927,14090.2,1
least,39.4061,14090.2,1
least,39.4196,14090.2,1
least,39.433,14090.2,1
least,39.4599,14090.2,1
least,39.5001,14090.2,1
least,40.5016,14090.2,0
least,41.5128,14090.2,0
least,42.5161,14090.2,0
least,43.52,14090.2,0
least,44.5233,14090.2,0
least,45.5328,14090.2,0
least,46.5358,14090.2,0
least,47.5395,14090.2,0
least,48.5434,14090.2,0
least,49.5501,14090.2,0
least,50.553,14090.2,0
least,50.7635,14089.3,1
least,50.7769,14088.5,1
least,50.7903,14088.4,1
least,50.8037,14088.3,1
least,50.8172,14088.3,1
least,50.8306,14088.3,1
least,50.8441,14088.3,1
least,50.8575,14088.3,1
least,50.8708,14088.3,1
least,50.8842,14088.3,1
least,51.8866,14088.3,0
least,52.2886,14088.3,1
least,52.302,14088.3,1
least,53.3052,14088.3,0
least,54.3089,14088.3,0
least,55.0181,14087.8,1
least,55.0315,14087.1,1
least,55.0449,14086.9,1
least,55.0584,14086.9,1
least,55.0719,14086.9,1
least,55.0853,14086.9,1
least,55.0987,14086.9,1
least,55.1122,14086.9,1
least,55.1256,14086.9,1
least,55.139,14086.9,1
least,55.1524,14086.9,1
least,55.1659,14086.9,1
least,56.1678,14086.9,0
least,57.1683,14086.9,0
least,58.1696,14086.9,0
least,59.1806,14086.9,0
least,59.5699,14086.8,1
least,59.5833,14086.1,1
tln2,0.000192482,5.3,1
tln2,1.0158,5.3,0
tln2,3.03634,5.3,0
tln2,4.04734,5.3,0
tln2,5.05655,5.3,0
tln2,6.06603,5.3,0
tln2,7.07359,5.3,0
tln2,8.07913,5.3,0
tln2,9.09776,5.3,0
tln2,10.0993,5.3,0
tln2,11.1011,5.3,0
tln2,12.1031,5.3,0
tln2,14.118,5.3,0
tln2,15.1238,5.3,0
tln2,16.134,5.3,0
tln2,17.1432,5.3,0
tln2,18.1521,5.3,0
tln2,19.1661,5.3,0
tln2,20.1748,5.3,0
tln2,21.1859,5.3,0
tln2,22.1897,5.3,0
tln2,23.192,5.3,0
tln2,24.1964,5.3,0
tln2,25.2105,5.3,0
tln2,26.2295,5.3,0
tln2,27.2375,5.3,0
tln2,28.2494,5.3,0
tln2,30.2608,5.3,0
tln2,31.28,5.3,0
tln2,32.2814,5.3,0
tln2,33.293,5.3,0
tln2,35.2982,5.3,0
tln2,36.3049,5.3,0
tln2,39.3213,5.3,0
tln2,41.3469,5.3,0
tln2,42.3617,5.3,0
tln2,43.3632,5.3,0
tln2,44.3759,5.3,0
tln2,45.3779,5.3,0
tln2,46.3854,5.3,0
tln2,47.3978,5.3,0
tln2,48.4033,5.3,0
tln2,49.4114,5.3,0
tln2,50.4245,5.3,0
tln2,51.4343,5.3,0
tln2,52.4437,5.3,0
tln2,53.448,5.3,0
tln2,54.4494,5.3,0
tln2,55.4516,5.3,0
tln2,56.4535,5.3,0
tln2,57.4678,5.3,0
tln2,58.4692,5.3,0
tln2,59.4773,5.3,0
prob06,4.812e-05,3.25,1
prob06,8.5904e-05,2.95,1
prob06,0.000103364,2.94605,1
prob06,0.000132977,2.64606,1
prob06,0.000157771,2.64241,1
prob06,0.000214482,2.34249,1
prob06,0.000269237,2.04249,1
prob06,0.000335516,1.74249,1
prob06,0.000395719,1.44661,1
prob06,0.000555027,1.17712,1
prob06,1.10763,1.17712,1
prob06,4.90239,1.17712,1
prob06,12.9118,1.17712,0
prob06,25.9248,1.17712,0
prob06,26.9266,1.17712,0
prob06,27.9283,1.17712,0
prob06,37.9437,1.17712,0
prob06,40.9464,1.17712,0
prob06,42.9473,1.17712,0
prob06,47.9552,1.17712,0
prob06,53.9697,1.17712,0
prob06,55.9778,1.17712,0
prob06,58.9837,1.17712,0
ex6_2_11,5.4895e-05,0.00500456,1
ex6_2_11,0.000216927,0.00399895,1
ex6_2_11,0.000462348,0.00299496,1
ex6_2_11,0.000594977,0.0019917,1
ex6_2_11,0.000860443,0.000989702,1
ex6_2_11,0.000964855,0.000239892,1
ex6_2_11,0.0266447,0.00014613,1
ex6_2_11,0.0521677,-8.65824e-07,1
ex6_2_11,0.0778362,-2.11185e-06,1
ex6_2_11,0.15404,-2.11805e-06,1
ex6_2_11,0.179523,-2.35863e-06,1
ex6_2_11,0.205141,-2.5447e-06,1
ex6_2_11,0.561235,-2.54495e-06,1
ex6_2_11,1.09569,-2.545e-06,1
ex6_2_11,1.12125,-2.57971e-06,1
ex6_2_11,1.14669,-2.58392e-06,1
ex6_2_11,1.14686,-2.62123e-06,1
ex6_2_11,1.17233,-2.63404e-06,1
ex6_2_11,1.19769,-2.63555e-06,1
ex6_2_11,1.22317,-2.6498e-06,1
ex6_2_11,1.24862,-2.6548e-06,1
ex6_2_11,1.27397,-2.6554e-06,1
ex6_2_11,1.27414,-2.65965e-06,1
ex6_2_11,1.29958,-2.66077e-06,1
ex6_2_11,1.32537,-2.66433e-06,1
ex6_2_11,2.34319,-2.66433e-06,0
ex6_2_11,3.36074,-2.66433e-06,0
ex6_2_11,4.3784,-2.66433e-06,0
ex6_2_11,5.39548,-2.66433e-06,0
ex6_2_11,6.43935,-2.66434e-06,1
ex6_2_11,6.46477,-2.66611e-06,1
ex6_2_11,6.46492,-2.66611e-06,1
ex6_2_11,6.49036,-2.66749e-06,1
ex6_2_11,7.50786,-2.66749e-06,0
ex6_2_11,8.5258,-2.66749e-06,0
ex6_2_11,9.54315,-2.66749e-06,0
ex6_2_11,10.5605,-2.66749e-06,0
ex6_2_11,11.5785,-2.66749e-06,0
ex6_2_11,11.6548,-2.66749e-06,1
ex6_2_11,11.6802,-2.66833e-06,1
ex6_2_11,11.7312,-2.66894e-06,1
ex6_2_11,11.7567,-2.66936e-06,1
ex6_2_11,12.7747,-2.66936e-06,0
ex6_2_11,13.7933,-2.66936e-06,0
ex6_2_11,14.8128,-2.66936e-06,0
ex6_2_11,15.8305,-2.66936e-06,0
ex6_2_11,16.899,-2.66936e-06,0
ex6_2_11,16.95,-2.66965e-06,1
ex6_2_11,16.9757,-2.66987e-06,1
ex6_2_11,17.0266,-2.67003e-06,1
ex6_2_11,17.0524,-2.67004e-06,1
ex6_2_11,17.1035,-2.67005e-06,1
ex6_2_11,17.1292,-2.67016e-06,1
ex6_2_11,18.1495,-2.67016e-06,0
ex6_2_11,19.1696,-2.67016e-06,0
ex6_2_11,20.1907,-2.67016e-06,0
ex6_2_11,21.2143,-2.67016e-06,0
ex6_2_11,23.261,-2.67016e-06,0
ex6_2_11,24.2845,-2.67016e-06,0
ex6_2_11,25.3057,-2.67016e-06,0
ex6_2_11,26.3274,-2.67016e-06,0
ex6_2_11,27.35,-2.67016e-06,0
ex6_2_11,28.3716,-2.67016e-06,0
ex6_2_11,29.3928,-2.67016e-06,0
ex6_2_11,30.4147,-2.67016e-06,0
ex6_2_11,31.436,-2.67016e-06,0
ex6_2_11,32.458,-2.67016e-06,0
ex6_2_11,33.4812,-2.67016e-06,0
ex6_2_11,34.505,-2.67016e-06,0
ex6_2_11,35.5291,-2.67016e-06,0
ex6_2_11,36.554,-2.67016e-06,0
ex6_2_11,37.5786,-2.67016e-06,0
ex6_2_11,38.6011,-2.67016e-06,0
ex6_2_11,39.6234,-2.67016e-06,0
ex6_2_11,40.646,-2.67016e-06,0
ex6_2_11,41.6699,-2.67016e-06,0
ex6_2_11,42.6937,-2.67016e-06,0
ex6_2_11,42.8988,-2.67019e-06,1
ex6_2_11,42.9245,-2.67021e-06,1
ex6_2_11,43.0014,-2.67022e-06,1
ex6_2_11,44.0025,-2.67022e-06,0
ex6_2_11,45.0058,-2.67022e-06,0
ex6_2_11,46.0075,-2.67022e-06,0
ex6_2_11,47.0305,-2.67022e-06,0
ex6_2_11,48.0534,-2.67022e-06,0
ex6_2_11,49.0787,-2.67022e-06,0
ex6_2_11,50.0813,-2.67022e-06,0
ex6_2_11,50.8013,-2.67027e-06,1
ex6_2_11,50.827,-2.67031e-06,1
ex6_2_11,51.8485,-2.67031e-06,0
ex6_2_11,52.87,-2.67031e-06,0
ex6_2_11,53.458,-2.67031e-06,1
ex6_2_11,53.4837,-2.67035e-06,1
ex6_2_11,54.5067,-2.67035e-06,0
ex6_2_11,55.5293,-2.67035e-06,0
ex6_2_11,56.5521,-2.67035e-06,0
ex6_2_11,57.5557,-2.67035e-06,0
ex6_2_11,58.561,-2.67035e-06,0
ex6_2_11,58.715,-2.67035e-06,1
ex6_2_11,59.7389,-2.67035e-06,0
spring,0.380922,1.27195,1
spring,0.567321,1.25394,1
spring,1.58459,1.23574,1
spring,1.61131,1.14742,1
spring,1.66521,1.14528,1
spring,1.68438,1.14313,1
spring,3.27071,1.11114,1
spring,4.72574,0.852907,1
spring,4.73106,0.851054,1
spring,4.73109,0.849203,1
spring,4.73339,0.847353,1
spring,26.0383,0.847353,0
spring,39.3405,0.847353,0
spring,46.4995,0.847353,0
spring,46.7942,0.846246,1
prob09,3.2407e-05,1,1
prob09,8.4438e-05,0.998016,1
prob09,0.000118591,0.996018,1
prob09,0.00016273,0.774598,1
prob09,0.000191365,0.772828,1
prob09,0.000232292,0.771056,1
prob09,0.000273778,0.63052,1
prob09,0.000302343,0.628905,1
prob09,0.000340616,0.627276,1
prob09,0.000368552,0.625663,1
prob09,0.000405987,0.624037,1
prob09,0.000434063,0.622427,1
prob09,0.000471847,0.620805,1
prob09,0.000540571,0.619184,1
prob09,0.00060259,0.617565,1
prob09,0.000633808,0.615971,1
prob09,0.000671313,0.614355,1
prob09,0.000731446,0.612741,1
prob09,0.000761967,0.611145,1
prob09,0.00080003,0.609534,1
prob09,0.000830551,0.607941,1
prob09,0.000868614,0.606333,1
prob09,0.000930214,0.604726,1
prob09,0.000961084,0.603142,1
prob09,0.000998798,0.601539,1
prob09,0.0010583,0.599938,1
prob09,0.00108938,0.598364,1
prob09,0.00112744,0.596766,1
prob09,0.00118688,0.595169,1
prob09,0.00122816,0.525542,1
prob09,0.00125965,0.524046,1
prob09,0.0012973,0.522521,1
prob09,0.00135645,0.520999,1
prob09,0.00141645,0.519478,1
prob09,0.00147637,0.517958,1
prob09,0.00153029,0.412337,1
prob09,0.00156556,0.411056,1
prob09,0.00160453,0.409645,1
prob09,0.00164553,0.312706,1
prob09,0.00167172,0.311394,1
prob09,0.00171628,0.310082,1
prob09,0.00174344,0.308772,1
prob09,0.00177299,0.307463,1
prob09,0.00183829,0.306156,1
prob09,0.00186462,0.30485,1
prob09,0.00190708,0.303545,1
prob09,0.0019332,0.302241,1
prob09,0.0019756,0.300939,1
prob09,0.00201659,0.262902,1
prob09,0.00204243,0.261639,1
prob09,0.00208525,0.260377,1
prob09,0.00214908,0.259117,1
prob09,0.0021759,0.257858,1
prob09,0.00221815,0.2566,1
prob09,0.00224518,0.255343,1
prob09,0.00228751,0.254088,1
prob09,0.0023519,0.252834,1
prob09,0.00237816,0.251581,1
prob09,0.00242258,0.250329,1
prob09,0.00244919,0.249079,1
prob09,0.002492,0.24783,1
prob09,0.00253377,0.246582,1
prob09,0.00257756,0.245336,1
prob09,0.00260424,0.24409,1
prob09,0.00264684,0.242846,1
prob09,0.00267345,0.241603,1
prob09,0.00271556,0.240362,1
prob09,0.00277905,0.239121,1
prob09,0.00280566,0.237882,1
prob09,0.00284812,0.236644,1
prob09,0.00287487,0.235408,1
prob09,0.00291768,0.234172,1
prob09,0.00298298,0.232938,1
prob09,0.00302391,0.204826,1
prob09,0.00307357,0.203621,1
prob09,0.00309983,0.202417,1
prob09,0.00314411,0.201215,1
prob09,0.00319188,0.200014,1
prob09,0.00321898,0.198814,1
prob09,0.00326151,0.197615,1
prob09,0.00332597,0.196417,1
prob09,0.00337402,0.195221,1
prob09,0.00340077,0.194026,1
prob09,0.00344373,0.192832,1
prob09,0.00347034,0.191639,1
prob09,0.00352188,0.190447,1
prob09,0.00358788,0.189257,1
prob09,0.00363551,0.188067,1
prob09,0.00366261,0.186879,1
prob09,0.00370521,0.185692,1
prob09,0.00375326,0.184507,1
prob09,0.00377994,0.183322,1
prob09,0.00382254,0.182139,1
prob09,0.00384971,0.180957,1
prob09,0.00389895,0.179776,1
prob09,0.00393988,0.158737,1
prob09,0.00398807,0.157579,1
prob09,0.00401517,0.156421,1
prob09,0.00406343,0.155265,1
prob09,0.00408997,0.154109,1
prob09,0.00413809,0.152955,1
prob09,0.00420723,0.151802,1
prob09,0.00715313,0.151241,1
prob09,0.00720271,0.150089,1
prob09,0.00723002,0.148939,1
prob09,0.00727744,0.14779,1
prob09,0.0073461,0.146643,1
prob09,0.00739429,0.145496,1
prob09,0.00744199,0.14435,1
prob09,0.00750478,0.143206,1
prob09,0.00753271,0.142063,1
prob09,0.00758048,0.140921,1
prob09,0.00765053,0.13978,1
prob09,0.0164267,0.139254,1
prob09,0.0164771,0.138114,1
prob09,0.0165556,0.136976,1
prob09,0.0166047,0.135839,1
prob09,0.0166528,0.134703,1
prob09,0.01668,0.133569,1
prob09,0.0167293,0.132435,1
prob09,0.0167983,0.131303,1
prob09,0.0255665,0.130812,1
prob09,0.321626,0.129681,1
prob09,0.321675,0.0483941,1
prob09,0.321719,0.0113038,1
prob09,0.321781,0.0102925,1
prob09,0.321842,0.00928222,1
prob09,0.321872,0.00827323,1
prob09,0.321903,0.00726496,1
prob09,0.321933,0.00625846,1
prob09,0.321972,0.0052522,1
prob09,0.322033,0.00424695,1
prob09,0.322095,0.0032427,1
prob09,0.322154,0.00223946,1
prob09,0.90462,0.00167361,1
prob09,1.48745,0.00102345,1
prob09,2.70168,0.000963813,1
prob09,5.07494,0.000490722,1
prob09,5.08376,0.00048505,1
prob09,5.96007,0.000482867,1
prob09,6.30202,0.000482684,1
prob09,7.15888,0.000481568,1
prob09,7.18512,0.000480455,1
prob09,8.97714,0.000479344,1
prob09,12.8199,0.000429927,1
prob09,12.8199,0.00019824,1
prob09,14.9545,7.38962e-05,1
prob09,18.5664,9.31928e-06,1
prob09,23.2357,7.97921e-08,1
prob09,25.6217,0,1
prob09,39.4901,-3.33954e-10,1
ex6_2_6,6.0134e-05,1.29521,1
ex6_2_6,0.000227613,0.619649,1
ex6_2_6,0.000323784,0.616605,1
ex6_2_6,0.000451104,0.575496,1
ex6_2_6,0.000576958,0.573232,1
ex6_2_6,0.000710145,0.458119,1
ex6_2_6,0.000832157,0.4558,1
ex6_2_6,0.000924906,0.452958,1
ex6_2_6,0.00104985,0.450646,1
ex6_2_6,0.00115154,0.447793,1
ex6_2_6,0.00127781,0.444936,1
ex6_2_6,0.00136951,0.442076,1
ex6_2_6,0.00149383,0.439214,1
ex6_2_6,0.00158532,0.436348,1
ex6_2_6,0.00171125,0.433482,1
ex6_2_6,0.00180281,0.43061,1
ex6_2_6,0.00192768,0.427774,1
ex6_2_6,0.00201904,0.424895,1
ex6_2_6,0.00215153,0.422087,1
ex6_2_6,0.00224895,0.419202,1
ex6_2_6,0.00237341,0.416423,1
ex6_2_6,0.0024649,0.413531,1
ex6_2_6,0.00258929,0.410779,1
ex6_2_6,0.0026805,0.40788,1
ex6_2_6,0.00280503,0.405156,1
ex6_2_6,0.00289757,0.40225,1
ex6_2_6,0.00302251,0.399553,1
ex6_2_6,0.00312371,0.39664,1
ex6_2_6,0.00325983,0.39397,1
ex6_2_6,0.00335314,0.39105,1
ex6_2_6,0.00347816,0.388406,1
ex6_2_6,0.00357,0.385478,1
ex6_2_6,0.00369397,0.382861,1
ex6_2_6,0.00378539,0.379925,1
ex6_2_6,0.00391005,0.377333,1
ex6_2_6,0.00400113,0.37439,1
ex6_2_6,0.00413662,0.371824,1
ex6_2_6,0.004233,0.368873,1
ex6_2_6,0.00435997,0.366332,1
ex6_2_6,0.00445251,0.363373,1
ex6_2_6,0.00457878,0.360857,1
ex6_2_6,0.00466937,0.357889,1
ex6_2_6,0.0047934,0.355398,1
ex6_2_6,0.00488455,0.352422,1
ex6_2_6,0.00500907,0.349954,1
ex6_2_6,0.00510043,0.34697,1
ex6_2_6,0.00522984,0.344527,1
ex6_2_6,0.00532189,0.341534,1
ex6_2_6,0.00544649,0.339114,1
ex6_2_6,0.00553707,0.336112,1
ex6_2_6,0.00565915,0.333716,1
ex6_2_6,0.00575121,0.330704,1
ex6_2_6,0.00587566,0.328331,1
ex6_2_6,0.00596722,0.32531,1
ex6_2_6,0.00609119,0.32296,1
ex6_2_6,0.0061919,0.31993,1
ex6_2_6,0.00631783,0.317603,1
ex6_2_6,0.00640932,0.314562,1
ex6_2_6,0.0065335,0.312257,1
ex6_2_6,0.00662499,0.309206,1
ex6_2_6,0.00674993,0.306924,1
ex6_2_6,0.00684101,0.303862,1
ex6_2_6,0.00696623,0.301602,1
ex6_2_6,0.0070571,0.29853,1
ex6_2_6,0.00719028,0.296292,1
ex6_2_6,0.00728331,0.293208,1
ex6_2_6,0.00741021,0.290992,1
ex6_2_6,0.00750122,0.287896,1
ex6_2_6,0.00762525,0.285702,1
ex6_2_6,0.00771625,0.282594,1
ex6_2_6,0.00784218,0.280421,1
ex6_2_6,0.00793325,0.277301,1
ex6_2_6,0.00805736,0.275149,1
ex6_2_6,0.00815793,0.272017,1
ex6_2_6,0.00828364,0.269886,1
ex6_2_6,0.00837465,0.266741,1
ex6_2_6,0.00849959,0.264631,1
ex6_2_6,0.00859157,0.261472,1
ex6_2_6,0.00871603,0.259382,1
ex6_2_6,0.00880655,0.256209,1
ex6_2_6,0.00893107,0.254141,1
ex6_2_6,0.00902214,0.250953,1
ex6_2_6,0.00915296,0.248905,1
ex6_2_6,0.00924536,0.245702,1
ex6_2_6,0.00937002,0.243674,1
ex6_2_6,0.00946117,0.240456,1
ex6_2_6,0.00958632,0.238449,1
ex6_2_6,0.0096776,0.235214,1
ex6_2_6,0.00980206,0.233227,1
ex6_2_6,0.00989306,0.229975,1
ex6_2_6,0.0100179,0.228008,1
ex6_2_6,0.0101082,0.224739,1
ex6_2_6,0.0102399,0.222791,1
ex6_2_6,0.0103319,0.219504,1
ex6_2_6,0.0104565,0.217577,1
ex6_2_6,0.0105477,0.214271,1
ex6_2_6,0.0106745,0.212363,1
ex6_2_6,0.0107651,0.209037,1
ex6_2_6,0.0108905,0.207148,1
ex6_2_6,0.010982,0.203802,1
ex6_2_6,0.0111059,0.201933,1
ex6_2_6,0.0112067,0.198565,1
ex6_2_6,0.0113321,0.196716,1
ex6_2_6,0.0114227,0.193325,1
ex6_2_6,0.0115468,0.191495,1
ex6_2_6,0.0116376,0.18808,1
ex6_2_6,0.0117615,0.18627,1
ex6_2_6,0.0118521,0.18283,1
ex6_2_6,0.0119764,0.181039,1
ex6_2_6,0.0120671,0.177574,1
ex6_2_6,0.0121957,0.175802,1
ex6_2_6,0.0122876,0.172308,1
ex6_2_6,0.012412,0.170556,1
ex6_2_6,0.0125034,0.167033,1
ex6_2_6,0.0126272,0.1653,1
ex6_2_6,0.0127182,0.161747,1
ex6_2_6,0.0128422,0.160033,1
ex6_2_6,0.012933,0.156447,1
ex6_2_6,0.0130569,0.154753,1
ex6_2_6,0.0131565,0.151131,1
ex6_2_6,0.0132776,0.149457,1
ex6_2_6,0.0133684,0.145798,1
ex6_2_6,0.0134929,0.144143,1
ex6_2_6,0.0135844,0.140445,1
ex6_2_6,0.0137083,0.13881,1
ex6_2_6,0.0137989,0.135069,1
ex6_2_6,0.0139232,0.133453,1
ex6_2_6,0.0140595,0.132248,1
ex6_2_6,0.0141909,0.130639,1
ex6_2_6,0.014327,0.129437,1
ex6_2_6,0.014451,0.127835,1
ex6_2_6,0.014586,0.126637,1
ex6_2_6,0.0147111,0.125042,1
ex6_2_6,0.014845,0.123847,1
ex6_2_6,0.0149668,0.122258,1
ex6_2_6,0.0151012,0.121067,1
ex6_2_6,0.0152298,0.119486,1
ex6_2_6,0.0153651,0.118298,1
ex6_2_6,0.0154959,0.116723,1
ex6_2_6,0.0156305,0.115539,1
ex6_2_6,0.0157545,0.113971,1
ex6_2_6,0.0158891,0.112791,1
ex6_2_6,0.0160131,0.11123,1
ex6_2_6,0.0161581,0.110053,1
ex6_2_6,0.0162835,0.108499,1
ex6_2_6,0.0164178,0.107325,1
ex6_2_6,0.0165425,0.105779,1
ex6_2_6,0.0166774,0.104608,1
ex6_2_6,0.0168016,0.103069,1
ex6_2_6,0.0169355,0.101902,1
ex6_2_6,0.0170597,0.10037,1
ex6_2_6,0.0172047,0.0992065,1
ex6_2_6,0.0173304,0.0976812,1
ex6_2_6,0.0174691,0.0965215,1
ex6_2_6,0.0175933,0.0950032,1
ex6_2_6,0.0177315,0.0938471,1
ex6_2_6,0.0178576,0.0923359,1
ex6_2_6,0.0179963,0.0911833,1
ex6_2_6,0.0181295,0.0896793,1
ex6_2_6,0.0182692,0.0885303,1
ex6_2_6,0.0183936,0.0870335,1
ex6_2_6,0.0185341,0.085888,1
ex6_2_6,0.0186583,0.0843984,1
ex6_2_6,0.018797,0.0832565,1
ex6_2_6,0.0189211,0.0817741,1
ex6_2_6,0.0190596,0.0806358,1
ex6_2_6,0.0191893,0.0791607,1
ex6_2_6,0.0193285,0.0780259,1
ex6_2_6,0.0194533,0.0765582,1
ex6_2_6,0.0195935,0.0754269,1
ex6_2_6,0.0197176,0.0739666,1
ex6_2_6,0.019856,0.0728389,1
ex6_2_6,0.0199809,0.071386,1
ex6_2_6,0.0201283,0.0702619,1
ex6_2_6,0.0202539,0.0688165,1
ex6_2_6,0.0203926,0.0676959,1
ex6_2_6,0.0205165,0.066258,1
ex6_2_6,0.0206553,0.065141,1
ex6_2_6,0.0207774,0.0637107,1
ex6_2_6,0.0209154,0.0625973,1
ex6_2_6,0.0210398,0.0611747,1
ex6_2_6,0.0211876,0.0600648,1
ex6_2_6,0.0213127,0.0586499,1
ex6_2_6,0.0214515,0.0575437,1
ex6_2_6,0.0215772,0.0561365,1
ex6_2_6,0.0217156,0.0550339,1
ex6_2_6,0.0218396,0.0536345,1
ex6_2_6,0.021978,0.0525355,1
ex6_2_6,0.0221026,0.0511442,1
ex6_2_6,0.0222497,0.0500488,1
ex6_2_6,0.0223753,0.0486654,1
ex6_2_6,0.0225143,0.0475736,1
ex6_2_6,0.0226394,0.0461985,1
ex6_2_6,0.0227773,0.0451103,1
ex6_2_6,0.0229019,0.0437435,1
ex6_2_6,0.0230401,0.0426589,1
ex6_2_6,0.0231685,0.0413005,1
ex6_2_6,0.0233081,0.0402195,1
ex6_2_6,0.0234342,0.0388697,1
ex6_2_6,0.0235746,0.0377924,1
ex6_2_6,0.0236993,0.0364513,1
ex6_2_6,0.0238398,0.0353777,1
ex6_2_6,0.0239659,0.0340455,1
ex6_2_6,0.0241055,0.0329755,1
ex6_2_6,0.0242388,0.0316525,1
ex6_2_6,0.0243784,0.0305863,1
ex6_2_6,0.0245027,0.0292727,1
ex6_2_6,0.0246413,0.0282102,1
ex6_2_6,0.0247657,0.0269064,1
ex6_2_6,0.0249039,0.0258476,1
ex6_2_6,0.0250291,0.024554,1
ex6_2_6,0.0251763,0.0234989,1
ex6_2_6,0.0253321,0.0222159,1
ex6_2_6,0.0254729,0.0211646,1
ex6_2_6,0.0256264,0.0198928,1
ex6_2_6,0.0257645,0.0188453,1
ex6_2_6,0.0259185,0.0175856,1
ex6_2_6,0.0260579,0.0165419,1
ex6_2_6,0.0262166,0.0152952,1
ex6_2_6,0.0263561,0.0142553,1
ex6_2_6,0.0265092,0.0130231,1
ex6_2_6,0.0266477,0.0119872,1
ex6_2_6,0.0268,0.0107714,1
ex6_2_6,0.0269402,0.0097395,1
ex6_2_6,0.027093,0.00854354,1
ex6_2_6,0.0272403,0.00751567,1
ex6_2_6,0.0273897,0.00634532,1
ex6_2_6,0.0275283,0.00532157,1
ex6_2_6,0.0277106,0.00418903,1
ex6_2_6,0.0278498,0.00316952,1
ex6_2_6,0.0280536,0.00211012,1
ex6_2_6,0.0282449,0.0011155,1
ex6_2_6,0.0295125,0.000113235,1
ex6_2_6,0.0877645,4.98588e-05,1
ex6_2_6,0.0879591,3.08616e-05,1
ex6_2_6,0.117284,1.92548e-05,1
ex6_2_6,0.146619,1.26939e-05,1
ex6_2_6,0.175999,7.90506e-06,1
ex6_2_6,0.205359,5.16928e-06,1
ex6_2_6,0.234721,3.68459e-06,1
ex6_2_6,0.26387,3.6836e-06,1
ex6_2_6,0.264066,2.47096e-06,1
ex6_2_6,0.293427,1.80553e-06,1
ex6_2_6,0.322771,1.39189e-06,1
ex6_2_6,0.352144,1.13473e-06,1
ex6_2_6,0.410717,1.04225e-06,1
ex6_2_6,0.469259,9.73152e-07,1
ex6_2_6,0.527895,9.56944e-07,1
ex6_2_6,0.557327,8.58348e-07,1
ex6_2_6,0.645036,8.32176e-07,1
ex6_2_6,0.674406,7.85494e-07,1
ex6_2_6,0.791471,7.84364e-07,1
ex6_2_6,0.820788,7.56693e-07,1
ex6_2_6,0.850163,7.39342e-07,1
ex6_2_6,1.05488,7.33468e-07,1
ex6_2_6,1.25966,7.31562e-07,1
ex6_2_6,1.46436,7.30998e-07,1
ex6_2_6,1.49348,7.30878e-07,1
ex6_2_6,1.72719,7.28852e-07,1
ex6_2_6,1.75661,7.21654e-07,1
ex6_2_6,2.07803,7.20077e-07,1
ex6_2_6,2.10741,7.16519e-07,1
ex6_2_6,2.13674,7.14328e-07,1
ex6_2_6,2.69241,7.13993e-07,1
ex6_2_6,3.2475,7.13838e-07,1
ex6_2_6,3.27666,7.13807e-07,1
ex6_2_6,3.30608,7.12678e-07,1
ex6_2_6,3.33549,7.11942e-07,1
ex6_2_6,4.30096,7.11848e-07,1
ex6_2_6,4.33019,7.11847e-07,1
ex6_2_6,4.35969,7.1142e-07,1
ex6_2_6,4.3891,7.11163e-07,1
ex6_2_6,5.41376,7.11163e-07,0
ex6_2_6,6.05799,7.11133e-07,1
ex6_2_6,6.0872,7.11132e-07,1
ex6_2_6,7.11244,7.11132e-07,0
ex6_2_6,7.87391,7.11107e-07,1
ex6_2_6,7.90335,7.10966e-07,1
ex6_2_6,8.92788,7.10966e-07,0
ex6_2_6,9.95325,7.10966e-07,0
ex6_2_6,10.2759,7.1095e-07,1
ex6_2_6,11.304,7.1095e-07,0
ex6_2_6,12.3326,7.1095e-07,0
ex6_2_6,12.803,7.10945e-07,1
ex6_2_6,12.8327,7.1087e-07,1
ex6_2_6,12.8622,7.10828e-07,1
ex6_2_6,12.8916,7.10826e-07,1
ex6_2_6,13.92,7.10826e-07,0
ex6_2_6,14.9488,7.10826e-07,0
ex6_2_6,15.9777,7.10826e-07,0
ex6_2_6,17.0061,7.10826e-07,0
ex6_2_6,18.0341,7.10826e-07,0
ex6_2_6,18.7981,7.10801e-07,1
ex6_2_6,18.8275,7.10799e-07,1
ex6_2_6,18.8277,7.10786e-07,1
ex6_2_6,18.8571,7.10784e-07,1
ex6_2_6,19.8855,7.10784e-07,0
ex6_2_6,20.914,7.10784e-07,0
ex6_2_6,21.8834,7.10776e-07,1
ex6_2_6,21.9126,7.10774e-07,1
ex6_2_6,22.9386,7.10774e-07,0
ex6_2_6,23.9392,7.10774e-07,0
ex6_2_6,24.8777,7.1077e-07,1
ex6_2_6,24.9069,7.10768e-07,1
ex6_2_6,24.9071,7.10766e-07,1
ex6_2_6,25.9321,7.10766e-07,0
ex6_2_6,26.9608,7.10766e-07,0
ex6_2_6,27.8715,7.10764e-07,1
ex6_2_6,27.901,7.10763e-07,1
ex6_2_6,28.0092,-2.19646e-06,1
ex6_2_6,28.0094,-2.5992e-06,1
ex6_2_6,28.0348,-2.5992e-06,1
ex6_2_6,28.0605,-2.60249e-06,1
ex6_2_6,29.0841,-2.60249e-06,0
ex6_2_6,29.1609,-2.60249e-06,1
ex6_2_6,30.1845,-2.60249e-06,0
ex6_2_6,30.2871,-2.60249e-06,1
ex6_2_6,31.2872,-2.60249e-06,0
ex6_2_6,31.4668,-2.6025e-06,1
ex6_2_6,32.4923,-2.6025e-06,0
ex6_2_6,32.672,-2.6025e-06,1
ex6_2_6,33.6968,-2.6025e-06,0
ex6_2_6,33.902,-2.6025e-06,1
ex6_2_6,34.9271,-2.6025e-06,0
ex6_2_6,35.1836,-2.60251e-06,1
ex6_2_6,35.2094,-2.60253e-06,1
ex6_2_6,36.2102,-2.60253e-06,0
ex6_2_6,37.2173,-2.60253e-06,0
ex6_2_6,37.8625,-2.60253e-06,1
ex6_2_6,40.8896,-2.60253e-06,0
ex6_2_6,41.8944,-2.60253e-06,0
ex6_2_6,42.8982,-2.60253e-06,0
ex6_2_6,43.902,-2.60253e-06,0
ex6_2_6,44.9059,-2.60253e-06,0
ex6_2_6,48.9384,-2.60253e-06,0
ex6_2_6,49.9485,-2.60253e-06,0
ex6_2_6,54.001,-2.60253e-06,0
ex6_2_6,55.0117,-2.60253e-06,0
ex6_2_6,56.0222,-2.60253e-06,0
windfac,0.000970512,0.75,1
windfac,0.303756,0.428808,1
windfac,0.967396,0.352891,1
windfac,1.2042,0.254487,1
st_e08,3.5759e-05,1.125,1
st_e08,9.4425e-05,1.12288,1
st_e08,0.000179352,1.12076,1
st_e08,0.000274894,1.11864,1
st_e08,0.000370716,1.11652,1
st_e08,0.000464932,1.1144,1
st_e08,0.000569205,1.11229,1
st_e08,0.00066789,1.11017,1
st_e08,0.000761687,1.10806,1
st_e08,0.000856601,1.10596,1
st_e08,0.000949979,1.10385,1
st_e08,0.00104412,1.10175,1
st_e08,0.00113946,1.09964,1
st_e08,0.00123353,1.09754,1
st_e08,0.00132754,1.09545,1
st_e08,0.0276494,1.09544,1
st_e08,0.0589222,1.09335,1
st_e08,0.0589817,0.759548,1
st_e08,0.0590553,0.757789,1
st_e08,0.0591469,0.756031,1
st_e08,0.059237,0.754275,1
st_e08,0.0593284,0.752521,1
st_e08,0.0594193,0.750768,1
st_e08,0.0595099,0.749017,1
st_e08,0.0596102,0.747268,1
st_e08,0.0597026,0.745521,1
st_e08,0.0597943,0.743776,1
st_e08,0.0598867,0.742032,1
st_e08,0.0685819,0.74179,1
st_e08,1.06934,0.74179,0
st_e08,2.0718,0.74179,0
st_e08,3.0723,0.74179,0
st_e08,5.07429,0.74179,0
st_e08,6.07585,0.74179,0
st_e08,7.07606,0.74179,0
st_e08,8.07639,0.74179,0
st_e08,9.08003,0.74179,0
st_e08,13.0858,0.74179,0
st_e08,14.0861,0.74179,0
st_e08,16.0889,0.74179,0
st_e08,21.0971,0.74179,0
st_e08,22.0981,0.74179,0
st_e08,24.1088,0.74179,0
st_e08,26.1121,0.74179,0
st_e08,27.1149,0.74179,0
st_e08,28.1158,0.74179,0
st_e08,29.119,0.74179,0
st_e08,32.1217,0.74179,0
st_e08,34.1236,0.74179,0
st_e08,37.128,0.74179,0
st_e08,38.1281,0.74179,0
st_e08,39.1294,0.74179,0
st_e08,40.1307,0.74179,0
st_e08,41.1327,0.74179,0
st_e08,42.1347,0.74179,0
st_e08,44.138,0.74179,0
st_e08,45.1391,0.74179,0
st_e08,46.1397,0.74179,0
st_e08,49.1428,0.74179,0
st_e08,51.1442,0.74179,0
st_e08,52.1445,0.74179,0
st_e08,55.147,0.74179,0
st_e08,56.1483,0.74179,0
st_e08,57.1486,0.74179,0
st_e08,58.1492,0.74179,0
ex6_2_8,6.0831e-05,0.563403,1
ex6_2_8,0.000218113,0.215736,1
ex6_2_8,0.00032057,0.214045,1
ex6_2_8,0.000415903,0.212331,1
ex6_2_8,0.000510748,0.210639,1
ex6_2_8,0.000604405,0.208927,1
ex6_2_8,0.000731655,0.207233,1
ex6_2_8,0.000825382,0.205523,1
ex6_2_8,0.00095361,0.203828,1
ex6_2_8,0.00104894,0.202118,1
ex6_2_8,0.00117829,0.200422,1
ex6_2_8,0.00128179,0.198714,1
ex6_2_8,0.0014161,0.197016,1
ex6_2_8,0.00150954,0.19531,1
ex6_2_8,0.00163798,0.19361,1
ex6_2_8,0.00173143,0.191905,1
ex6_2_8,0.00185959,0.190197,1
ex6_2_8,0.00195234,0.188486,1
ex6_2_8,0.00208113,0.186794,1
ex6_2_8,0.00217562,0.185084,1
ex6_2_8,0.002313,0.18339,1
ex6_2_8,0.00241105,0.181682,1
ex6_2_8,0.00253991,0.179986,1
ex6_2_8,0.00263531,0.178279,1
ex6_2_8,0.00276606,0.176581,1
ex6_2_8,0.00285999,0.174875,1
ex6_2_8,0.00298836,0.173176,1
ex6_2_8,0.00308279,0.171472,1
ex6_2_8,0.00321115,0.169764,1
ex6_2_8,0.00333652,0.168052,1
ex6_2_8,0.00346705,0.16636,1
ex6_2_8,0.00356099,0.16465,1
ex6_2_8,0.00368936,0.162957,1
ex6_2_8,0.00378329,0.161247,1
ex6_2_8,0.00391208,0.159552,1
ex6_2_8,0.00400567,0.157844,1
ex6_2_8,0.00413445,0.156146,1
ex6_2_8,0.00422825,0.154439,1
ex6_2_8,0.00436158,0.152739,1
ex6_2_8,0.00445649,0.151034,1
ex6_2_8,0.00458556,0.149331,1
ex6_2_8,0.00468089,0.147627,1
ex6_2_8,0.00481073,0.145918,1
ex6_2_8,0.00490466,0.144205,1
ex6_2_8,0.00503184,0.142511,1
ex6_2_8,0.00512508,0.140799,1
ex6_2_8,0.0052635,0.139103,1
ex6_2_8,0.005358,0.137392,1
ex6_2_8,0.0054863,0.135693,1
ex6_2_8,0.005581,0.133983,1
ex6_2_8,0.00570693,0.132282,1
ex6_2_8,0.00580135,0.130573,1
ex6_2_8,0.00593014,0.128868,1
ex6_2_8,0.00602505,0.12716,1
ex6_2_8,0.00615342,0.125447,1
ex6_2_8,0.00624736,0.123728,1
ex6_2_8,0.0063825,0.122034,1
ex6_2_8,0.00647741,0.120315,1
ex6_2_8,0.00660718,0.118618,1
ex6_2_8,0.00670091,0.116901,1
ex6_2_8,0.00682927,0.115201,1
ex6_2_8,0.0069237,0.113484,1
ex6_2_8,0.00705256,0.11178,1
ex6_2_8,0.00714621,0.110064,1
ex6_2_8,0.00728345,0.108357,1
ex6_2_8,0.00737934,0.106642,1
ex6_2_8,0.00750862,0.104931,1
ex6_2_8,0.00760213,0.103217,1
ex6_2_8,0.00773078,0.101495,1
ex6_2_8,0.00782423,0.0997661,1
ex6_2_8,0.00795322,0.0980681,1
ex6_2_8,0.00804702,0.0963395,1
ex6_2_8,0.00817532,0.0946379,1
ex6_2_8,0.00827883,0.0929094,1
ex6_2_8,0.00843862,0.091204,1
ex6_2_8,0.0085327,0.0894758,1
ex6_2_8,0.00869291,0.0877661,1
ex6_2_8,0.0087872,0.0860383,1
ex6_2_8,0.00894553,0.0843241,1
ex6_2_8,0.00904002,0.0825966,1
ex6_2_8,0.0091994,0.0808776,1
ex6_2_8,0.00930151,0.0791504,1
ex6_2_8,0.00946033,0.0774263,1
ex6_2_8,0.0095544,0.0756995,1
ex6_2_8,0.00971127,0.0739625,1
ex6_2_8,0.00980548,0.0722146,1
ex6_2_8,0.00996283,0.0705086,1
ex6_2_8,0.0100566,0.0687601,1
ex6_2_8,0.0102118,0.0670495,1
ex6_2_8,0.0103147,0.0653004,1
ex6_2_8,0.0104743,0.063585,1
ex6_2_8,0.0105676,0.0618352,1
ex6_2_8,0.010728,0.0601146,1
ex6_2_8,0.0108224,0.0583643,1
ex6_2_8,0.0109797,0.0566381,1
ex6_2_8,0.0110731,0.0548874,1
ex6_2_8,0.0112302,0.053155,1
ex6_2_8,0.0113342,0.0514039,1
ex6_2_8,0.0115259,0.049665,1
ex6_2_8,0.0116212,0.0479138,1
ex6_2_8,0.0118108,0.0461677,1
ex6_2_8,0.0119046,0.0444166,1
ex6_2_8,0.0120919,0.0426626,1
ex6_2_8,0.0121857,0.0409121,1
ex6_2_8,0.0123777,0.0391417,1
ex6_2_8,0.0124723,0.0373486,1
ex6_2_8,0.0126541,0.0356353,1
ex6_2_8,0.012749,0.0338393,1
ex6_2_8,0.0129286,0.0321232,1
ex6_2_8,0.0130226,0.0303244,1
ex6_2_8,0.0132048,0.0286061,1
ex6_2_8,0.0133055,0.0268048,1
ex6_2_8,0.0135163,0.0250856,1
ex6_2_8,0.0136103,0.0232825,1
ex6_2_8,0.0138226,0.0215641,1
ex6_2_8,0.0139165,0.0197604,1
ex6_2_8,0.014151,0.0180462,1
ex6_2_8,0.014245,0.01694,1
ex6_2_8,0.0145226,0.0152113,1
ex6_2_8,0.0146173,0.0133647,1
ex6_2_8,0.0149158,0.0116522,1
ex6_2_8,0.0150098,0.0102828,1
ex6_2_8,0.0153168,0.00857843,1
ex6_2_8,0.0154123,0.00687443,1
ex6_2_8,0.0157709,0.00523185,1
ex6_2_8,0.0158646,0.00403788,1
ex6_2_8,0.0164396,0.0024137,1
ex6_2_8,0.0166858,0.00140063,1
ex6_2_8,0.0180371,0.000354738,1
ex6_2_8,0.0182208,0.000188343,1
ex6_2_8,0.0201652,-0.0218662,1
ex6_2_8,0.020378,-0.0242509,1
ex6_2_8,0.0205338,-0.0252749,1
ex6_2_8,0.0211888,-0.0263059,1
ex6_2_8,0.02138,-0.0265021,1
ex6_2_8,0.0516775,-0.0269794,1
ex6_2_8,0.0518134,-0.0270016,1
ex6_2_8,0.113059,-0.0270028,1
ex6_2_8,0.14414,-0.0270038,1
ex6_2_8,0.511674,-0.0270051,1
ex6_2_8,1.52296,-0.0270051,0
ex6_2_8,2.54014,-0.0270051,0
ex6_2_8,3.56498,-0.0270051,0
ex6_2_8,5.58835,-0.0270051,0
ex6_2_8,8.62975,-0.0270051,0
ex6_2_8,9.63572,-0.0270051,0
ex6_2_8,10.6648,-0.0270051,0
ex6_2_8,11.6667,-0.0270051,0
ex6_2_8,12.6826,-0.0270051,0
ex6_2_8,15.7283,-0.0270051,0
ex6_2_8,16.754,-0.0270051,0
ex6_2_8,17.7668,-0.0270051,0
ex6_2_8,20.801,-0.0270051,0
ex6_2_8,22.8325,-0.0270051,0
ex6_2_8,23.8606,-0.0270051,0
ex6_2_8,24.875,-0.0270051,0
ex6_2_8,26.9046,-0.0270051,0
ex6_2_8,27.9205,-0.0270051,0
ex6_2_8,28.9253,-0.0270051,0
ex6_2_8,29.9436,-0.0270051,0
ex6_2_8,30.9476,-0.0270051,0
ex6_2_8,32.956,-0.0270051,0
ex6_2_8,33.9677,-0.0270051,0
ex6_2_8,34.9797,-0.0270051,0
ex6_2_8,36.0025,-0.0270051,0
ex6_2_8,37.0071,-0.0270051,0
ex6_2_8,38.0149,-0.0270051,0
ex6_2_8,40.0277,-0.0270051,0
ex6_2_8,41.0319,-0.0270051,0
ex6_2_8,42.0565,-0.0270051,0
ex6_2_8,43.0785,-0.0270051,0
ex6_2_8,44.0941,-0.0270051,0
ex6_2_8,45.1185,-0.0270051,0
ex6_2_8,46.1318,-0.0270051,0
ex6_2_8,47.1452,-0.0270051,0
ex6_2_8,48.1569,-0.0270051,0
ex6_2_8,49.1771,-0.0270051,0
ex6_2_8,50.1795,-0.0270051,0
ex6_2_8,51.2064,-0.0270051,0
ex6_2_8,52.21,-0.0270051,0
ex6_2_8,53.2171,-0.0270051,0
ex6_2_8,54.224,-0.0270051,0
ex6_2_8,55.2278,-0.0270051,0
ex6_2_8,57.7265,-0.0270063,1
ex6_2_8,59.1366,-0.0270063,1
eg_all_s,5.53106,1e+09,1
eg_all_s,5.53117,9.99e+08,1
eg_all_s,5.53121,9.98001e+08,1
eg_all_s,5.53127,9.97003e+08,1
eg_all_s,5.5313,9.96006e+08,1
eg_all_s,5.53136,9.9501e+08,1
eg_all_s,5.5314,9.94015e+08,1
eg_all_s,5.53147,9.93021e+08,1
eg_all_s,5.5315,9.92028e+08,1
eg_all_s,5.53156,9.91036e+08,1
eg_all_s,5.53159,9.90045e+08,1
eg_all_s,5.53165,9.89055e+08,1
eg_all_s,5.53168,9.88066e+08,1
eg_all_s,5.53174,9.87078e+08,1
eg_all_s,5.53177,9.86091e+08,1
eg_all_s,5.53183,9.85105e+08,1
eg_all_s,5.53186,9.84119e+08,1
eg_all_s,5.53192,9.83135e+08,1
eg_all_s,5.53195,9.82152e+08,1
eg_all_s,5.53201,9.8117e+08,1
eg_all_s,5.53204,9.80189e+08,1
eg_all_s,5.5321,9.79209e+08,1
eg_all_s,5.53213,9.78229e+08,1
eg_all_s,5.53219,9.77251e+08,1
eg_all_s,5.53222,9.76274e+08,1
eg_all_s,5.53228,9.75298e+08,1
eg_all_s,5.53231,9.74322e+08,1
eg_all_s,5.53237,9.73348e+08,1
eg_all_s,5.5324,9.72375e+08,1
eg_all_s,5.53247,9.71402e+08,1
eg_all_s,5.53251,9.70431e+08,1
eg_all_s,5.53256,9.69461e+08,1
eg_all_s,5.5326,9.68491e+08,1
eg_all_s,5.53266,9.67523e+08,1
eg_all_s,5.53269,9.66555e+08,1
eg_all_s,5.53275,9.65589e+08,1
eg_all_s,5.53278,9.64623e+08,1
eg_all_s,5.53284,9.63658e+08,1
eg_all_s,5.53287,9.62695e+08,1
eg_all_s,5.53293,9.61732e+08,1
eg_all_s,5.53296,9.6077e+08,1
eg_all_s,5.53302,9.59809e+08,1
eg_all_s,5.53305,9.5885e+08,1
eg_all_s,5.53311,9.57891e+08,1
eg_all_s,5.53314,9.56933e+08,1
eg_all_s,5.5332,9.55976e+08,1
eg_all_s,5.53323,9.5502e+08,1
eg_all_s,5.53329,9.54065e+08,1
eg_all_s,5.53332,9.53111e+08,1
eg_all_s,5.53338,9.52158e+08,1
eg_all_s,5.53341,9.51206e+08,1
eg_all_s,5.53348,9.50254e+08,1
eg_all_s,5.53351,9.49304e+08,1
eg_all_s,5.53357,9.48355e+08,1
eg_all_s,5.5336,9.47407e+08,1
eg_all_s,5.53366,9.46459e+08,1
eg_all_s,5.53369,9.45513e+08,1
eg_all_s,5.53375,9.44567e+08,1
eg_all_s,5.53378,9.43623e+08,1
eg_all_s,5.53384,9.42679e+08,1
eg_all_s,5.53387,9.41736e+08,1
eg_all_s,5.53393,9.40795e+08,1
eg_all_s,5.53396,9.39854e+08,1
eg_all_s,5.53402,9.38914e+08,1
eg_all_s,5.53405,9.37975e+08,1
eg_all_s,5.53411,9.37037e+08,1
eg_all_s,5.53414,9.361e+08,1
eg_all_s,5.5342,9.35164e+08,1
eg_all_s,5.53423,9.34229e+08,1
eg_all_s,5.53429,9.33294e+08,1
eg_all_s,5.53432,9.32361e+08,1
eg_all_s,5.53438,9.31429e+08,1
eg_all_s,5.53441,9.30497e+08,1
eg_all_s,5.53448,9.29567e+08,1
eg_all_s,5.53451,9.28637e+08,1
eg_all_s,5.53457,9.27709e+08,1
eg_all_s,5.5346,9.26781e+08,1
eg_all_s,5.53466,9.25854e+08,1
eg_all_s,5.53469,9.24928e+08,1
eg_all_s,5.53475,9.24003e+08,1
eg_all_s,5.53478,9.23079e+08,1
eg_all_s,5.53484,9.22156e+08,1
eg_all_s,5.53487,9.21234e+08,1
eg_all_s,5.53493,9.20313e+08,1
eg_all_s,5.53496,9.19393e+08,1
eg_all_s,5.53502,9.18473e+08,1
eg_all_s,5.53505,9.17555e+08,1
eg_all_s,5.53511,9.16637e+08,1
eg_all_s,5.53514,9.15721e+08,1
eg_all_s,5.5352,9.14805e+08,1
eg_all_s,5.53523,9.1389e+08,1
eg_all_s,5.53529,9.12976e+08,1
eg_all_s,5.53532,9.12063e+08,1
eg_all_s,5.53538,9.11151e+08,1
eg_all_s,5.53541,9.1024e+08,1
eg_all_s,5.53548,9.0933e+08,1
eg_all_s,5.53551,9.0842e+08,1
eg_all_s,5.53557,9.07512e+08,1
eg_all_s,5.5356,9.06604e+08,1
eg_all_s,5.53566,9.05698e+08,1
eg_all_s,5.53569,9.04792e+08,1
eg_all_s,5.53575,9.03887e+08,1
eg_all_s,5.53578,9.02983e+08,1
eg_all_s,5.53584,9.0208e+08,1
eg_all_s,5.53587,9.01178e+08,1
eg_all_s,5.53593,9.00277e+08,1
eg_all_s,5.53596,8.99377e+08,1
eg_all_s,5.53602,8.98478e+08,1
eg_all_s,5.53605,8.97579e+08,1
eg_all_s,5.53611,8.96682e+08,1
eg_all_s,5.53614,8.95785e+08,1
eg_all_s,5.5362,8.94889e+08,1
eg_all_s,5.53623,8.93994e+08,1
eg_all_s,5.53629,8.931e+08,1
eg_all_s,5.53632,8.92207e+08,1
eg_all_s,5.53638,8.91315e+08,1
eg_all_s,5.53641,8.90424e+08,1
eg_all_s,5.53648,8.89533e+08,1
eg_all_s,5.53651,8.88644e+08,1
eg_all_s,5.53657,8.87755e+08,1
eg_all_s,5.5366,8.86867e+08,1
eg_all_s,5.53666,8.8598e+08,1
eg_all_s,5.53669,8.85094e+08,1
eg_all_s,5.53675,8.84209e+08,1
eg_all_s,5.53678,8.83325e+08,1
eg_all_s,5.53684,8.82442e+08,1
eg_all_s,5.53687,8.81559e+08,1
eg_all_s,5.53693,8.80678e+08,1
eg_all_s,5.53696,8.79797e+08,1
eg_all_s,5.53702,8.78917e+08,1
eg_all_s,5.53705,8.78038e+08,1
eg_all_s,5.53711,8.7716e+08,1
eg_all_s,5.53714,8.76283e+08,1
eg_all_s,5.53721,8.75407e+08,1
eg_all_s,5.53724,8.74531e+08,1
eg_all_s,5.5373,8.73657e+08,1
eg_all_s,5.53733,8.72783e+08,1
eg_all_s,5.53739,8.7191e+08,1
eg_all_s,5.53742,8.71039e+08,1
eg_all_s,5.53749,8.70167e+08,1
eg_all_s,5.53752,8.69297e+08,1
eg_all_s,5.53758,8.68428e+08,1
eg_all_s,5.53761,8.6756e+08,1
eg_all_s,5.53767,8.66692e+08,1
eg_all_s,5.5377,8.65825e+08,1
eg_all_s,5.53776,8.6496e+08,1
eg_all_s,5.53779,8.64095e+08,1
eg_all_s,5.53785,8.6323e+08,1
eg_all_s,5.53788,8.62367e+08,1
eg_all_s,5.53794,8.61505e+08,1
eg_all_s,5.53797,8.60643e+08,1
eg_all_s,5.53803,8.59783e+08,1
eg_all_s,5.53806,8.58923e+08,1
eg_all_s,5.53812,8.58064e+08,1
eg_all_s,5.53815,8.57206e+08,1
eg_all_s,5.53821,8.56349e+08,1
eg_all_s,5.53824,8.55492e+08,1
eg_all_s,5.5383,8.54637e+08,1
eg_all_s,5.53833,8.53782e+08,1
eg_all_s,5.53839,8.52928e+08,1
eg_all_s,5.53842,8.52076e+08,1
eg_all_s,5.53849,8.51223e+08,1
eg_all_s,5.53852,8.50372e+08,1
eg_all_s,5.53858,8.49522e+08,1
eg_all_s,5.53861,8.48672e+08,1
eg_all_s,5.53867,8.47824e+08,1
eg_all_s,5.5387,8.46976e+08,1
eg_all_s,5.53876,8.46129e+08,1
eg_all_s,5.53879,8.45283e+08,1
eg_all_s,5.53885,8.44437e+08,1
eg_all_s,5.53888,8.43593e+08,1
eg_all_s,5.53894,8.42749e+08,1
eg_all_s,5.53897,8.41907e+08,1
eg_all_s,5.53903,8.41065e+08,1
eg_all_s,5.53906,8.40224e+08,1
eg_all_s,5.53912,8.39384e+08,1
eg_all_s,5.53915,8.38544e+08,1
eg_all_s,5.53921,8.37706e+08,1
eg_all_s,5.53924,8.36868e+08,1
eg_all_s,5.5393,8.36031e+08,1
eg_all_s,5.53934,8.35195e+08,1
eg_all_s,5.53939,8.3436e+08,1
eg_all_s,5.53943,8.33525e+08,1
eg_all_s,5.53949,8.32692e+08,1
eg_all_s,5.53953,8.31859e+08,1
eg_all_s,5.53959,8.31027e+08,1
eg_all_s,5.53962,8.30196e+08,1
eg_all_s,5.53968,8.29366e+08,1
eg_all_s,5.53971,8.28537e+08,1
eg_all_s,5.53977,8.27708e+08,1
eg_all_s,5.5398,8.26881e+08,1
eg_all_s,5.53986,8.26054e+08,1
eg_all_s,5.53989,8.25228e+08,1
eg_all_s,5.53995,8.24402e+08,1
eg_all_s,5.53998,8.23578e+08,1
eg_all_s,5.54004,8.22754e+08,1
eg_all_s,5.54007,8.21932e+08,1
eg_all_s,5.54013,8.2111e+08,1
eg_all_s,5.54016,8.20289e+08,1
eg_all_s,5.54022,8.19468e+08,1
eg_all_s,5.54025,8.18649e+08,1
eg_all_s,5.54031,8.1783e+08,1
eg_all_s,5.54034,8.17012e+08,1
eg_all_s,5.5404,8.16195e+08,1
eg_all_s,5.54043,8.15379e+08,1
eg_all_s,5.5405,8.14564e+08,1
eg_all_s,5.54053,8.13749e+08,1
eg_all_s,5.54059,8.12935e+08,1
eg_all_s,5.54062,8.12122e+08,1
eg_all_s,5.54068,8.1131e+08,1
eg_all_s,5.54071,8.10499e+08,1
eg_all_s,5.54077,8.09689e+08,1
eg_all_s,5.5408,8.08879e+08,1
eg_all_s,5.54086,8.0807e+08,1
eg_all_s,5.54089,8.07262e+08,1
eg_all_s,5.54095,8.06455e+08,1
eg_all_s,5.54098,8.05648e+08,1
eg_all_s,5.54104,8.04843e+08,1
eg_all_s,5.54107,8.04038e+08,1
eg_all_s,5.54113,8.03234e+08,1
eg_all_s,5.54116,8.0243e+08,1
eg_all_s,5.54122,8.01628e+08,1
eg_all_s,5.54125,8.00826e+08,1
eg_all_s,5.54131,8.00026e+08,1
eg_all_s,5.54134,7.99226e+08,1
eg_all_s,5.5414,7.98426e+08,1
eg_all_s,5.54143,7.97628e+08,1
eg_all_s,5.5415,7.9683e+08,1
eg_all_s,5.54153,7.96033e+08,1
eg_all_s,5.54159,7.95237e+08,1
eg_all_s,5.54162,7.94442e+08,1
eg_all_s,5.54168,7.93648e+08,1
eg_all_s,5.54171,7.92854e+08,1
eg_all_s,5.54177,7.92061e+08,1
eg_all_s,5.5418,7.91269e+08,1
eg_all_s,5.54186,7.90478e+08,1
eg_all_s,5.54189,7.89687e+08,1
eg_all_s,5.54195,7.88898e+08,1
eg_all_s,5.54198,7.88109e+08,1
eg_all_s,5.54204,7.87321e+08,1
eg_all_s,5.54207,7.86533e+08,1
eg_all_s,5.54213,7.85747e+08,1
eg_all_s,5.54216,7.84961e+08,1
eg_all_s,5.54222,7.84176e+08,1
eg_all_s,5.54225,7.83392e+08,1
eg_all_s,5.54231,7.82609e+08,1
eg_all_s,5.54234,7.81826e+08,1
eg_all_s,5.5424,7.81044e+08,1
eg_all_s,5.54243,7.80263e+08,1
eg_all_s,5.5425,7.79483e+08,1
eg_all_s,5.54253,7.78703e+08,1
eg_all_s,5.54259,7.77925e+08,1
eg_all_s,5.54262,7.77147e+08,1
eg_all_s,5.54268,7.7637e+08,1
eg_all_s,5.54271,7.75593e+08,1
eg_all_s,5.54277,7.74818e+08,1
eg_all_s,5.5428,7.74043e+08,1
eg_all_s,5.54286,7.73269e+08,1
eg_all_s,5.54289,7.72495e+08,1
eg_all_s,5.54295,7.71723e+08,1
eg_all_s,5.54298,7.70951e+08,1
eg_all_s,5.54304,7.7018e+08,1
eg_all_s,5.54307,7.6941e+08,1
eg_all_s,5.54313,7.68641e+08,1
eg_all_s,5.54316,7.67872e+08,1
eg_all_s,5.54322,7.67104e+08,1
eg_all_s,5.54326,7.66337e+08,1
eg_all_s,5.54332,7.65571e+08,1
eg_all_s,5.54335,7.64805e+08,1
eg_all_s,5.54341,7.6404e+08,1
eg_all_s,5.54345,7.63276e+08,1
eg_all_s,5.54351,7.62513e+08,1
eg_all_s,5.54354,7.61751e+08,1
eg_all_s,5.5436,7.60989e+08,1
eg_all_s,5.54363,7.60228e+08,1
eg_all_s,5.54369,7.59468e+08,1
eg_all_s,5.54372,7.58708e+08,1
eg_all_s,5.54378,7.57949e+08,1
eg_all_s,5.54381,7.57191e+08,1
eg_all_s,5.54387,7.56434e+08,1
eg_all_s,5.5439,7.55678e+08,1
eg_all_s,5.54396,7.54922e+08,1
eg_all_s,5.54399,7.54167e+08,1
eg_all_s,5.54405,7.53413e+08,1
eg_all_s,5.54408,7.5266e+08,1
eg_all_s,5.54414,7.51907e+08,1
eg_all_s,5.54417,7.51155e+08,1
eg_all_s,5.54423,7.50404e+08,1
eg_all_s,5.54426,7.49654e+08,1
eg_all_s,5.54432,7.48904e+08,1
eg_all_s,5.54435,7.48155e+08,1
eg_all_s,5.54441,7.47407e+08,1
eg_all_s,5.54445,7.46659e+08,1
eg_all_s,5.54451,7.45913e+08,1
eg_all_s,5.54454,7.45167e+08,1
eg_all_s,5.5446,7.44422e+08,1
eg_all_s,5.54463,7.43677e+08,1
eg_all_s,5.54469,7.42934e+08,1
eg_all_s,5.54472,7.42191e+08,1
eg_all_s,5.54478,7.41448e+08,1
eg_all_s,5.54481,7.40707e+08,1
eg_all_s,5.54487,7.39966e+08,1
eg_all_s,5.54491,7.39226e+08,1
eg_all_s,5.54496,7.38487e+08,1
eg_all_s,5.54499,7.37749e+08,1
eg_all_s,5.54505,7.37011e+08,1
eg_all_s,5.54508,7.36274e+08,1
eg_all_s,5.54514,7.35538e+08,1
eg_all_s,5.54518,7.34802e+08,1
eg_all_s,5.54524,7.34067e+08,1
eg_all_s,5.54527,7.33333e+08,1
eg_all_s,5.54533,7.326e+08,1
eg_all_s,5.54536,7.31867e+08,1
eg_all_s,5.54542,7.31135e+08,1
eg_all_s,5.54546,7.30404e+08,1
eg_all_s,5.54552,7.29674e+08,1
eg_all_s,5.54555,7.28944e+08,1
eg_all_s,5.54561,7.28215e+08,1
eg_all_s,5.54564,7.27487e+08,1
eg_all_s,5.5457,7.2676e+08,1
eg_all_s,5.54573,7.26033e+08,1
eg_all_s,5.54579,7.25307e+08,1
eg_all_s,5.54582,7.24581e+08,1
eg_all_s,5.54588,7.23857e+08,1
eg_all_s,5.54591,7.23133e+08,1
eg_all_s,5.54597,7.2241e+08,1
eg_all_s,5.546,7.21687e+08,1
eg_all_s,5.54606,7.20966e+08,1
eg_all_s,5.54609,7.20245e+08,1
eg_all_s,5.54615,7.19525e+08,1
eg_all_s,5.54618,7.18805e+08,1
eg_all_s,5.54624,7.18086e+08,1
eg_all_s,5.54627,7.17368e+08,1
eg_all_s,5.54633,7.16651e+08,1
eg_all_s,5.54636,7.15934e+08,1
eg_all_s,5.54642,7.15218e+08,1
eg_all_s,5.54646,7.14503e+08,1
eg_all_s,5.54652,7.13788e+08,1
eg_all_s,5.54655,7.13075e+08,1
eg_all_s,5.54661,7.12362e+08,1
eg_all_s,5.54664,7.11649e+08,1
eg_all_s,5.5467,7.10938e+08,1
eg_all_s,5.54673,7.10227e+08,1
eg_all_s,5.54679,7.09516e+08,1
eg_all_s,5.54682,7.08807e+08,1
eg_all_s,5.54688,7.08098e+08,1
eg_all_s,5.54691,7.0739e+08,1
eg_all_s,5.54697,7.06683e+08,1
eg_all_s,5.547,7.05976e+08,1
eg_all_s,5.54706,7.0527e+08,1
eg_all_s,5.54709,7.04565e+08,1
eg_all_s,5.54715,7.0386e+08,1
eg_all_s,5.54718,7.03156e+08,1
eg_all_s,5.54724,7.02453e+08,1
eg_all_s,5.54727,7.01751e+08,1
eg_all_s,5.54733,7.01049e+08,1
eg_all_s,5.54736,7.00348e+08,1
eg_all_s,5.54742,6.99647e+08,1
eg_all_s,5.54746,6.98948e+08,1
eg_all_s,5.54752,6.98249e+08,1
eg_all_s,5.54755,6.97551e+08,1
eg_all_s,5.54761,6.96853e+08,1
eg_all_s,5.54764,6.96156e+08,1
eg_all_s,5.5477,6.9546e+08,1
eg_all_s,5.54773,6.94765e+08,1
eg_all_s,5.54779,6.9407e+08,1
eg_all_s,5.54782,6.93376e+08,1
eg_all_s,5.54788,6.92682e+08,1
eg_all_s,5.54791,6.9199e+08,1
eg_all_s,5.54797,6.91298e+08,1
eg_all_s,5.548,6.90606e+08,1
eg_all_s,5.54806,6.89916e+08,1
eg_all_s,5.54809,6.89226e+08,1
eg_all_s,5.54815,6.88537e+08,1
eg_all_s,5.54818,6.87848e+08,1
eg_all_s,5.54824,6.8716e+08,1
eg_all_s,5.54827,6.86473e+08,1
eg_all_s,5.54833,6.85787e+08,1
eg_all_s,5.54837,6.85101e+08,1
eg_all_s,5.54842,6.84416e+08,1
eg_all_s,5.54846,6.83731e+08,1
eg_all_s,5.54852,6.83048e+08,1
eg_all_s,5.54856,6.82365e+08,1
eg_all_s,5.54861,6.81682e+08,1
eg_all_s,5.54865,6.81001e+08,1
eg_all_s,5.54871,6.8032e+08,1
eg_all_s,5.54874,6.79639e+08,1
eg_all_s,5.5488,6.7896e+08,1
eg_all_s,5.54883,6.78281e+08,1
eg_all_s,5.54889,6.77602e+08,1
eg_all_s,5.54892,6.76925e+08,1
eg_all_s,5.54898,6.76248e+08,1
eg_all_s,5.54901,6.75572e+08,1
eg_all_s,5.54907,6.74896e+08,1
eg_all_s,5.5491,6.74221e+08,1
eg_all_s,5.54916,6.73547e+08,1
eg_all_s,5.54919,6.72873e+08,1
eg_all_s,5.54925,6.722e+08,1
eg_all_s,5.54928,6.71528e+08,1
eg_all_s,5.54934,6.70857e+08,1
eg_all_s,5.54937,6.70186e+08,1
eg_all_s,5.54943,6.69516e+08,1
eg_all_s,5.54947,6.68846e+08,1
eg_all_s,5.54953,6.68177e+08,1
eg_all_s,5.54956,6.67509e+08,1
eg_all_s,5.54962,6.66842e+08,1
eg_all_s,5.54965,6.66175e+08,1
eg_all_s,5.54971,6.65509e+08,1
eg_all_s,5.54974,6.64843e+08,1
eg_all_s,5.5498,6.64178e+08,1
eg_all_s,5.54983,6.63514e+08,1
eg_all_s,5.54989,6.62851e+08,1
eg_all_s,5.54992,6.62188e+08,1
eg_all_s,5.54998,6.61526e+08,1
eg_all_s,5.55001,6.60864e+08,1
eg_all_s,5.55007,6.60203e+08,1
eg_all_s,5.5501,6.59543e+08,1
eg_all_s,5.55016,6.58883e+08,1
eg_all_s,5.55019,6.58225e+08,1
eg_all_s,5.55025,6.57566e+08,1
eg_all_s,5.55028,6.56909e+08,1
eg_all_s,5.55034,6.56252e+08,1
eg_all_s,5.55037,6.55596e+08,1
eg_all_s,5.55043,6.5494e+08,1
eg_all_s,5.55047,6.54285e+08,1
eg_all_s,5.55053,6.53631e+08,1
eg_all_s,5.55056,6.52977e+08,1
eg_all_s,5.55062,6.52324e+08,1
eg_all_s,5.55065,6.51672e+08,1
eg_all_s,5.55071,6.5102e+08,1
eg_all_s,5.55074,6.50369e+08,1
eg_all_s,5.5508,6.49719e+08,1
eg_all_s,5.55083,6.49069e+08,1
eg_all_s,5.55089,6.4842e+08,1
eg_all_s,5.55092,6.47772e+08,1
eg_all_s,5.55098,6.47124e+08,1
eg_all_s,5.55102,6.46477e+08,1
eg_all_s,5.55108,6.4583e+08,1
eg_all_s,5.55111,6.45184e+08,1
eg_all_s,5.55117,6.44539e+08,1
eg_all_s,5.5512,6.43895e+08,1
eg_all_s,5.55126,6.43251e+08,1
eg_all_s,5.55129,6.42607e+08,1
eg_all_s,5.55135,6.41965e+08,1
eg_all_s,5.55138,6.41323e+08,1
eg_all_s,5.55144,6.40682e+08,1
eg_all_s,5.55148,6.40041e+08,1
eg_all_s,5.55154,6.39401e+08,1
eg_all_s,5.55157,6.38761e+08,1
eg_all_s,5.55163,6.38123e+08,1
eg_all_s,5.55166,6.37485e+08,1
eg_all_s,5.55172,6.36847e+08,1
eg_all_s,5.55175,6.3621e+08,1
eg_all_s,5.55181,6.35574e+08,1
eg_all_s,5.55184,6.34938e+08,1
eg_all_s,5.5519,6.34304e+08,1
eg_all_s,5.55193,6.33669e+08,1
eg_all_s,5.55199,6.33036e+08,1
eg_all_s,5.55202,6.32403e+08,1
eg_all_s,5.55208,6.3177e+08,1
eg_all_s,5.55211,6.31138e+08,1
eg_all_s,5.55217,6.30507e+08,1
eg_all_s,5.5522,6.29877e+08,1
eg_all_s,5.55226,6.29247e+08,1
eg_all_s,5.55229,6.28618e+08,1
eg_all_s,5.55235,6.27989e+08,1
eg_all_s,5.55238,6.27361e+08,1
eg_all_s,5.55245,6.26734e+08,1
eg_all_s,5.55248,6.26107e+08,1
eg_all_s,5.55254,6.25481e+08,1
eg_all_s,5.55257,6.24855e+08,1
eg_all_s,5.55263,6.2423e+08,1
eg_all_s,5.55266,6.23606e+08,1
eg_all_s,5.55272,6.22983e+08,1
eg_all_s,5.55275,6.2236e+08,1
eg_all_s,5.55281,6.21737e+08,1
eg_all_s,5.55284,6.21116e+08,1
eg_all_s,5.5529,6.20494e+08,1
eg_all_s,5.55294,6.19874e+08,1
eg_all_s,5.55299,6.19254e+08,1
eg_all_s,5.55303,6.18635e+08,1
eg_all_s,5.55309,6.18016e+08,1
eg_all_s,5.55312,6.17398e+08,1
eg_all_s,5.55318,6.16781e+08,1
eg_all_s,5.55321,6.16164e+08,1
eg_all_s,5.55327,6.15548e+08,1
eg_all_s,5.5533,6.14932e+08,1
eg_all_s,5.55336,6.14317e+08,1
eg_all_s,5.55339,6.13703e+08,1
eg_all_s,5.55345,6.13089e+08,1
eg_all_s,5.55349,6.12476e+08,1
eg_all_s,5.55355,6.11864e+08,1
eg_all_s,5.55358,6.11252e+08,1
eg_all_s,5.55364,6.10641e+08,1
eg_all_s,5.55367,6.1003e+08,1
eg_all_s,5.55373,6.0942e+08,1
eg_all_s,5.55376,6.0881e+08,1
eg_all_s,5.55382,6.08202e+08,1
eg_all_s,5.55385,6.07593e+08,1
eg_all_s,5.55391,6.06986e+08,1
eg_all_s,5.55394,6.06379e+08,1
eg_all_s,5.554,6.05773e+08,1
eg_all_s,5.55403,6.05167e+08,1
eg_all_s,5.55409,6.04562e+08,1
eg_all_s,5.55412,6.03957e+08,1
eg_all_s,5.55418,6.03353e+08,1
eg_all_s,5.55421,6.0275e+08,1
eg_all_s,5.55427,6.02147e+08,1
eg_all_s,5.5543,6.01545e+08,1
eg_all_s,5.55436,6.00943e+08,1
eg_all_s,5.55439,6.00342e+08,1
eg_all_s,5.55445,5.99742e+08,1
eg_all_s,5.55449,5.99142e+08,1
eg_all_s,5.55455,5.98543e+08,1
eg_all_s,5.55458,5.97945e+08,1
eg_all_s,5.55464,5.97347e+08,1
eg_all_s,5.55467,5.96749e+08,1
eg_all_s,5.55473,5.96153e+08,1
eg_all_s,5.55476,5.95556e+08,1
eg_all_s,5.55482,5.94961e+08,1
eg_all_s,5.55485,5.94366e+08,1
eg_all_s,5.55491,5.93771e+08,1
eg_all_s,5.55494,5.93178e+08,1
eg_all_s,5.555,5.92585e+08,1
eg_all_s,5.55503,5.91992e+08,1
eg_all_s,5.55509,5.914e+08,1
eg_all_s,5.55512,5.90809e+08,1
eg_all_s,5.55518,5.90218e+08,1
eg_all_s,5.55521,5.89628e+08,1
eg_all_s,5.55527,5.89038e+08,1
eg_all_s,5.5553,5.88449e+08,1
eg_all_s,5.55536,5.8786e+08,1
eg_all_s,5.55539,5.87273e+08,1
eg_all_s,5.55546,5.86685e+08,1
eg_all_s,5.55549,5.86099e+08,1
eg_all_s,5.55555,5.85512e+08,1
eg_all_s,5.55558,5.84927e+08,1
eg_all_s,5.55564,5.84342e+08,1
eg_all_s,5.55567,5.83758e+08,1
eg_all_s,5.55573,5.83174e+08,1
eg_all_s,5.55576,5.82591e+08,1
eg_all_s,5.55582,5.82008e+08,1
eg_all_s,5.55585,5.81426e+08,1
eg_all_s,5.55591,5.80845e+08,1
eg_all_s,5.55594,5.80264e+08,1
eg_all_s,5.556,5.79684e+08,1
eg_all_s,5.55603,5.79104e+08,1
eg_all_s,5.55609,5.78525e+08,1
eg_all_s,5.55612,5.77946e+08,1
eg_all_s,5.55618,5.77368e+08,1
eg_all_s,5.55621,5.76791e+08,1
eg_all_s,5.55627,5.76214e+08,1
eg_all_s,5.5563,5.75638e+08,1
eg_all_s,5.55636,5.75062e+08,1
eg_all_s,5.55639,5.74487e+08,1
eg_all_s,5.55646,5.73913e+08,1
eg_all_s,5.55649,5.73339e+08,1
eg_all_s,5.55655,5.72766e+08,1
eg_all_s,5.55658,5.72193e+08,1
eg_all_s,5.55664,5.71621e+08,1
eg_all_s,5.55667,5.71049e+08,1
eg_all_s,5.55673,5.70478e+08,1
eg_all_s,5.55676,5.69907e+08,1
eg_all_s,5.55682,5.69338e+08,1
eg_all_s,5.55686,5.68768e+08,1
eg_all_s,5.55692,5.68199e+08,1
eg_all_s,5.55695,5.67631e+08,1
eg_all_s,5.55701,5.67064e+08,1
eg_all_s,5.55704,5.66497e+08,1
eg_all_s,5.5571,5.6593e+08,1
eg_all_s,5.55713,5.65364e+08,1
eg_all_s,5.55719,5.64799e+08,1
eg_all_s,5.55722,5.64234e+08,1
eg_all_s,5.55728,5.6367e+08,1
eg_all_s,5.55731,5.63106e+08,1
eg_all_s,5.55737,5.62543e+08,1
eg_all_s,5.5574,5.6198e+08,1
eg_all_s,5.55747,5.61418e+08,1
eg_all_s,5.5575,5.60857e+08,1
eg_all_s,5.55756,5.60296e+08,1
eg_all_s,5.55759,5.59736e+08,1
eg_all_s,5.55765,5.59176e+08,1
eg_all_s,5.55768,5.58617e+08,1
eg_all_s,5.55774,5.58058e+08,1
eg_all_s,5.55777,5.575e+08,1
eg_all_s,5.55783,5.56943e+08,1
eg_all_s,5.55786,5.56386e+08,1
eg_all_s,5.55792,5.55829e+08,1
eg_all_s,5.55795,5.55274e+08,1
eg_all_s,5.55801,5.54718e+08,1
eg_all_s,5.55804,5.54164e+08,1
eg_all_s,5.5581,5.53609e+08,1
eg_all_s,5.55813,5.53056e+08,1
eg_all_s,5.55819,5.52503e+08,1
eg_all_s,5.55822,5.5195e+08,1
eg_all_s,5.55828,5.51398e+08,1
eg_all_s,5.55831,5.50847e+08,1
eg_all_s,5.55837,5.50296e+08,1
eg_all_s,5.5584,5.49746e+08,1
eg_all_s,5.55846,5.49196e+08,1
eg_all_s,5.5585,5.48647e+08,1
eg_all_s,5.55856,5.48098e+08,1
eg_all_s,5.55859,5.4755e+08,1
eg_all_s,5.55865,5.47003e+08,1
eg_all_s,5.55868,5.46456e+08,1
eg_all_s,5.55874,5.45909e+08,1
eg_all_s,5.55877,5.45363e+08,1
eg_all_s,5.55883,5.44818e+08,1
eg_all_s,5.55886,5.44273e+08,1
eg_all_s,5.55892,5.43729e+08,1
eg_all_s,5.55895,5.43185e+08,1
eg_all_s,5.55901,5.42642e+08,1
eg_all_s,5.55904,5.42099e+08,1
eg_all_s,5.5591,5.41557e+08,1
eg_all_s,5.55913,5.41016e+08,1
eg_all_s,5.55919,5.40475e+08,1
eg_all_s,5.55922,5.39934e+08,1
eg_all_s,5.55928,5.39394e+08,1
eg_all_s,5.55931,5.38855e+08,1
eg_all_s,5.55937,5.38316e+08,1
eg_all_s,5.5594,5.37778e+08,1
eg_all_s,5.55947,5.3724e+08,1
eg_all_s,5.5595,5.36703e+08,1
eg_all_s,5.55956,5.36166e+08,1
eg_all_s,5.55959,5.3563e+08,1
eg_all_s,5.55965,5.35094e+08,1
eg_all_s,5.55968,5.34559e+08,1
eg_all_s,5.55974,5.34024e+08,1
eg_all_s,5.55977,5.3349e+08,1
eg_all_s,5.55983,5.32957e+08,1
eg_all_s,5.55986,5.32424e+08,1
eg_all_s,5.55992,5.31891e+08,1
eg_all_s,5.55995,5.3136e+08,1
eg_all_s,5.56001,5.30828e+08,1
eg_all_s,5.56004,5.30297e+08,1
eg_all_s,5.5601,5.29767e+08,1
eg_all_s,5.56013,5.29237e+08,1
eg_all_s,5.56019,5.28708e+08,1
eg_all_s,5.56022,5.28179e+08,1
eg_all_s,5.56028,5.27651e+08,1
eg_all_s,5.56031,5.27124e+08,1
eg_all_s,5.56037,5.26596e+08,1
eg_all_s,5.5604,5.2607e+08,1
eg_all_s,5.56047,5.25544e+08,1
eg_all_s,5.5605,5.25018e+08,1
eg_all_s,5.56056,5.24493e+08,1
eg_all_s,5.56059,5.23969e+08,1
eg_all_s,5.56065,5.23445e+08,1
eg_all_s,5.56068,5.22921e+08,1
eg_all_s,5.56074,5.22398e+08,1
eg_all_s,5.56077,5.21876e+08,1
eg_all_s,5.56083,5.21354e+08,1
eg_all_s,5.56086,5.20833e+08,1
eg_all_s,5.56092,5.20312e+08,1
eg_all_s,5.56095,5.19792e+08,1
eg_all_s,5.56101,5.19272e+08,1
eg_all_s,5.56104,5.18753e+08,1
eg_all_s,5.5611,5.18234e+08,1
eg_all_s,5.56113,5.17716e+08,1
eg_all_s,5.56119,5.17198e+08,1
eg_all_s,5.56122,5.16681e+08,1
eg_all_s,5.56128,5.16164e+08,1
eg_all_s,5.56131,5.15648e+08,1
eg_all_s,5.56137,5.15132e+08,1
eg_all_s,5.5614,5.14617e+08,1
eg_all_s,5.56147,5.14102e+08,1
eg_all_s,5.56151,5.13588e+08,1
eg_all_s,5.56157,5.13075e+08,1
eg_all_s,5.5616,5.12562e+08,1
eg_all_s,5.56166,5.12049e+08,1
eg_all_s,5.56169,5.11537e+08,1
eg_all_s,5.56175,5.11025e+08,1
eg_all_s,5.56178,5.10514e+08,1
eg_all_s,5.56184,5.10004e+08,1
eg_all_s,5.56187,5.09494e+08,1
eg_all_s,5.56193,5.08984e+08,1
eg_all_s,5.56196,5.08475e+08,1
eg_all_s,5.56202,5.07967e+08,1
eg_all_s,5.56205,5.07459e+08,1
eg_all_s,5.56211,5.06952e+08,1
eg_all_s,5.56214,5.06445e+08,1
eg_all_s,5.5622,5.05938e+08,1
eg_all_s,5.56223,5.05432e+08,1
eg_all_s,5.56229,5.04927e+08,1
eg_all_s,5.56232,5.04422e+08,1
eg_all_s,5.56238,5.03917e+08,1
eg_all_s,5.56241,5.03414e+08,1
eg_all_s,5.56248,5.0291e+08,1
eg_all_s,5.56251,5.02407e+08,1
eg_all_s,5.56257,5.01905e+08,1
eg_all_s,5.5626,5.01403e+08,1
eg_all_s,5.56266,5.00901e+08,1
eg_all_s,5.56269,5.00401e+08,1
eg_all_s,5.56275,4.999e+08,1
eg_all_s,5.56278,4.994e+08,1
eg_all_s,5.56284,4.98901e+08,1
eg_all_s,5.56287,4.98402e+08,1
eg_all_s,5.56293,4.97904e+08,1
eg_all_s,5.56296,4.97406e+08,1
eg_all_s,5.56302,4.96908e+08,1
eg_all_s,5.56305,4.96411e+08,1
eg_all_s,5.56311,4.95915e+08,1
eg_all_s,5.56314,4.95419e+08,1
eg_all_s,5.5632,4.94924e+08,1
eg_all_s,5.56323,4.94429e+08,1
eg_all_s,5.56329,4.93934e+08,1
eg_all_s,5.56332,4.9344e+08,1
eg_all_s,5.56338,4.92947e+08,1
eg_all_s,5.56341,4.92454e+08,1
eg_all_s,5.56348,4.91961e+08,1
eg_all_s,5.56351,4.9147e+08,1
eg_all_s,5.56357,4.90978e+08,1
eg_all_s,5.5636,4.90487e+08,1
eg_all_s,5.56366,4.89997e+08,1
eg_all_s,5.5637,4.89507e+08,1
eg_all_s,5.56375,4.89017e+08,1
eg_all_s,5.56379,4.88528e+08,1
eg_all_s,5.56385,4.8804e+08,1
eg_all_s,5.56388,4.87552e+08,1
eg_all_s,5.56394,4.87064e+08,1
eg_all_s,5.56397,4.86577e+08,1
eg_all_s,5.56403,4.8609e+08,1
eg_all_s,5.56406,4.85604e+08,1
eg_all_s,5.56412,4.85119e+08,1
eg_all_s,5.56415,4.84633e+08,1
eg_all_s,5.56421,4.84149e+08,1
eg_all_s,5.56424,4.83665e+08,1
eg_all_s,5.5643,4.83181e+08,1
eg_all_s,5.56433,4.82698e+08,1
eg_all_s,5.56439,4.82215e+08,1
eg_all_s,5.56442,4.81733e+08,1
eg_all_s,5.56448,4.81251e+08,1
eg_all_s,5.56452,4.8077e+08,1
eg_all_s,5.56458,4.80289e+08,1
eg_all_s,5.56461,4.79809e+08,1
eg_all_s,5.56467,4.79329e+08,1
eg_all_s,5.5647,4.7885e+08,1
eg_all_s,5.56476,4.78371e+08,1
eg_all_s,5.56479,4.77893e+08,1
eg_all_s,5.56485,4.77415e+08,1
eg_all_s,5.56488,4.76937e+08,1
eg_all_s,5.56494,4.7646e+08,1
eg_all_s,5.56497,4.75984e+08,1
eg_all_s,5.56503,4.75508e+08,1
eg_all_s,5.56506,4.75032e+08,1
eg_all_s,5.56512,4.74557e+08,1
eg_all_s,5.56515,4.74083e+08,1
eg_all_s,5.56521,4.73609e+08,1
eg_all_s,5.56524,4.73135e+08,1
eg_all_s,5.5653,4.72662e+08,1
eg_all_s,5.56533,4.72189e+08,1
eg_all_s,5.56539,4.71717e+08,1
eg_all_s,5.56542,4.71245e+08,1
eg_all_s,5.56549,4.70774e+08,1
eg_all_s,5.56552,4.70303e+08,1
eg_all_s,5.56558,4.69833e+08,1
eg_all_s,5.56561,4.69363e+08,1
eg_all_s,5.56567,4.68894e+08,1
eg_all_s,5.5657,4.68425e+08,1
eg_all_s,5.56576,4.67957e+08,1
eg_all_s,5.56579,4.67489e+08,1
eg_all_s,5.56585,4.67021e+08,1
eg_all_s,5.56588,4.66554e+08,1
eg_all_s,5.56594,4.66088e+08,1
eg_all_s,5.56597,4.65621e+08,1
eg_all_s,5.56603,4.65156e+08,1
eg_all_s,5.56606,4.64691e+08,1
eg_all_s,5.56612,4.64226e+08,1
eg_all_s,5.56615,4.63762e+08,1
eg_all_s,5.56621,4.63298e+08,1
eg_all_s,5.56624,4.62835e+08,1
eg_all_s,5.5663,4.62372e+08,1
eg_all_s,5.56633,4.61909e+08,1
eg_all_s,5.56639,4.61448e+08,1
eg_all_s,5.56642,4.60986e+08,1
eg_all_s,5.56649,4.60525e+08,1
eg_all_s,5.56652,4.60065e+08,1
eg_all_s,5.56658,4.59605e+08,1
eg_all_s,5.56661,4.59145e+08,1
eg_all_s,5.56667,4.58686e+08,1
eg_all_s,5.5667,4.58227e+08,1
eg_all_s,5.56676,4.57769e+08,1
eg_all_s,5.56679,4.57311e+08,1
eg_all_s,5.56685,4.56854e+08,1
eg_all_s,5.56688,4.56397e+08,1
eg_all_s,5.56694,4.55941e+08,1
eg_all_s,5.56697,4.55485e+08,1
eg_all_s,5.56703,4.55029e+08,1
eg_all_s,5.56706,4.54574e+08,1
eg_all_s,5.56712,4.5412e+08,1
eg_all_s,5.56715,4.53665e+08,1
eg_all_s,5.56721,4.53212e+08,1
eg_all_s,5.56724,4.52759e+08,1
eg_all_s,5.5673,4.52306e+08,1
eg_all_s,5.56733,4.51853e+08,1
eg_all_s,5.56739,4.51402e+08,1
eg_all_s,5.56742,4.5095e+08,1
eg_all_s,5.56749,4.50499e+08,1
eg_all_s,5.56752,4.50049e+08,1
eg_all_s,5.56758,4.49599e+08,1
eg_all_s,5.56761,4.49149e+08,1
eg_all_s,5.56767,4.487e+08,1
eg_all_s,5.5677,4.48251e+08,1
eg_all_s,5.56776,4.47803e+08,1
eg_all_s,5.56779,4.47355e+08,1
eg_all_s,5.56785,4.46908e+08,1
eg_all_s,5.56789,4.46461e+08,1
eg_all_s,5.56794,4.46014e+08,1
eg_all_s,5.56798,4.45568e+08,1
eg_all_s,5.56803,4.45123e+08,1
eg_all_s,5.56807,4.44678e+08,1
eg_all_s,5.56812,4.44233e+08,1
eg_all_s,5.56816,4.43789e+08,1
eg_all_s,5.56821,4.43345e+08,1
eg_all_s,5.56825,4.42902e+08,1
eg_all_s,5.56831,4.42459e+08,1
eg_all_s,5.56834,4.42016e+08,1
eg_all_s,5.5684,4.41574e+08,1
eg_all_s,5.56843,4.41133e+08,1
eg_all_s,5.5685,4.40692e+08,1
eg_all_s,5.56853,4.40251e+08,1
eg_all_s,5.56859,4.39811e+08,1
eg_all_s,5.56862,4.39371e+08,1
eg_all_s,5.56868,4.38932e+08,1
eg_all_s,5.56871,4.38493e+08,1
eg_all_s,5.56877,4.38054e+08,1
eg_all_s,5.5688,4.37616e+08,1
eg_all_s,5.56886,4.37178e+08,1
eg_all_s,5.56889,4.36741e+08,1
eg_all_s,5.56895,4.36304e+08,1
eg_all_s,5.56898,4.35868e+08,1
eg_all_s,5.56904,4.35432e+08,1
eg_all_s,5.56907,4.34997e+08,1
eg_all_s,5.56913,4.34562e+08,1
eg_all_s,5.56916,4.34127e+08,1
eg_all_s,5.56922,4.33693e+08,1
eg_all_s,5.56925,4.3326e+08,1
eg_all_s,5.56931,4.32826e+08,1
eg_all_s,5.56934,4.32393e+08,1
eg_all_s,5.5694,4.31961e+08,1
eg_all_s,5.56943,4.31529e+08,1
eg_all_s,5.5695,4.31098e+08,1
eg_all_s,5.56953,4.30666e+08,1
eg_all_s,5.56959,4.30236e+08,1
eg_all_s,5.56962,4.29806e+08,1
eg_all_s,5.56968,4.29376e+08,1
eg_all_s,5.56971,4.28946e+08,1
eg_all_s,5.56977,4.28517e+08,1
eg_all_s,5.5698,4.28089e+08,1
eg_all_s,5.56986,4.27661e+08,1
eg_all_s,5.56989,4.27233e+08,1
eg_all_s,5.56995,4.26806e+08,1
eg_all_s,5.56998,4.26379e+08,1
eg_all_s,5.57004,4.25953e+08,1
eg_all_s,5.57007,4.25527e+08,1
eg_all_s,5.57013,4.25101e+08,1
eg_all_s,5.57016,4.24676e+08,1
eg_all_s,5.57022,4.24251e+08,1
eg_all_s,5.57025,4.23827e+08,1
eg_all_s,5.57031,4.23403e+08,1
eg_all_s,5.57034,4.2298e+08,1
eg_all_s,5.5704,4.22557e+08,1
eg_all_s,5.57043,4.22134e+08,1
eg_all_s,5.5705,4.21712e+08,1
eg_all_s,5.57053,4.21291e+08,1
eg_all_s,5.57059,4.20869e+08,1
eg_all_s,5.57062,4.20448e+08,1
eg_all_s,5.57068,4.20028e+08,1
eg_all_s,5.57071,4.19608e+08,1
eg_all_s,5.57077,4.19188e+08,1
eg_all_s,5.5708,4.18769e+08,1
eg_all_s,5.57086,4.1835e+08,1
eg_all_s,5.57089,4.17932e+08,1
eg_all_s,5.57095,4.17514e+08,1
eg_all_s,5.57098,4.17097e+08,1
eg_all_s,5.57104,4.1668e+08,1
eg_all_s,5.57107,4.16263e+08,1
eg_all_s,5.57113,4.15847e+08,1
eg_all_s,5.57116,4.15431e+08,1
eg_all_s,5.57122,4.15015e+08,1
eg_all_s,5.57125,4.146e+08,1
eg_all_s,5.57131,4.14186e+08,1
eg_all_s,5.57134,4.13771e+08,1
eg_all_s,5.5714,4.13358e+08,1
eg_all_s,5.57143,4.12944e+08,1
eg_all_s,5.5715,4.12531e+08,1
eg_all_s,5.57153,4.12119e+08,1
eg_all_s,5.57159,4.11707e+08,1
eg_all_s,5.57162,4.11295e+08,1
eg_all_s,5.57168,4.10884e+08,1
eg_all_s,5.57171,4.10473e+08,1
eg_all_s,5.57177,4.10062e+08,1
eg_all_s,5.57181,4.09652e+08,1
eg_all_s,5.57186,4.09243e+08,1
eg_all_s,5.5719,4.08833e+08,1
eg_all_s,5.57195,4.08425e+08,1
eg_all_s,5.57199,4.08016e+08,1
eg_all_s,5.57205,4.07608e+08,1
eg_all_s,5.57208,4.07201e+08,1
eg_all_s,5.57213,4.06793e+08,1
eg_all_s,5.57217,4.06387e+08,1
eg_all_s,5.57222,4.0598e+08,1
eg_all_s,5.57226,4.05574e+08,1
eg_all_s,5.57232,4.05169e+08,1
eg_all_s,5.57235,4.04763e+08,1
eg_all_s,5.57241,4.04359e+08,1
eg_all_s,5.57244,4.03954e+08,1
eg_all_s,5.57251,4.0355e+08,1
eg_all_s,5.57254,4.03147e+08,1
eg_all_s,5.57259,4.02744e+08,1
eg_all_s,5.57263,4.02341e+08,1
eg_all_s,5.57269,4.01939e+08,1
eg_all_s,5.57272,4.01537e+08,1
eg_all_s,5.57278,4.01135e+08,1
eg_all_s,5.57281,4.00734e+08,1
eg_all_s,5.57287,4.00333e+08,1
eg_all_s,5.5729,3.99933e+08,1
eg_all_s,5.57296,3.99533e+08,1
eg_all_s,5.57299,3.99133e+08,1
eg_all_s,5.57305,3.98734e+08,1
eg_all_s,5.57308,3.98336e+08,1
eg_all_s,5.57314,3.97937e+08,1
eg_all_s,5.57317,3.97539e+08,1
eg_all_s,5.57323,3.97142e+08,1
eg_all_s,5.57326,3.96745e+08,1
eg_all_s,5.57332,3.96348e+08,1
eg_all_s,5.57335,3.95952e+08,1
eg_all_s,5.57341,3.95556e+08,1
eg_all_s,5.57344,3.9516e+08,1
eg_all_s,5.57351,3.94765e+08,1
eg_all_s,5.57354,3.9437e+08,1
eg_all_s,5.5736,3.93976e+08,1
eg_all_s,5.57363,3.93582e+08,1
eg_all_s,5.57369,3.93188e+08,1
eg_all_s,5.57372,3.92795e+08,1
eg_all_s,5.57378,3.92402e+08,1
eg_all_s,5.57381,3.9201e+08,1
eg_all_s,5.57387,3.91618e+08,1
eg_all_s,5.5739,3.91226e+08,1
eg_all_s,5.57396,3.90835e+08,1
eg_all_s,5.57399,3.90444e+08,1
eg_all_s,5.57405,3.90054e+08,1
eg_all_s,5.57408,3.89664e+08,1
eg_all_s,5.57414,3.89274e+08,1
eg_all_s,5.57417,3.88885e+08,1
eg_all_s,5.57423,3.88496e+08,1
eg_all_s,5.57426,3.88107e+08,1
eg_all_s,5.57432,3.87719e+08,1
eg_all_s,5.57435,3.87331e+08,1
eg_all_s,5.57441,3.86944e+08,1
eg_all_s,5.57445,3.86557e+08,1
eg_all_s,5.57451,3.86171e+08,1
eg_all_s,5.57454,3.85784e+08,1
eg_all_s,5.5746,3.85399e+08,1
eg_all_s,5.57463,3.85013e+08,1
eg_all_s,5.57469,3.84628e+08,1
eg_all_s,5.57472,3.84244e+08,1
eg_all_s,5.57478,3.83859e+08,1
eg_all_s,5.57481,3.83476e+08,1
eg_all_s,5.57487,3.83092e+08,1
eg_all_s,5.5749,3.82709e+08,1
eg_all_s,5.57496,3.82326e+08,1
eg_all_s,5.57499,3.81944e+08,1
eg_all_s,5.57505,3.81562e+08,1
eg_all_s,5.57508,3.8118e+08,1
eg_all_s,5.57514,3.80799e+08,1
eg_all_s,5.57517,3.80418e+08,1
eg_all_s,5.57523,3.80038e+08,1
eg_all_s,5.57526,3.79658e+08,1
eg_all_s,5.57532,3.79278e+08,1
eg_all_s,5.57535,3.78899e+08,1
eg_all_s,5.57541,3.7852e+08,1
eg_all_s,5.57545,3.78142e+08,1
eg_all_s,5.57551,3.77763e+08,1
eg_all_s,5.57554,3.77386e+08,1
eg_all_s,5.5756,3.77008e+08,1
eg_all_s,5.57563,3.76631e+08,1
eg_all_s,5.57569,3.76255e+08,1
eg_all_s,5.57572,3.75878e+08,1
eg_all_s,5.57578,3.75503e+08,1
eg_all_s,5.57582,3.75127e+08,1
eg_all_s,5.57587,3.74752e+08,1
eg_all_s,5.57591,3.74377e+08,1
eg_all_s,5.57597,3.74003e+08,1
eg_all_s,5.576,3.73629e+08,1
eg_all_s,5.57606,3.73255e+08,1
eg_all_s,5.57609,3.72882e+08,1
eg_all_s,5.57615,3.72509e+08,1
eg_all_s,5.57618,3.72137e+08,1
eg_all_s,5.57624,3.71764e+08,1
eg_all_s,5.57627,3.71393e+08,1
eg_all_s,5.57633,3.71021e+08,1
eg_all_s,5.57636,3.7065e+08,1
eg_all_s,5.57641,3.7028e+08,1
eg_all_s,5.57645,3.69909e+08,1
eg_all_s,5.57651,3.69539e+08,1
eg_all_s,5.57654,3.6917e+08,1
eg_all_s,5.5766,3.68801e+08,1
eg_all_s,5.57663,3.68432e+08,1
eg_all_s,5.57669,3.68063e+08,1
eg_all_s,5.57672,3.67695e+08,1
eg_all_s,5.57678,3.67328e+08,1
eg_all_s,5.57682,3.6696e+08,1
eg_all_s,5.57687,3.66593e+08,1
eg_all_s,5.57691,3.66227e+08,1
eg_all_s,5.57696,3.65861e+08,1
eg_all_s,5.577,3.65495e+08,1
eg_all_s,5.57706,3.65129e+08,1
eg_all_s,5.57709,3.64764e+08,1
eg_all_s,5.57715,3.64399e+08,1
eg_all_s,5.57718,3.64035e+08,1
eg_all_s,5.57724,3.63671e+08,1
eg_all_s,5.57727,3.63307e+08,1
eg_all_s,5.57733,3.62944e+08,1
eg_all_s,5.57736,3.62581e+08,1
eg_all_s,5.57742,3.62218e+08,1
eg_all_s,5.57746,3.61856e+08,1
eg_all_s,5.57752,3.61494e+08,1
eg_all_s,5.57755,3.61133e+08,1
eg_all_s,5.57761,3.60772e+08,1
eg_all_s,5.57764,3.60411e+08,1
eg_all_s,5.5777,3.6005e+08,1
eg_all_s,5.57773,3.5969e+08,1
eg_all_s,5.57779,3.59331e+08,1
eg_all_s,5.57782,3.58971e+08,1
eg_all_s,5.57788,3.58612e+08,1
eg_all_s,5.57791,3.58254e+08,1
eg_all_s,5.57797,3.57896e+08,1
eg_all_s,5.578,3.57538e+08,1
eg_all_s,5.57806,3.5718e+08,1
eg_all_s,5.57809,3.56823e+08,1
eg_all_s,5.57815,3.56466e+08,1
eg_all_s,5.57818,3.5611e+08,1
eg_all_s,5.57824,3.55754e+08,1
eg_all_s,5.57827,3.55398e+08,1
eg_all_s,5.57833,3.55042e+08,1
eg_all_s,5.57836,3.54687e+08,1
eg_all_s,5.57842,3.54333e+08,1
eg_all_s,5.57846,3.53978e+08,1
eg_all_s,5.57852,3.53624e+08,1
eg_all_s,5.57855,3.53271e+08,1
eg_all_s,5.57861,3.52917e+08,1
eg_all_s,5.57864,3.52565e+08,1
eg_all_s,5.5787,3.52212e+08,1
eg_all_s,5.57873,3.5186e+08,1
eg_all_s,5.57879,3.51508e+08,1
eg_all_s,5.57882,3.51156e+08,1
eg_all_s,5.57888,3.50805e+08,1
eg_all_s,5.57891,3.50454e+08,1
eg_all_s,5.57897,3.50104e+08,1
eg_all_s,5.579,3.49754e+08,1
eg_all_s,5.57906,3.49404e+08,1
eg_all_s,5.57909,3.49055e+08,1
eg_all_s,5.57915,3.48706e+08,1
eg_all_s,5.57918,3.48357e+08,1
eg_all_s,5.57924,3.48009e+08,1
eg_all_s,5.57927,3.47661e+08,1
eg_all_s,5.57933,3.47313e+08,1
eg_all_s,5.57936,3.46966e+08,1
eg_all_s,5.57942,3.46619e+08,1
eg_all_s,5.57946,3.46272e+08,1
eg_all_s,5.57952,3.45926e+08,1
eg_all_s,5.57955,3.4558e+08,1
eg_all_s,5.57961,3.45234e+08,1
eg_all_s,5.57965,3.44889e+08,1
eg_all_s,5.57971,3.44544e+08,1
eg_all_s,5.57974,3.442e+08,1
eg_all_s,5.5798,3.43855e+08,1
eg_all_s,5.57983,3.43512e+08,1
eg_all_s,5.57989,3.43168e+08,1
eg_all_s,5.57992,3.42825e+08,1
eg_all_s,5.57998,3.42482e+08,1
eg_all_s,5.58001,3.4214e+08,1
eg_all_s,5.58007,3.41797e+08,1
eg_all_s,5.5801,3.41456e+08,1
eg_all_s,5.58016,3.41114e+08,1
eg_all_s,5.58019,3.40773e+08,1
eg_all_s,5.58025,3.40432e+08,1
eg_all_s,5.58028,3.40092e+08,1
eg_all_s,5.58034,3.39752e+08,1
eg_all_s,5.58037,3.39412e+08,1
eg_all_s,5.58043,3.39073e+08,1
eg_all_s,5.58047,3.38734e+08,1
eg_all_s,5.58053,3.38395e+08,1
eg_all_s,5.58056,3.38056e+08,1
eg_all_s,5.58062,3.37718e+08,1
eg_all_s,5.58065,3.37381e+08,1
eg_all_s,5.58071,3.37043e+08,1
eg_all_s,5.58074,3.36706e+08,1
eg_all_s,5.5808,3.36369e+08,1
eg_all_s,5.58083,3.36033e+08,1
eg_all_s,5.58089,3.35697e+08,1
eg_all_s,5.58092,3.35361e+08,1
eg_all_s,5.58098,3.35026e+08,1
eg_all_s,5.58101,3.34691e+08,1
eg_all_s,5.58107,3.34356e+08,1
eg_all_s,5.5811,3.34022e+08,1
eg_all_s,5.58116,3.33688e+08,1
eg_all_s,5.58119,3.33354e+08,1
eg_all_s,5.58125,3.33021e+08,1
eg_all_s,5.58128,3.32688e+08,1
eg_all_s,5.58134,3.32355e+08,1
eg_all_s,5.58137,3.32023e+08,1
eg_all_s,5.58143,3.31691e+08,1
eg_all_s,5.58147,3.31359e+08,1
eg_all_s,5.58153,3.31028e+08,1
eg_all_s,5.58157,3.30697e+08,1
eg_all_s,5.58162,3.30366e+08,1
eg_all_s,5.58166,3.30036e+08,1
eg_all_s,5.58171,3.29706e+08,1
eg_all_s,5.58175,3.29376e+08,1
eg_all_s,5.5818,3.29047e+08,1
eg_all_s,5.58184,3.28717e+08,1
eg_all_s,5.58189,3.28389e+08,1
eg_all_s,5.58193,3.2806e+08,1
eg_all_s,5.58198,3.27732e+08,1
eg_all_s,5.58202,3.27405e+08,1
eg_all_s,5.58207,3.27077e+08,1
eg_all_s,5.58211,3.2675e+08,1
eg_all_s,5.58216,3.26423e+08,1
eg_all_s,5.5822,3.26097e+08,1
eg_all_s,5.58226,3.25771e+08,1
eg_all_s,5.58229,3.25445e+08,1
eg_all_s,5.58235,3.2512e+08,1
eg_all_s,5.58238,3.24795e+08,1
eg_all_s,5.58244,3.2447e+08,1
eg_all_s,5.58248,3.24145e+08,1
eg_all_s,5.58253,3.23821e+08,1
eg_all_s,5.58257,3.23497e+08,1
eg_all_s,5.58262,3.23174e+08,1
eg_all_s,5.58266,3.22851e+08,1
eg_all_s,5.58272,3.22528e+08,1
eg_all_s,5.58275,3.22205e+08,1
eg_all_s,5.58281,3.21883e+08,1
eg_all_s,5.58284,3.21561e+08,1
eg_all_s,5.5829,3.2124e+08,1
eg_all_s,5.58293,3.20918e+08,1
eg_all_s,5.58299,3.20597e+08,1
eg_all_s,5.58302,3.20277e+08,1
eg_all_s,5.58307,3.19957e+08,1
eg_all_s,5.58311,3.19637e+08,1
eg_all_s,5.58317,3.19317e+08,1
eg_all_s,5.5832,3.18998e+08,1
eg_all_s,5.58326,3.18679e+08,1
eg_all_s,5.58329,3.1836e+08,1
eg_all_s,5.58335,3.18042e+08,1
eg_all_s,5.58338,3.17724e+08,1
eg_all_s,5.58344,3.17406e+08,1
eg_all_s,5.58348,3.17088e+08,1
eg_all_s,5.58354,3.16771e+08,1
eg_all_s,5.58357,3.16455e+08,1
eg_all_s,5.58363,3.16138e+08,1
eg_all_s,5.58366,3.15822e+08,1
eg_all_s,5.58372,3.15506e+08,1
eg_all_s,5.58375,3.15191e+08,1
eg_all_s,5.58381,3.14875e+08,1
eg_all_s,5.58384,3.14561e+08,1
eg_all_s,5.5839,3.14246e+08,1
eg_all_s,5.58393,3.13932e+08,1
eg_all_s,5.58399,3.13618e+08,1
eg_all_s,5.58402,3.13304e+08,1
eg_all_s,5.58408,3.12991e+08,1
eg_all_s,5.58411,3.12678e+08,1
eg_all_s,5.58417,3.12365e+08,1
eg_all_s,5.5842,3.12053e+08,1
eg_all_s,5.58426,3.11741e+08,1
eg_all_s,5.58429,3.11429e+08,1
eg_all_s,5.58435,3.11118e+08,1
eg_all_s,5.58438,3.10807e+08,1
eg_all_s,5.58444,3.10496e+08,1
eg_all_s,5.58448,3.10185e+08,1
eg_all_s,5.58454,3.09875e+08,1
eg_all_s,5.58457,3.09565e+08,1
eg_all_s,5.58463,3.09256e+08,1
eg_all_s,5.58466,3.08946e+08,1
eg_all_s,5.58472,3.08637e+08,1
eg_all_s,5.58475,3.08329e+08,1
eg_all_s,5.58481,3.0802e+08,1
eg_all_s,5.58484,3.07712e+08,1
eg_all_s,5.5849,3.07405e+08,1
eg_all_s,5.58493,3.07097e+08,1
eg_all_s,5.58499,3.0679e+08,1
eg_all_s,5.58502,3.06483e+08,1
eg_all_s,5.58508,3.06177e+08,1
eg_all_s,5.58511,3.05871e+08,1
eg_all_s,5.58517,3.05565e+08,1
eg_all_s,5.5852,3.05259e+08,1
eg_all_s,5.58526,3.04954e+08,1
eg_all_s,5.58529,3.04649e+08,1
eg_all_s,5.58535,3.04344e+08,1
eg_all_s,5.58538,3.0404e+08,1
eg_all_s,5.58545,3.03736e+08,1
eg_all_s,5.58548,3.03432e+08,1
eg_all_s,5.58554,3.03129e+08,1
eg_all_s,5.58557,3.02826e+08,1
eg_all_s,5.58563,3.02523e+08,1
eg_all_s,5.58566,3.0222e+08,1
eg_all_s,5.58572,3.01918e+08,1
eg_all_s,5.58575,3.01616e+08,1
eg_all_s,5.58581,3.01315e+08,1
eg_all_s,5.58584,3.01013e+08,1
eg_all_s,5.5859,3.00712e+08,1
eg_all_s,5.58593,3.00412e+08,1
eg_all_s,5.58599,3.00111e+08,1
eg_all_s,5.58602,2.99811e+08,1
eg_all_s,5.58608,2.99511e+08,1
eg_all_s,5.58611,2.99212e+08,1
eg_all_s,5.58617,2.98913e+08,1
eg_all_s,5.5862,2.98614e+08,1
eg_all_s,5.58626,2.98315e+08,1
eg_all_s,5.58629,2.98017e+08,1
eg_all_s,5.58635,2.97719e+08,1
eg_all_s,5.58639,2.97421e+08,1
eg_all_s,5.58645,2.97124e+08,1
eg_all_s,5.58649,2.96826e+08,1
eg_all_s,5.58654,2.9653e+08,1
eg_all_s,5.58658,2.96233e+08,1
eg_all_s,5.58664,2.95937e+08,1
eg_all_s,5.58667,2.95641e+08,1
eg_all_s,5.58673,2.95345e+08,1
eg_all_s,5.58676,2.9505e+08,1
eg_all_s,5.58682,2.94755e+08,1
eg_all_s,5.58685,2.9446e+08,1
eg_all_s,5.58691,2.94166e+08,1
eg_all_s,5.58694,2.93872e+08,1
eg_all_s,5.587,2.93578e+08,1
eg_all_s,5.58703,2.93284e+08,1
eg_all_s,5.58709,2.92991e+08,1
eg_all_s,5.58712,2.92698e+08,1
eg_all_s,5.58718,2.92405e+08,1
eg_all_s,5.58721,2.92113e+08,1
eg_all_s,5.58727,2.91821e+08,1
eg_all_s,5.5873,2.91529e+08,1
eg_all_s,5.58736,2.91237e+08,1
eg_all_s,5.58739,2.90946e+08,1
eg_all_s,5.58746,2.90655e+08,1
eg_all_s,5.58749,2.90364e+08,1
eg_all_s,5.58755,2.90074e+08,1
eg_all_s,5.58758,2.89784e+08,1
eg_all_s,5.58764,2.89494e+08,1
eg_all_s,5.58767,2.89205e+08,1
eg_all_s,5.58773,2.88915e+08,1
eg_all_s,5.58776,2.88627e+08,1
eg_all_s,5.58782,2.88338e+08,1
eg_all_s,5.58785,2.8805e+08,1
eg_all_s,5.58791,2.87762e+08,1
eg_all_s,5.58794,2.87474e+08,1
eg_all_s,5.588,2.87186e+08,1
eg_all_s,5.58803,2.86899e+08,1
eg_all_s,5.58809,2.86612e+08,1
eg_all_s,5.58812,2.86326e+08,1
eg_all_s,5.58818,2.86039e+08,1
eg_all_s,5.58821,2.85753e+08,1
eg_all_s,5.58827,2.85467e+08,1
eg_all_s,5.5883,2.85182e+08,1
eg_all_s,5.58836,2.84897e+08,1
eg_all_s,5.58839,2.84612e+08,1
eg_all_s,5.58846,2.84327e+08,1
eg_all_s,5.58849,2.84043e+08,1
eg_all_s,5.58855,2.83759e+08,1
eg_all_s,5.58858,2.83475e+08,1
eg_all_s,5.58864,2.83192e+08,1
eg_all_s,5.58867,2.82909e+08,1
eg_all_s,5.58873,2.82626e+08,1
eg_all_s,5.58876,2.82343e+08,1
eg_all_s,5.58882,2.82061e+08,1
eg_all_s,5.58885,2.81779e+08,1
eg_all_s,5.58891,2.81497e+08,1
eg_all_s,5.58894,2.81215e+08,1
eg_all_s,5.589,2.80934e+08,1
eg_all_s,5.58903,2.80653e+08,1
eg_all_s,5.58909,2.80373e+08,1
eg_all_s,5.58912,2.80092e+08,1
eg_all_s,5.58918,2.79812e+08,1
eg_all_s,5.58921,2.79532e+08,1
eg_all_s,5.58927,2.79253e+08,1
eg_all_s,5.5893,2.78973e+08,1
eg_all_s,5.58936,2.78694e+08,1
eg_all_s,5.58939,2.78416e+08,1
eg_all_s,5.58946,2.78137e+08,1
eg_all_s,5.58949,2.77859e+08,1
eg_all_s,5.58955,2.77581e+08,1
eg_all_s,5.58958,2.77304e+08,1
eg_all_s,5.58964,2.77026e+08,1
eg_all_s,5.58967,2.76749e+08,1
eg_all_s,5.58973,2.76473e+08,1
eg_all_s,5.58976,2.76196e+08,1
eg_all_s,5.58982,2.7592e+08,1
eg_all_s,5.58985,2.75644e+08,1
eg_all_s,5.58991,2.75368e+08,1
eg_all_s,5.58994,2.75093e+08,1
eg_all_s,5.59,2.74818e+08,1
eg_all_s,5.59003,2.74543e+08,1
eg_all_s,5.59009,2.74269e+08,1
eg_all_s,5.59012,2.73994e+08,1
eg_all_s,5.59018,2.7372e+08,1
eg_all_s,5.59021,2.73447e+08,1
eg_all_s,5.59027,2.73173e+08,1
eg_all_s,5.5903,2.729e+08,1
eg_all_s,5.59036,2.72627e+08,1
eg_all_s,5.59039,2.72355e+08,1
eg_all_s,5.59046,2.72082e+08,1
eg_all_s,5.59049,2.7181e+08,1
eg_all_s,5.59055,2.71538e+08,1
eg_all_s,5.59058,2.71267e+08,1
eg_all_s,5.59064,2.70995e+08,1
eg_all_s,5.59067,2.70724e+08,1
eg_all_s,5.59073,2.70454e+08,1
eg_all_s,5.59076,2.70183e+08,1
eg_all_s,5.59082,2.69913e+08,1
eg_all_s,5.59085,2.69643e+08,1
eg_all_s,5.59091,2.69374e+08,1
eg_all_s,5.59094,2.69104e+08,1
eg_all_s,5.591,2.68835e+08,1
eg_all_s,5.59103,2.68566e+08,1
eg_all_s,5.59109,2.68298e+08,1
eg_all_s,5.59112,2.68029e+08,1
eg_all_s,5.59118,2.67761e+08,1
eg_all_s,5.59121,2.67494e+08,1
eg_all_s,5.59127,2.67226e+08,1
eg_all_s,5.5913,2.66959e+08,1
eg_all_s,5.59136,2.66692e+08,1
eg_all_s,5.59139,2.66425e+08,1
eg_all_s,5.59146,2.66159e+08,1
eg_all_s,5.59149,2.65893e+08,1
eg_all_s,5.59155,2.65627e+08,1
eg_all_s,5.59158,2.65361e+08,1
eg_all_s,5.59164,2.65096e+08,1
eg_all_s,5.59167,2.64831e+08,1
eg_all_s,5.59173,2.64566e+08,1
eg_all_s,5.59177,2.64301e+08,1
eg_all_s,5.59183,2.64037e+08,1
eg_all_s,5.59186,2.63773e+08,1
eg_all_s,5.59192,2.63509e+08,1
eg_all_s,5.59195,2.63246e+08,1
eg_all_s,5.59201,2.62982e+08,1
eg_all_s,5.59204,2.62719e+08,1
eg_all_s,5.5921,2.62457e+08,1
eg_all_s,5.59213,2.62194e+08,1
eg_all_s,5.59219,2.61932e+08,1
eg_all_s,5.59222,2.6167e+08,1
eg_all_s,5.59228,2.61408e+08,1
eg_all_s,5.59231,2.61147e+08,1
eg_all_s,5.59237,2.60886e+08,1
eg_all_s,5.5924,2.60625e+08,1
eg_all_s,5.59247,2.60364e+08,1
eg_all_s,5.5925,2.60104e+08,1
eg_all_s,5.59256,2.59844e+08,1
eg_all_s,5.59259,2.59584e+08,1
eg_all_s,5.59265,2.59324e+08,1
eg_all_s,5.59268,2.59065e+08,1
eg_all_s,5.59274,2.58806e+08,1
eg_all_s,5.59277,2.58547e+08,1
eg_all_s,5.59283,2.58289e+08,1
eg_all_s,5.59286,2.5803e+08,1
eg_all_s,5.59292,2.57772e+08,1
eg_all_s,5.59295,2.57515e+08,1
eg_all_s,5.59301,2.57257e+08,1
eg_all_s,5.59304,2.57e+08,1
eg_all_s,5.5931,2.56743e+08,1
eg_all_s,5.59313,2.56486e+08,1
eg_all_s,5.59319,2.5623e+08,1
eg_all_s,5.59322,2.55973e+08,1
eg_all_s,5.59328,2.55717e+08,1
eg_all_s,5.59331,2.55462e+08,1
eg_all_s,5.59337,2.55206e+08,1
eg_all_s,5.5934,2.54951e+08,1
eg_all_s,5.59347,2.54696e+08,1
eg_all_s,5.5935,2.54441e+08,1
eg_all_s,5.59356,2.54187e+08,1
eg_all_s,5.59359,2.53933e+08,1
eg_all_s,5.59365,2.53679e+08,1
eg_all_s,5.59368,2.53425e+08,1
eg_all_s,5.59374,2.53172e+08,1
eg_all_s,5.59377,2.52919e+08,1
eg_all_s,5.59383,2.52666e+08,1
eg_all_s,5.59387,2.52413e+08,1
eg_all_s,5.59392,2.52161e+08,1
eg_all_s,5.59395,2.51908e+08,1
eg_all_s,5.59401,2.51656e+08,1
eg_all_s,5.59405,2.51405e+08,1
eg_all_s,5.5941,2.51153e+08,1
eg_all_s,5.59414,2.50902e+08,1
eg_all_s,5.5942,2.50651e+08,1
eg_all_s,5.59423,2.50401e+08,1
eg_all_s,5.59429,2.5015e+08,1
eg_all_s,5.59432,2.499e+08,1
eg_all_s,5.59438,2.4965e+08,1
eg_all_s,5.59441,2.49401e+08,1
eg_all_s,5.59447,2.49151e+08,1
eg_all_s,5.59451,2.48902e+08,1
eg_all_s,5.59457,2.48653e+08,1
eg_all_s,5.5946,2.48405e+08,1
eg_all_s,5.59466,2.48156e+08,1
eg_all_s,5.59469,2.47908e+08,1
eg_all_s,5.59475,2.4766e+08,1
eg_all_s,5.59478,2.47412e+08,1
eg_all_s,5.59484,2.47165e+08,1
eg_all_s,5.59487,2.46918e+08,1
eg_all_s,5.59493,2.46671e+08,1
eg_all_s,5.59496,2.46424e+08,1
eg_all_s,5.59502,2.46178e+08,1
eg_all_s,5.59505,2.45932e+08,1
eg_all_s,5.59511,2.45686e+08,1
eg_all_s,5.59514,2.4544e+08,1
eg_all_s,5.5952,2.45195e+08,1
eg_all_s,5.59523,2.44949e+08,1
eg_all_s,5.59529,2.44704e+08,1
eg_all_s,5.59532,2.4446e+08,1
eg_all_s,5.59538,2.44215e+08,1
eg_all_s,5.59541,2.43971e+08,1
eg_all_s,5.59548,2.43727e+08,1
eg_all_s,5.59551,2.43483e+08,1
eg_all_s,5.59557,2.4324e+08,1
eg_all_s,5.5956,2.42997e+08,1
eg_all_s,5.59566,2.42754e+08,1
eg_all_s,5.59569,2.42511e+08,1
eg_all_s,5.59575,2.42268e+08,1
eg_all_s,5.59578,2.42026e+08,1
eg_all_s,5.59584,2.41784e+08,1
eg_all_s,5.59587,2.41542e+08,1
eg_all_s,5.59593,2.41301e+08,1
eg_all_s,5.59596,2.41059e+08,1
eg_all_s,5.59602,2.40818e+08,1
eg_all_s,5.59605,2.40578e+08,1
eg_all_s,5.59611,2.40337e+08,1
eg_all_s,5.59614,2.40097e+08,1
eg_all_s,5.5962,2.39857e+08,1
eg_all_s,5.59623,2.39617e+08,1
eg_all_s,5.59629,2.39377e+08,1
eg_all_s,5.59632,2.39138e+08,1
eg_all_s,5.59638,2.38899e+08,1
eg_all_s,5.59641,2.3866e+08,1
eg_all_s,5.59648,2.38421e+08,1
eg_all_s,5.59651,2.38183e+08,1
eg_all_s,5.59657,2.37944e+08,1
eg_all_s,5.5966,2.37706e+08,1
eg_all_s,5.59666,2.37469e+08,1
eg_all_s,5.59669,2.37231e+08,1
eg_all_s,5.59675,2.36994e+08,1
eg_all_s,5.59678,2.36757e+08,1
eg_all_s,5.59684,2.3652e+08,1
eg_all_s,5.59687,2.36284e+08,1
eg_all_s,5.59693,2.36047e+08,1
eg_all_s,5.59696,2.35811e+08,1
eg_all_s,5.59702,2.35576e+08,1
eg_all_s,5.59705,2.3534e+08,1
eg_all_s,5.59711,2.35105e+08,1
eg_all_s,5.59714,2.3487e+08,1
eg_all_s,5.5972,2.34635e+08,1
eg_all_s,5.59723,2.344e+08,1
eg_all_s,5.59729,2.34166e+08,1
eg_all_s,5.59732,2.33932e+08,1
eg_all_s,5.59738,2.33698e+08,1
eg_all_s,5.59741,2.33464e+08,1
eg_all_s,5.59748,2.3323e+08,1
eg_all_s,5.59751,2.32997e+08,1
eg_all_s,5.59757,2.32764e+08,1
eg_all_s,5.5976,2.32531e+08,1
eg_all_s,5.59766,2.32299e+08,1
eg_all_s,5.59769,2.32067e+08,1
eg_all_s,5.59775,2.31835e+08,1
eg_all_s,5.59778,2.31603e+08,1
eg_all_s,5.59785,2.31371e+08,1
eg_all_s,5.59788,2.3114e+08,1
eg_all_s,5.59794,2.30909e+08,1
eg_all_s,5.59797,2.30678e+08,1
eg_all_s,5.59803,2.30447e+08,1
eg_all_s,5.59806,2.30217e+08,1
eg_all_s,5.59812,2.29986e+08,1
eg_all_s,5.59815,2.29756e+08,1
eg_all_s,5.59821,2.29527e+08,1
eg_all_s,5.59824,2.29297e+08,1
eg_all_s,5.5983,2.29068e+08,1
eg_all_s,5.59833,2.28839e+08,1
eg_all_s,5.59839,2.2861e+08,1
eg_all_s,5.59842,2.28381e+08,1
eg_all_s,5.59849,2.28153e+08,1
eg_all_s,5.59852,2.27925e+08,1
eg_all_s,5.59858,2.27697e+08,1
eg_all_s,5.59861,2.27469e+08,1
eg_all_s,5.59867,2.27242e+08,1
eg_all_s,5.5987,2.27014e+08,1
eg_all_s,5.59876,2.26787e+08,1
eg_all_s,5.59879,2.26561e+08,1
eg_all_s,5.59885,2.26334e+08,1
eg_all_s,5.59888,2.26108e+08,1
eg_all_s,5.59894,2.25882e+08,1
eg_all_s,5.59897,2.25656e+08,1
eg_all_s,5.59903,2.2543e+08,1
eg_all_s,5.59906,2.25205e+08,1
eg_all_s,5.59912,2.24979e+08,1
eg_all_s,5.59915,2.24754e+08,1
eg_all_s,5.59921,2.2453e+08,1
eg_all_s,5.59924,2.24305e+08,1
eg_all_s,5.5993,2.24081e+08,1
eg_all_s,5.59933,2.23857e+08,1
eg_all_s,5.59939,2.23633e+08,1
eg_all_s,5.59942,2.23409e+08,1
eg_all_s,5.59949,2.23186e+08,1
eg_all_s,5.59952,2.22963e+08,1
eg_all_s,5.59958,2.2274e+08,1
eg_all_s,5.59961,2.22517e+08,1
eg_all_s,5.59967,2.22294e+08,1
eg_all_s,5.5997,2.22072e+08,1
eg_all_s,5.59976,2.2185e+08,1
eg_all_s,5.59979,2.21628e+08,1
eg_all_s,5.59985,2.21407e+08,1
eg_all_s,5.59988,2.21185e+08,1
eg_all_s,5.59994,2.20964e+08,1
eg_all_s,5.59997,2.20743e+08,1
eg_all_s,5.60003,2.20522e+08,1
eg_all_s,5.60006,2.20302e+08,1
eg_all_s,5.60012,2.20081e+08,1
eg_all_s,5.60015,2.19861e+08,1
eg_all_s,5.60021,2.19642e+08,1
eg_all_s,5.60024,2.19422e+08,1
eg_all_s,5.6003,2.19202e+08,1
eg_all_s,5.60033,2.18983e+08,1
eg_all_s,5.60039,2.18764e+08,1
eg_all_s,5.60042,2.18546e+08,1
eg_all_s,5.60049,2.18327e+08,1
eg_all_s,5.60053,2.18109e+08,1
eg_all_s,5.60059,2.17891e+08,1
eg_all_s,5.60062,2.17673e+08,1
eg_all_s,5.60067,2.17455e+08,1
eg_all_s,5.60071,2.17238e+08,1
eg_all_s,5.60076,2.1702e+08,1
eg_all_s,5.6008,2.16803e+08,1
eg_all_s,5.60086,2.16586e+08,1
eg_all_s,5.60089,2.1637e+08,1
eg_all_s,5.60095,2.16154e+08,1
eg_all_s,5.60098,2.15937e+08,1
eg_all_s,5.60104,2.15721e+08,1
eg_all_s,5.60107,2.15506e+08,1
eg_all_s,5.60113,2.1529e+08,1
eg_all_s,5.60116,2.15075e+08,1
eg_all_s,5.60122,2.1486e+08,1
eg_all_s,5.60125,2.14645e+08,1
eg_all_s,5.60131,2.1443e+08,1
eg_all_s,5.60134,2.14216e+08,1
eg_all_s,5.6014,2.14002e+08,1
eg_all_s,5.60143,2.13788e+08,1
eg_all_s,5.6015,2.13574e+08,1
eg_all_s,5.60153,2.1336e+08,1
eg_all_s,5.60159,2.13147e+08,1
eg_all_s,5.60162,2.12934e+08,1
eg_all_s,5.60168,2.12721e+08,1
eg_all_s,5.60171,2.12508e+08,1
eg_all_s,5.60177,2.12296e+08,1
eg_all_s,5.6018,2.12083e+08,1
eg_all_s,5.60186,2.11871e+08,1
eg_all_s,5.60189,2.11659e+08,1
eg_all_s,5.60195,2.11448e+08,1
eg_all_s,5.60198,2.11236e+08,1
eg_all_s,5.60204,2.11025e+08,1
eg_all_s,5.60207,2.10814e+08,1
eg_all_s,5.60213,2.10603e+08,1
eg_all_s,5.60216,2.10393e+08,1
eg_all_s,5.60222,2.10182e+08,1
eg_all_s,5.60225,2.09972e+08,1
eg_all_s,5.60231,2.09762e+08,1
eg_all_s,5.60234,2.09552e+08,1
eg_all_s,5.6024,2.09343e+08,1
eg_all_s,5.60243,2.09133e+08,1
eg_all_s,5.6025,2.08924e+08,1
eg_all_s,5.60253,2.08715e+08,1
eg_all_s,5.60259,2.08507e+08,1
eg_all_s,5.60262,2.08298e+08,1
eg_all_s,5.60268,2.0809e+08,1
eg_all_s,5.60271,2.07882e+08,1
eg_all_s,5.60277,2.07674e+08,1
eg_all_s,5.6028,2.07466e+08,1
eg_all_s,5.60286,2.07259e+08,1
eg_all_s,5.60289,2.07051e+08,1
eg_all_s,5.60295,2.06844e+08,1
eg_all_s,5.60298,2.06638e+08,1
eg_all_s,5.60304,2.06431e+08,1
eg_all_s,5.60307,2.06224e+08,1
eg_all_s,5.60313,2.06018e+08,1
eg_all_s,5.60316,2.05812e+08,1
eg_all_s,5.60322,2.05606e+08,1
eg_all_s,5.60325,2.05401e+08,1
eg_all_s,5.60331,2.05195e+08,1
eg_all_s,5.60334,2.0499e+08,1
eg_all_s,5.6034,2.04785e+08,1
eg_all_s,5.60343,2.0458e+08,1
eg_all_s,5.6035,2.04376e+08,1
eg_all_s,5.60354,2.04172e+08,1
eg_all_s,5.6036,2.03967e+08,1
eg_all_s,5.60363,2.03763e+08,1
eg_all_s,5.60369,2.0356e+08,1
eg_all_s,5.60372,2.03356e+08,1
eg_all_s,5.60378,2.03153e+08,1
eg_all_s,5.60381,2.0295e+08,1
eg_all_s,5.60387,2.02747e+08,1
eg_all_s,5.6039,2.02544e+08,1
eg_all_s,5.60396,2.02341e+08,1
eg_all_s,5.60399,2.02139e+08,1
eg_all_s,5.60405,2.01937e+08,1
eg_all_s,5.60408,2.01735e+08,1
eg_all_s,5.60414,2.01533e+08,1
eg_all_s,5.60417,2.01332e+08,1
eg_all_s,5.60423,2.0113e+08,1
eg_all_s,5.60426,2.00929e+08,1
eg_all_s,5.60432,2.00728e+08,1
eg_all_s,5.60435,2.00527e+08,1
eg_all_s,5.60441,2.00327e+08,1
eg_all_s,5.60445,2.00127e+08,1
eg_all_s,5.60451,1.99927e+08,1
eg_all_s,5.60454,1.99727e+08,1
eg_all_s,5.6046,1.99527e+08,1
eg_all_s,5.60463,1.99327e+08,1
eg_all_s,5.60469,1.99128e+08,1
eg_all_s,5.60472,1.98929e+08,1
eg_all_s,5.60478,1.9873e+08,1
eg_all_s,5.60481,1.98531e+08,1
eg_all_s,5.60487,1.98333e+08,1
eg_all_s,5.6049,1.98134e+08,1
eg_all_s,5.60496,1.97936e+08,1
eg_all_s,5.60499,1.97738e+08,1
eg_all_s,5.60505,1.97541e+08,1
eg_all_s,5.60508,1.97343e+08,1
eg_all_s,5.60514,1.97146e+08,1
eg_all_s,5.60517,1.96949e+08,1
eg_all_s,5.60523,1.96752e+08,1
eg_all_s,5.60526,1.96555e+08,1
eg_all_s,5.60532,1.96358e+08,1
eg_all_s,5.60535,1.96162e+08,1
eg_all_s,5.60541,1.95966e+08,1
eg_all_s,5.60545,1.9577e+08,1
eg_all_s,5.60551,1.95574e+08,1
eg_all_s,5.60554,1.95378e+08,1
eg_all_s,5.6056,1.95183e+08,1
eg_all_s,5.60563,1.94988e+08,1
eg_all_s,5.60569,1.94793e+08,1
eg_all_s,5.60572,1.94598e+08,1
eg_all_s,5.60578,1.94403e+08,1
eg_all_s,5.60581,1.94209e+08,1
eg_all_s,5.60587,1.94015e+08,1
eg_all_s,5.6059,1.93821e+08,1
eg_all_s,5.60596,1.93627e+08,1
eg_all_s,5.60599,1.93433e+08,1
eg_all_s,5.60605,1.9324e+08,1
eg_all_s,5.60608,1.93047e+08,1
eg_all_s,5.60614,1.92854e+08,1
eg_all_s,5.60617,1.92661e+08,1
eg_all_s,5.60623,1.92468e+08,1
eg_all_s,5.60626,1.92276e+08,1
eg_all_s,5.60632,1.92083e+08,1
eg_all_s,5.60635,1.91891e+08,1
eg_all_s,5.60641,1.91699e+08,1
eg_all_s,5.60645,1.91508e+08,1
eg_all_s,5.60651,1.91316e+08,1
eg_all_s,5.60654,1.91125e+08,1
eg_all_s,5.6066,1.90934e+08,1
eg_all_s,5.60663,1.90743e+08,1
eg_all_s,5.60669,1.90552e+08,1
eg_all_s,5.60672,1.90362e+08,1
eg_all_s,5.60678,1.90171e+08,1
eg_all_s,5.60681,1.89981e+08,1
eg_all_s,5.60687,1.89791e+08,1
eg_all_s,5.6069,1.89601e+08,1
eg_all_s,5.60696,1.89412e+08,1
eg_all_s,5.60699,1.89222e+08,1
eg_all_s,5.60705,1.89033e+08,1
eg_all_s,5.60708,1.88844e+08,1
eg_all_s,5.60714,1.88655e+08,1
eg_all_s,5.60717,1.88467e+08,1
eg_all_s,5.60723,1.88278e+08,1
eg_all_s,5.60726,1.8809e+08,1
eg_all_s,5.60732,1.87902e+08,1
eg_all_s,5.60735,1.87714e+08,1
eg_all_s,5.60741,1.87526e+08,1
eg_all_s,5.60745,1.87339e+08,1
eg_all_s,5.60751,1.87151e+08,1
eg_all_s,5.60754,1.86964e+08,1
eg_all_s,5.6076,1.86777e+08,1
eg_all_s,5.60763,1.8659e+08,1
eg_all_s,5.60769,1.86404e+08,1
eg_all_s,5.60772,1.86217e+08,1
eg_all_s,5.60778,1.86031e+08,1
eg_all_s,5.60781,1.85845e+08,1
eg_all_s,5.60787,1.85659e+08,1
eg_all_s,5.6079,1.85474e+08,1
eg_all_s,5.60796,1.85288e+08,1
eg_all_s,5.60799,1.85103e+08,1
eg_all_s,5.60805,1.84918e+08,1
eg_all_s,5.60808,1.84733e+08,1
eg_all_s,5.60814,1.84548e+08,1
eg_all_s,5.60817,1.84363e+08,1
eg_all_s,5.60823,1.84179e+08,1
eg_all_s,5.60826,1.83995e+08,1
eg_all_s,5.60832,1.83811e+08,1
eg_all_s,5.60835,1.83627e+08,1
eg_all_s,5.60841,1.83444e+08,1
eg_all_s,5.60845,1.8326e+08,1
eg_all_s,5.60851,1.83077e+08,1
eg_all_s,5.60855,1.82894e+08,1
eg_all_s,5.60861,1.82711e+08,1
eg_all_s,5.60864,1.82528e+08,1
eg_all_s,5.6087,1.82346e+08,1
eg_all_s,5.60873,1.82163e+08,1
eg_all_s,5.60879,1.81981e+08,1
eg_all_s,5.60882,1.81799e+08,1
eg_all_s,5.60888,1.81617e+08,1
eg_all_s,5.60891,1.81436e+08,1
eg_all_s,5.60897,1.81254e+08,1
eg_all_s,5.609,1.81073e+08,1
eg_all_s,5.60906,1.80892e+08,1
eg_all_s,5.60909,1.80711e+08,1
eg_all_s,5.60915,1.8053e+08,1
eg_all_s,5.60918,1.8035e+08,1
eg_all_s,5.60924,1.80169e+08,1
eg_all_s,5.60927,1.79989e+08,1
eg_all_s,5.60933,1.79809e+08,1
eg_all_s,5.60936,1.79629e+08,1
eg_all_s,5.60942,1.7945e+08,1
eg_all_s,5.60946,1.7927e+08,1
eg_all_s,5.60952,1.79091e+08,1
eg_all_s,5.60955,1.78912e+08,1
eg_all_s,5.60961,1.78733e+08,1
eg_all_s,5.60964,1.78554e+08,1
eg_all_s,5.6097,1.78376e+08,1
eg_all_s,5.60973,1.78197e+08,1
eg_all_s,5.60979,1.78019e+08,1
eg_all_s,5.60982,1.77841e+08,1
eg_all_s,5.60988,1.77663e+08,1
eg_all_s,5.60991,1.77486e+08,1
eg_all_s,5.60997,1.77308e+08,1
eg_all_s,5.61,1.77131e+08,1
eg_all_s,5.61006,1.76954e+08,1
eg_all_s,5.61009,1.76777e+08,1
eg_all_s,5.61015,1.766e+08,1
eg_all_s,5.61018,1.76423e+08,1
eg_all_s,5.61024,1.76247e+08,1
eg_all_s,5.61027,1.76071e+08,1
eg_all_s,5.61033,1.75895e+08,1
eg_all_s,5.61036,1.75719e+08,1
eg_all_s,5.61042,1.75543e+08,1
eg_all_s,5.61046,1.75368e+08,1
eg_all_s,5.61052,1.75192e+08,1
eg_all_s,5.61055,1.75017e+08,1
eg_all_s,5.61061,1.74842e+08,1
eg_all_s,5.61065,1.74667e+08,1
eg_all_s,5.6107,1.74492e+08,1
eg_all_s,5.61073,1.74318e+08,1
eg_all_s,5.61079,1.74144e+08,1
eg_all_s,5.61083,1.7397e+08,1
eg_all_s,5.61088,1.73796e+08,1
eg_all_s,5.61092,1.73622e+08,1
eg_all_s,5.61097,1.73448e+08,1
eg_all_s,5.61101,1.73275e+08,1
eg_all_s,5.61106,1.73101e+08,1
eg_all_s,5.6111,1.72928e+08,1
eg_all_s,5.61116,1.72755e+08,1
eg_all_s,5.61119,1.72583e+08,1
eg_all_s,5.61124,1.7241e+08,1
eg_all_s,5.61128,1.72238e+08,1
eg_all_s,5.61133,1.72065e+08,1
eg_all_s,5.61136,1.71893e+08,1
eg_all_s,5.61142,1.71721e+08,1
eg_all_s,5.61146,1.7155e+08,1
eg_all_s,5.61152,1.71378e+08,1
eg_all_s,5.61156,1.71207e+08,1
eg_all_s,5.61161,1.71036e+08,1
eg_all_s,5.61165,1.70865e+08,1
eg_all_s,5.6117,1.70694e+08,1
eg_all_s,5.61174,1.70523e+08,1
eg_all_s,5.61179,1.70352e+08,1
eg_all_s,5.61183,1.70182e+08,1
eg_all_s,5.61188,1.70012e+08,1
eg_all_s,5.61192,1.69842e+08,1
eg_all_s,5.61198,1.69672e+08,1
eg_all_s,5.61201,1.69502e+08,1
eg_all_s,5.61207,1.69333e+08,1
eg_all_s,5.6121,1.69164e+08,1
eg_all_s,5.61216,1.68994e+08,1
eg_all_s,5.61219,1.68825e+08,1
eg_all_s,5.61225,1.68657e+08,1
eg_all_s,5.61228,1.68488e+08,1
eg_all_s,5.61234,1.68319e+08,1
eg_all_s,5.61237,1.68151e+08,1
eg_all_s,5.61243,1.67983e+08,1
eg_all_s,5.61247,1.67815e+08,1
eg_all_s,5.61253,1.67647e+08,1
eg_all_s,5.61256,1.6748e+08,1
eg_all_s,5.61262,1.67312e+08,1
eg_all_s,5.61265,1.67145e+08,1
eg_all_s,5.61271,1.66978e+08,1
eg_all_s,5.61274,1.66811e+08,1
eg_all_s,5.6128,1.66644e+08,1
eg_all_s,5.61283,1.66477e+08,1
eg_all_s,5.61289,1.66311e+08,1
eg_all_s,5.61292,1.66144e+08,1
eg_all_s,5.61298,1.65978e+08,1
eg_all_s,5.61301,1.65812e+08,1
eg_all_s,5.61307,1.65646e+08,1
eg_all_s,5.6131,1.65481e+08,1
eg_all_s,5.61316,1.65315e+08,1
eg_all_s,5.61319,1.6515e+08,1
eg_all_s,5.61325,1.64985e+08,1
eg_all_s,5.61328,1.6482e+08,1
eg_all_s,5.61334,1.64655e+08,1
eg_all_s,5.61337,1.6449e+08,1
eg_all_s,5.61343,1.64326e+08,1
eg_all_s,5.61347,1.64162e+08,1
eg_all_s,5.61353,1.63997e+08,1
eg_all_s,5.61356,1.63833e+08,1
eg_all_s,5.61362,1.6367e+08,1
eg_all_s,5.61365,1.63506e+08,1
eg_all_s,5.61371,1.63342e+08,1
eg_all_s,5.61374,1.63179e+08,1
eg_all_s,5.6138,1.63016e+08,1
eg_all_s,5.61383,1.62853e+08,1
eg_all_s,5.61389,1.6269e+08,1
eg_all_s,5.61392,1.62527e+08,1
eg_all_s,5.61398,1.62365e+08,1
eg_all_s,5.61401,1.62202e+08,1
eg_all_s,5.61407,1.6204e+08,1
eg_all_s,5.6141,1.61878e+08,1
eg_all_s,5.61416,1.61716e+08,1
eg_all_s,5.61419,1.61555e+08,1
eg_all_s,5.61425,1.61393e+08,1
eg_all_s,5.61428,1.61232e+08,1
eg_all_s,5.61434,1.6107e+08,1
eg_all_s,5.61437,1.60909e+08,1
eg_all_s,5.61443,1.60748e+08,1
eg_all_s,5.61447,1.60588e+08,1
eg_all_s,5.61453,1.60427e+08,1
eg_all_s,5.61457,1.60267e+08,1
eg_all_s,5.61463,1.60106e+08,1
eg_all_s,5.61466,1.59946e+08,1
eg_all_s,5.61472,1.59786e+08,1
eg_all_s,5.61475,1.59627e+08,1
eg_all_s,5.61481,1.59467e+08,1
eg_all_s,5.61484,1.59307e+08,1
eg_all_s,5.6149,1.59148e+08,1
eg_all_s,5.61493,1.58989e+08,1
eg_all_s,5.61498,1.5883e+08,1
eg_all_s,5.61502,1.58671e+08,1
eg_all_s,5.61508,1.58513e+08,1
eg_all_s,5.61511,1.58354e+08,1
eg_all_s,5.61517,1.58196e+08,1
eg_all_s,5.6152,1.58037e+08,1
eg_all_s,5.61526,1.57879e+08,1
eg_all_s,5.61529,1.57722e+08,1
eg_all_s,5.61535,1.57564e+08,1
eg_all_s,5.61538,1.57406e+08,1
eg_all_s,5.61545,1.57249e+08,1
eg_all_s,5.61548,1.57092e+08,1
eg_all_s,5.61554,1.56935e+08,1
eg_all_s,5.61557,1.56778e+08,1
eg_all_s,5.61563,1.56621e+08,1
eg_all_s,5.61566,1.56464e+08,1
eg_all_s,5.61572,1.56308e+08,1
eg_all_s,5.61575,1.56151e+08,1
eg_all_s,5.61581,1.55995e+08,1
eg_all_s,5.61584,1.55839e+08,1
eg_all_s,5.6159,1.55683e+08,1
eg_all_s,5.61593,1.55528e+08,1
eg_all_s,5.61599,1.55372e+08,1
eg_all_s,5.61602,1.55217e+08,1
eg_all_s,5.61608,1.55062e+08,1
eg_all_s,5.61611,1.54907e+08,1
eg_all_s,5.61617,1.54752e+08,1
eg_all_s,5.6162,1.54597e+08,1
eg_all_s,5.61626,1.54442e+08,1
eg_all_s,5.61629,1.54288e+08,1
eg_all_s,5.61635,1.54134e+08,1
eg_all_s,5.61638,1.53979e+08,1
eg_all_s,5.61646,1.53825e+08,1
eg_all_s,5.61649,1.53672e+08,1
eg_all_s,5.61655,1.53518e+08,1
eg_all_s,5.61658,1.53364e+08,1
eg_all_s,5.61664,1.53211e+08,1
eg_all_s,5.61667,1.53058e+08,1
eg_all_s,5.61673,1.52905e+08,1
eg_all_s,5.61676,1.52752e+08,1
eg_all_s,5.61682,1.52599e+08,1
eg_all_s,5.61685,1.52447e+08,1
eg_all_s,5.61691,1.52294e+08,1
eg_all_s,5.61694,1.52142e+08,1
eg_all_s,5.617,1.5199e+08,1
eg_all_s,5.61703,1.51838e+08,1
eg_all_s,5.61709,1.51686e+08,1
eg_all_s,5.61712,1.51534e+08,1
eg_all_s,5.61718,1.51383e+08,1
eg_all_s,5.61721,1.51231e+08,1
eg_all_s,5.61727,1.5108e+08,1
eg_all_s,5.6173,1.50929e+08,1
eg_all_s,5.61736,1.50778e+08,1
eg_all_s,5.61739,1.50627e+08,1
eg_all_s,5.61746,1.50477e+08,1
eg_all_s,5.61749,1.50326e+08,1
eg_all_s,5.61755,1.50176e+08,1
eg_all_s,5.61758,1.50026e+08,1
eg_all_s,5.61764,1.49876e+08,1
eg_all_s,5.61767,1.49726e+08,1
eg_all_s,5.61773,1.49576e+08,1
eg_all_s,5.61776,1.49426e+08,1
eg_all_s,5.61782,1.49277e+08,1
eg_all_s,5.61785,1.49128e+08,1
eg_all_s,5.61791,1.48979e+08,1
eg_all_s,5.61794,1.4883e+08,1
eg_all_s,5.618,1.48681e+08,1
eg_all_s,5.61803,1.48532e+08,1
eg_all_s,5.61809,1.48384e+08,1
eg_all_s,5.61812,1.48235e+08,1
eg_all_s,5.61818,1.48087e+08,1
eg_all_s,5.61821,1.47939e+08,1
eg_all_s,5.61827,1.47791e+08,1
eg_all_s,5.6183,1.47643e+08,1
eg_all_s,5.61836,1.47495e+08,1
eg_all_s,5.61839,1.47348e+08,1
eg_all_s,5.61846,1.47201e+08,1
eg_all_s,5.61849,1.47053e+08,1
eg_all_s,5.61855,1.46906e+08,1
eg_all_s,5.61858,1.46759e+08,1
eg_all_s,5.61864,1.46613e+08,1
eg_all_s,5.61867,1.46466e+08,1
eg_all_s,5.61873,1.4632e+08,1
eg_all_s,5.61876,1.46173e+08,1
eg_all_s,5.61882,1.46027e+08,1
eg_all_s,5.61885,1.45881e+08,1
eg_all_s,5.61891,1.45735e+08,1
eg_all_s,5.61894,1.4559e+08,1
eg_all_s,5.619,1.45444e+08,1
eg_all_s,5.61903,1.45298e+08,1
eg_all_s,5.61909,1.45153e+08,1
eg_all_s,5.61912,1.45008e+08,1
eg_all_s,5.61918,1.44863e+08,1
eg_all_s,5.61921,1.44718e+08,1
eg_all_s,5.61927,1.44573e+08,1
eg_all_s,5.6193,1.44429e+08,1
eg_all_s,5.61936,1.44284e+08,1
eg_all_s,5.61939,1.4414e+08,1
eg_all_s,5.61946,1.43996e+08,1
eg_all_s,5.6195,1.43852e+08,1
eg_all_s,5.61955,1.43708e+08,1
eg_all_s,5.61959,1.43564e+08,1
eg_all_s,5.61965,1.43421e+08,1
eg_all_s,5.61968,1.43277e+08,1
eg_all_s,5.61974,1.43134e+08,1
eg_all_s,5.61977,1.42991e+08,1
eg_all_s,5.61983,1.42848e+08,1
eg_all_s,5.61986,1.42705e+08,1
eg_all_s,5.61992,1.42563e+08,1
eg_all_s,5.61995,1.4242e+08,1
eg_all_s,5.62001,1.42278e+08,1
eg_all_s,5.62004,1.42135e+08,1
eg_all_s,5.6201,1.41993e+08,1
eg_all_s,5.62013,1.41851e+08,1
eg_all_s,5.62019,1.41709e+08,1
eg_all_s,5.62022,1.41568e+08,1
eg_all_s,5.62028,1.41426e+08,1
eg_all_s,5.62031,1.41285e+08,1
eg_all_s,5.62037,1.41143e+08,1
eg_all_s,5.6204,1.41002e+08,1
eg_all_s,5.62047,1.40861e+08,1
eg_all_s,5.6205,1.4072e+08,1
eg_all_s,5.62056,1.4058e+08,1
eg_all_s,5.62059,1.40439e+08,1
eg_all_s,5.62065,1.40299e+08,1
eg_all_s,5.62068,1.40158e+08,1
eg_all_s,5.62074,1.40018e+08,1
eg_all_s,5.62077,1.39878e+08,1
eg_all_s,5.62083,1.39738e+08,1
eg_all_s,5.62086,1.39598e+08,1
eg_all_s,5.62092,1.39459e+08,1
eg_all_s,5.62095,1.39319e+08,1
eg_all_s,5.62101,1.3918e+08,1
eg_all_s,5.62104,1.39041e+08,1
eg_all_s,5.6211,1.38902e+08,1
eg_all_s,5.62113,1.38763e+08,1
eg_all_s,5.62119,1.38624e+08,1
eg_all_s,5.62122,1.38486e+08,1
eg_all_s,5.62128,1.38347e+08,1
eg_all_s,5.62131,1.38209e+08,1
eg_all_s,5.62137,1.38071e+08,1
eg_all_s,5.6214,1.37932e+08,1
eg_all_s,5.62147,1.37795e+08,1
eg_all_s,5.6215,1.37657e+08,1
eg_all_s,5.62156,1.37519e+08,1
eg_all_s,5.62159,1.37382e+08,1
eg_all_s,5.62165,1.37244e+08,1
eg_all_s,5.62168,1.37107e+08,1
eg_all_s,5.62174,1.3697e+08,1
eg_all_s,5.62177,1.36833e+08,1
eg_all_s,5.62183,1.36696e+08,1
eg_all_s,5.62186,1.36559e+08,1
eg_all_s,5.62192,1.36423e+08,1
eg_all_s,5.62195,1.36286e+08,1
eg_all_s,5.62201,1.3615e+08,1
eg_all_s,5.62204,1.36014e+08,1
eg_all_s,5.6221,1.35878e+08,1
eg_all_s,5.62214,1.35742e+08,1
eg_all_s,5.62219,1.35606e+08,1
eg_all_s,5.62223,1.35471e+08,1
eg_all_s,5.62228,1.35335e+08,1
eg_all_s,5.62232,1.352e+08,1
eg_all_s,5.62238,1.35065e+08,1
eg_all_s,5.62241,1.3493e+08,1
eg_all_s,5.62248,1.34795e+08,1
eg_all_s,5.62251,1.3466e+08,1
eg_all_s,5.62257,1.34525e+08,1
eg_all_s,5.6226,1.34391e+08,1
eg_all_s,5.62266,1.34256e+08,1
eg_all_s,5.62269,1.34122e+08,1
eg_all_s,5.62275,1.33988e+08,1
eg_all_s,5.62278,1.33854e+08,1
eg_all_s,5.62284,1.3372e+08,1
eg_all_s,5.62287,1.33586e+08,1
eg_all_s,5.62293,1.33453e+08,1
eg_all_s,5.62296,1.33319e+08,1
eg_all_s,5.62302,1.33186e+08,1
eg_all_s,5.62305,1.33053e+08,1
eg_all_s,5.62311,1.3292e+08,1
eg_all_s,5.62314,1.32787e+08,1
eg_all_s,5.6232,1.32654e+08,1
eg_all_s,5.62323,1.32521e+08,1
eg_all_s,5.62329,1.32389e+08,1
eg_all_s,5.62332,1.32256e+08,1
eg_all_s,5.62338,1.32124e+08,1
eg_all_s,5.62341,1.31992e+08,1
eg_all_s,5.62348,1.3186e+08,1
eg_all_s,5.62351,1.31728e+08,1
eg_all_s,5.62357,1.31597e+08,1
eg_all_s,5.6236,1.31465e+08,1
eg_all_s,5.62366,1.31333e+08,1
eg_all_s,5.62369,1.31202e+08,1
eg_all_s,5.62375,1.31071e+08,1
eg_all_s,5.62378,1.3094e+08,1
eg_all_s,5.62384,1.30809e+08,1
eg_all_s,5.62387,1.30678e+08,1
eg_all_s,5.62393,1.30547e+08,1
eg_all_s,5.62396,1.30417e+08,1
eg_all_s,5.62402,1.30286e+08,1
eg_all_s,5.62405,1.30156e+08,1
eg_all_s,5.62411,1.30026e+08,1
eg_all_s,5.62414,1.29896e+08,1
eg_all_s,5.6242,1.29766e+08,1
eg_all_s,5.62423,1.29636e+08,1
eg_all_s,5.62429,1.29507e+08,1
eg_all_s,5.62432,1.29377e+08,1
eg_all_s,5.62438,1.29248e+08,1
eg_all_s,5.62441,1.29119e+08,1
eg_all_s,5.62448,1.28989e+08,1
eg_all_s,5.62451,1.2886e+08,1
eg_all_s,5.62457,1.28732e+08,1
eg_all_s,5.6246,1.28603e+08,1
eg_all_s,5.62466,1.28474e+08,1
eg_all_s,5.62469,1.28346e+08,1
eg_all_s,5.62475,1.28217e+08,1
eg_all_s,5.62478,1.28089e+08,1
eg_all_s,5.62484,1.27961e+08,1
eg_all_s,5.62487,1.27833e+08,1
eg_all_s,5.62493,1.27705e+08,1
eg_all_s,5.62496,1.27578e+08,1
eg_all_s,5.62502,1.2745e+08,1
eg_all_s,5.62505,1.27323e+08,1
eg_all_s,5.62511,1.27195e+08,1
eg_all_s,5.62514,1.27068e+08,1
eg_all_s,5.6252,1.26941e+08,1
eg_all_s,5.62523,1.26814e+08,1
eg_all_s,5.62529,1.26687e+08,1
eg_all_s,5.62532,1.26561e+08,1
eg_all_s,5.62538,1.26434e+08,1
eg_all_s,5.62541,1.26308e+08,1
eg_all_s,5.62548,1.26181e+08,1
eg_all_s,5.62551,1.26055e+08,1
eg_all_s,5.62557,1.25929e+08,1
eg_all_s,5.6256,1.25803e+08,1
eg_all_s,5.62566,1.25677e+08,1
eg_all_s,5.62569,1.25552e+08,1
eg_all_s,5.62575,1.25426e+08,1
eg_all_s,5.62578,1.25301e+08,1
eg_all_s,5.62584,1.25175e+08,1
eg_all_s,5.62587,1.2505e+08,1
eg_all_s,5.62593,1.24925e+08,1
eg_all_s,5.62596,1.248e+08,1
eg_all_s,5.62602,1.24675e+08,1
eg_all_s,5.62605,1.24551e+08,1
eg_all_s,5.62611,1.24426e+08,1
eg_all_s,5.62614,1.24302e+08,1
eg_all_s,5.6262,1.24177e+08,1
eg_all_s,5.62623,1.24053e+08,1
eg_all_s,5.62629,1.23929e+08,1
eg_all_s,5.62632,1.23805e+08,1
eg_all_s,5.62638,1.23681e+08,1
eg_all_s,5.62641,1.23558e+08,1
eg_all_s,5.62648,1.23434e+08,1
eg_all_s,5.62651,1.23311e+08,1
eg_all_s,5.62657,1.23187e+08,1
eg_all_s,5.6266,1.23064e+08,1
eg_all_s,5.62666,1.22941e+08,1
eg_all_s,5.62669,1.22818e+08,1
eg_all_s,5.62675,1.22695e+08,1
eg_all_s,5.62679,1.22573e+08,1
eg_all_s,5.62684,1.2245e+08,1
eg_all_s,5.62688,1.22328e+08,1
eg_all_s,5.62694,1.22205e+08,1
eg_all_s,5.62697,1.22083e+08,1
eg_all_s,5.62703,1.21961e+08,1
eg_all_s,5.62706,1.21839e+08,1
eg_all_s,5.62712,1.21717e+08,1
eg_all_s,5.62715,1.21596e+08,1
eg_all_s,5.62721,1.21474e+08,1
eg_all_s,5.62724,1.21353e+08,1
eg_all_s,5.6273,1.21231e+08,1
eg_all_s,5.62733,1.2111e+08,1
eg_all_s,5.62739,1.20989e+08,1
eg_all_s,5.62742,1.20868e+08,1
eg_all_s,5.62749,1.20747e+08,1
eg_all_s,5.62752,1.20626e+08,1
eg_all_s,5.62758,1.20506e+08,1
eg_all_s,5.62761,1.20385e+08,1
eg_all_s,5.62767,1.20265e+08,1
eg_all_s,5.6277,1.20144e+08,1
eg_all_s,5.62776,1.20024e+08,1
eg_all_s,5.62779,1.19904e+08,1
eg_all_s,5.62785,1.19784e+08,1
eg_all_s,5.62788,1.19665e+08,1
eg_all_s,5.62794,1.19545e+08,1
eg_all_s,5.62797,1.19425e+08,1
eg_all_s,5.62803,1.19306e+08,1
eg_all_s,5.62806,1.19187e+08,1
eg_all_s,5.62812,1.19067e+08,1
eg_all_s,5.62815,1.18948e+08,1
eg_all_s,5.62821,1.18829e+08,1
eg_all_s,5.62824,1.18711e+08,1
eg_all_s,5.6283,1.18592e+08,1
eg_all_s,5.62834,1.18473e+08,1
eg_all_s,5.62839,1.18355e+08,1
eg_all_s,5.62843,1.18236e+08,1
eg_all_s,5.62849,1.18118e+08,1
eg_all_s,5.62853,1.18e+08,1
eg_all_s,5.62858,1.17882e+08,1
eg_all_s,5.62861,1.17764e+08,1
eg_all_s,5.62867,1.17646e+08,1
eg_all_s,5.6287,1.17529e+08,1
eg_all_s,5.62876,1.17411e+08,1
eg_all_s,5.6288,1.17294e+08,1
eg_all_s,5.62885,1.17177e+08,1
eg_all_s,5.62889,1.17059e+08,1
eg_all_s,5.62894,1.16942e+08,1
eg_all_s,5.62898,1.16825e+08,1
eg_all_s,5.62904,1.16709e+08,1
eg_all_s,5.62907,1.16592e+08,1
eg_all_s,5.62913,1.16475e+08,1
eg_all_s,5.62916,1.16359e+08,1
eg_all_s,5.62922,1.16242e+08,1
eg_all_s,5.62925,1.16126e+08,1
eg_all_s,5.62931,1.1601e+08,1
eg_all_s,5.62934,1.15894e+08,1
eg_all_s,5.6294,1.15778e+08,1
eg_all_s,5.62943,1.15662e+08,1
eg_all_s,5.62949,1.15547e+08,1
eg_all_s,5.62953,1.15431e+08,1
eg_all_s,5.62959,1.15316e+08,1
eg_all_s,5.62962,1.152e+08,1
eg_all_s,5.62968,1.15085e+08,1
eg_all_s,5.62971,1.1497e+08,1
eg_all_s,5.62977,1.14855e+08,1
eg_all_s,5.6298,1.1474e+08,1
eg_all_s,5.62986,1.14626e+08,1
eg_all_s,5.62989,1.14511e+08,1
eg_all_s,5.62995,1.14396e+08,1
eg_all_s,5.62998,1.14282e+08,1
eg_all_s,5.63004,1.14168e+08,1
eg_all_s,5.63007,1.14054e+08,1
eg_all_s,5.63013,1.1394e+08,1
eg_all_s,5.63016,1.13826e+08,1
eg_all_s,5.63022,1.13712e+08,1
eg_all_s,5.63025,1.13598e+08,1
eg_all_s,5.63031,1.13485e+08,1
eg_all_s,5.63034,1.13371e+08,1
eg_all_s,5.6304,1.13258e+08,1
eg_all_s,5.63043,1.13144e+08,1
eg_all_s,5.6305,1.13031e+08,1
eg_all_s,5.63053,1.12918e+08,1
eg_all_s,5.63059,1.12805e+08,1
eg_all_s,5.63062,1.12692e+08,1
eg_all_s,5.63068,1.1258e+08,1
eg_all_s,5.63071,1.12467e+08,1
eg_all_s,5.63077,1.12355e+08,1
eg_all_s,5.6308,1.12242e+08,1
eg_all_s,5.63086,1.1213e+08,1
eg_all_s,5.63089,1.12018e+08,1
eg_all_s,5.63095,1.11906e+08,1
eg_all_s,5.63098,1.11794e+08,1
eg_all_s,5.63104,1.11682e+08,1
eg_all_s,5.63107,1.11571e+08,1
eg_all_s,5.63113,1.11459e+08,1
eg_all_s,5.63116,1.11348e+08,1
eg_all_s,5.63122,1.11236e+08,1
eg_all_s,5.63125,1.11125e+08,1
eg_all_s,5.63131,1.11014e+08,1
eg_all_s,5.63134,1.10903e+08,1
eg_all_s,5.6314,1.10792e+08,1
eg_all_s,5.63143,1.10681e+08,1
eg_all_s,5.6315,1.1057e+08,1
eg_all_s,5.63153,1.1046e+08,1
eg_all_s,5.63159,1.10349e+08,1
eg_all_s,5.63162,1.10239e+08,1
eg_all_s,5.63168,1.10129e+08,1
eg_all_s,5.63171,1.10019e+08,1
eg_all_s,5.63177,1.09909e+08,1
eg_all_s,5.6318,1.09799e+08,1
eg_all_s,5.63186,1.09689e+08,1
eg_all_s,5.63189,1.09579e+08,1
eg_all_s,5.63195,1.0947e+08,1
eg_all_s,5.63198,1.0936e+08,1
eg_all_s,5.63204,1.09251e+08,1
eg_all_s,5.63207,1.09142e+08,1
eg_all_s,5.63213,1.09033e+08,1
eg_all_s,5.63216,1.08923e+08,1
eg_all_s,5.63222,1.08815e+08,1
eg_all_s,5.63225,1.08706e+08,1
eg_all_s,5.63231,1.08597e+08,1
eg_all_s,5.63234,1.08488e+08,1
eg_all_s,5.6324,1.0838e+08,1
eg_all_s,5.63243,1.08272e+08,1
eg_all_s,5.6325,1.08163e+08,1
eg_all_s,5.63253,1.08055e+08,1
eg_all_s,5.63259,1.07947e+08,1
eg_all_s,5.63262,1.07839e+08,1
eg_all_s,5.63268,1.07731e+08,1
eg_all_s,5.63271,1.07624e+08,1
eg_all_s,5.63277,1.07516e+08,1
eg_all_s,5.6328,1.07408e+08,1
eg_all_s,5.63286,1.07301e+08,1
eg_all_s,5.63289,1.07194e+08,1
eg_all_s,5.63295,1.07087e+08,1
eg_all_s,5.63298,1.06979e+08,1
eg_all_s,5.63304,1.06872e+08,1
eg_all_s,5.63307,1.06766e+08,1
eg_all_s,5.63313,1.06659e+08,1
eg_all_s,5.63316,1.06552e+08,1
eg_all_s,5.63322,1.06446e+08,1
eg_all_s,5.63325,1.06339e+08,1
eg_all_s,5.63331,1.06233e+08,1
eg_all_s,5.63334,1.06127e+08,1
eg_all_s,5.6334,1.0602e+08,1
eg_all_s,5.63343,1.05914e+08,1
eg_all_s,5.6335,1.05809e+08,1
eg_all_s,5.63354,1.05703e+08,1
eg_all_s,5.63359,1.05597e+08,1
eg_all_s,5.63363,1.05491e+08,1
eg_all_s,5.63368,1.05386e+08,1
eg_all_s,5.63372,1.05281e+08,1
eg_all_s,5.63378,1.05175e+08,1
eg_all_s,5.63381,1.0507e+08,1
eg_all_s,5.63387,1.04965e+08,1
eg_all_s,5.6339,1.0486e+08,1
eg_all_s,5.63396,1.04755e+08,1
eg_all_s,5.63399,1.0465e+08,1
eg_all_s,5.63405,1.04546e+08,1
eg_all_s,5.63408,1.04441e+08,1
eg_all_s,5.63414,1.04337e+08,1
eg_all_s,5.63417,1.04232e+08,1
eg_all_s,5.63423,1.04128e+08,1
eg_all_s,5.63426,1.04024e+08,1
eg_all_s,5.63432,1.0392e+08,1
eg_all_s,5.63435,1.03816e+08,1
eg_all_s,5.63441,1.03712e+08,1
eg_all_s,5.63445,1.03609e+08,1
eg_all_s,5.63451,1.03505e+08,1
eg_all_s,5.63454,1.03402e+08,1
eg_all_s,5.6346,1.03298e+08,1
eg_all_s,5.63463,1.03195e+08,1
eg_all_s,5.63469,1.03092e+08,1
eg_all_s,5.63472,1.02989e+08,1
eg_all_s,5.63478,1.02886e+08,1
eg_all_s,5.63481,1.02783e+08,1
eg_all_s,5.63487,1.0268e+08,1
eg_all_s,5.6349,1.02577e+08,1
eg_all_s,5.63496,1.02475e+08,1
eg_all_s,5.63499,1.02372e+08,1
eg_all_s,5.63505,1.0227e+08,1
eg_all_s,5.63508,1.02168e+08,1
eg_all_s,5.63514,1.02065e+08,1
eg_all_s,5.63517,1.01963e+08,1
eg_all_s,5.63523,1.01861e+08,1
eg_all_s,5.63526,1.01759e+08,1
eg_all_s,5.63532,1.01658e+08,1
eg_all_s,5.63535,1.01556e+08,1
eg_all_s,5.63541,1.01454e+08,1
eg_all_s,5.63545,1.01353e+08,1
eg_all_s,5.63551,1.01252e+08,1
eg_all_s,5.63554,1.0115e+08,1
eg_all_s,5.6356,1.01049e+08,1
eg_all_s,5.63563,1.00948e+08,1
eg_all_s,5.63569,1.00847e+08,1
eg_all_s,5.63573,1.00746e+08,1
eg_all_s,5.63579,1.00646e+08,1
eg_all_s,5.63582,1.00545e+08,1
eg_all_s,5.63588,1.00444e+08,1
eg_all_s,5.63591,1.00344e+08,1
eg_all_s,5.63597,1.00244e+08,1
eg_all_s,5.636,1.00143e+08,1
eg_all_s,5.63606,1.00043e+08,1
eg_all_s,5.63609,9.99433e+07,1
eg_all_s,5.63615,9.98433e+07,1
eg_all_s,5.63618,9.97435e+07,1
eg_all_s,5.63623,9.96437e+07,1
eg_all_s,5.63627,9.95441e+07,1
eg_all_s,5.63633,9.94445e+07,1
eg_all_s,5.63636,9.93451e+07,1
eg_all_s,5.63642,9.92457e+07,1
eg_all_s,5.63645,9.91465e+07,1
eg_all_s,5.63651,9.90474e+07,1
eg_all_s,5.63654,9.89483e+07,1
eg_all_s,5.6366,9.88494e+07,1
eg_all_s,5.63663,9.87505e+07,1
eg_all_s,5.63669,9.86518e+07,1
eg_all_s,5.63672,9.85531e+07,1
eg_all_s,5.63678,9.84546e+07,1
eg_all_s,5.63681,9.83561e+07,1
eg_all_s,5.63687,9.82577e+07,1
eg_all_s,5.6369,9.81595e+07,1
eg_all_s,5.63696,9.80613e+07,1
eg_all_s,5.63699,9.79633e+07,1
eg_all_s,5.63705,9.78653e+07,1
eg_all_s,5.63708,9.77674e+07,1
eg_all_s,5.63714,9.76697e+07,1
eg_all_s,5.63717,9.7572e+07,1
eg_all_s,5.63723,9.74744e+07,1
eg_all_s,5.63726,9.7377e+07,1
eg_all_s,5.63732,9.72796e+07,1
eg_all_s,5.63735,9.71823e+07,1
eg_all_s,5.63741,9.70851e+07,1
eg_all_s,5.63745,9.6988e+07,1
eg_all_s,5.63751,9.6891e+07,1
eg_all_s,5.63754,9.67941e+07,1
eg_all_s,5.6376,9.66974e+07,1
eg_all_s,5.63763,9.66007e+07,1
eg_all_s,5.63769,9.65041e+07,1
eg_all_s,5.63772,9.64076e+07,1
eg_all_s,5.63778,9.63111e+07,1
eg_all_s,5.63781,9.62148e+07,1
eg_all_s,5.63787,9.61186e+07,1
eg_all_s,5.63791,9.60225e+07,1
eg_all_s,5.63797,9.59265e+07,1
eg_all_s,5.638,9.58306e+07,1
eg_all_s,5.63806,9.57347e+07,1
eg_all_s,5.63809,9.5639e+07,1
eg_all_s,5.63815,9.55433e+07,1
eg_all_s,5.63818,9.54478e+07,1
eg_all_s,5.63824,9.53524e+07,1
eg_all_s,5.63827,9.5257e+07,1
eg_all_s,5.63833,9.51617e+07,1
eg_all_s,5.63836,9.50666e+07,1
eg_all_s,5.63842,9.49715e+07,1
eg_all_s,5.63846,9.48765e+07,1
eg_all_s,5.63852,9.47817e+07,1
eg_all_s,5.63855,9.46869e+07,1
eg_all_s,5.63861,9.45922e+07,1
eg_all_s,5.63864,9.44976e+07,1
eg_all_s,5.6387,9.44031e+07,1
eg_all_s,5.63873,9.43087e+07,1
eg_all_s,5.63879,9.42144e+07,1
eg_all_s,5.63882,9.41202e+07,1
eg_all_s,5.63888,9.40261e+07,1
eg_all_s,5.63891,9.3932e+07,1
eg_all_s,5.63897,9.38381e+07,1
eg_all_s,5.639,9.37443e+07,1
eg_all_s,5.63906,9.36505e+07,1
eg_all_s,5.63909,9.35569e+07,1
eg_all_s,5.63915,9.34633e+07,1
eg_all_s,5.63918,9.33699e+07,1
eg_all_s,5.63924,9.32765e+07,1
eg_all_s,5.63927,9.31832e+07,1
eg_all_s,5.63933,9.309e+07,1
eg_all_s,5.63936,9.29969e+07,1
eg_all_s,5.63942,9.29039e+07,1
eg_all_s,5.63946,9.2811e+07,1
eg_all_s,5.63952,9.27182e+07,1
eg_all_s,5.63955,9.26255e+07,1
eg_all_s,5.63961,9.25329e+07,1
eg_all_s,5.63964,9.24403e+07,1
eg_all_s,5.6397,9.23479e+07,1
eg_all_s,5.63973,9.22556e+07,1
eg_all_s,5.63979,9.21633e+07,1
eg_all_s,5.63982,9.20711e+07,1
eg_all_s,5.63988,9.19791e+07,1
eg_all_s,5.63991,9.18871e+07,1
eg_all_s,5.63997,9.17952e+07,1
eg_all_s,5.64,9.17034e+07,1
eg_all_s,5.64006,9.16117e+07,1
eg_all_s,5.64009,9.15201e+07,1
eg_all_s,5.64015,9.14286e+07,1
eg_all_s,5.64018,9.13371e+07,1
eg_all_s,5.64024,9.12458e+07,1
eg_all_s,5.64027,9.11546e+07,1
eg_all_s,5.64034,9.10634e+07,1
eg_all_s,5.64037,9.09723e+07,1
eg_all_s,5.64043,9.08814e+07,1
eg_all_s,5.64047,9.07905e+07,1
eg_all_s,5.64053,9.06997e+07,1
eg_all_s,5.64056,9.0609e+07,1
eg_all_s,5.64062,9.05184e+07,1
eg_all_s,5.64065,9.04279e+07,1
eg_all_s,5.64071,9.03374e+07,1
eg_all_s,5.64074,9.02471e+07,1
eg_all_s,5.6408,9.01569e+07,1
eg_all_s,5.64083,9.00667e+07,1
eg_all_s,5.64089,8.99766e+07,1
eg_all_s,5.64092,8.98867e+07,1
eg_all_s,5.64098,8.97968e+07,1
eg_all_s,5.64101,8.9707e+07,1
eg_all_s,5.64107,8.96173e+07,1
eg_all_s,5.6411,8.95276e+07,1
eg_all_s,5.64116,8.94381e+07,1
eg_all_s,5.64119,8.93487e+07,1
eg_all_s,5.64125,8.92593e+07,1
eg_all_s,5.64128,8.91701e+07,1
eg_all_s,5.64134,8.90809e+07,1
eg_all_s,5.64137,8.89918e+07,1
eg_all_s,5.64143,8.89028e+07,1
eg_all_s,5.64147,8.88139e+07,1
eg_all_s,5.64153,8.87251e+07,1
eg_all_s,5.64156,8.86364e+07,1
eg_all_s,5.64162,8.85477e+07,1
eg_all_s,5.64165,8.84592e+07,1
eg_all_s,5.64171,8.83707e+07,1
eg_all_s,5.64174,8.82824e+07,1
eg_all_s,5.6418,8.81941e+07,1
eg_all_s,5.64183,8.81059e+07,1
eg_all_s,5.64189,8.80178e+07,1
eg_all_s,5.64192,8.79298e+07,1
eg_all_s,5.64198,8.78418e+07,1
eg_all_s,5.64201,8.7754e+07,1
eg_all_s,5.64207,8.76662e+07,1
eg_all_s,5.6421,8.75786e+07,1
eg_all_s,5.64216,8.7491e+07,1
eg_all_s,5.64219,8.74035e+07,1
eg_all_s,5.64225,8.73161e+07,1
eg_all_s,5.64228,8.72288e+07,1
eg_all_s,5.64234,8.71416e+07,1
eg_all_s,5.64237,8.70544e+07,1
eg_all_s,5.64243,8.69674e+07,1
eg_all_s,5.64247,8.68804e+07,1
eg_all_s,5.64253,8.67935e+07,1
eg_all_s,5.64256,8.67067e+07,1
eg_all_s,5.64262,8.662e+07,1
eg_all_s,5.64265,8.65334e+07,1
eg_all_s,5.64271,8.64469e+07,1
eg_all_s,5.64274,8.63604e+07,1
eg_all_s,5.6428,8.62741e+07,1
eg_all_s,5.64283,8.61878e+07,1
eg_all_s,5.64289,8.61016e+07,1
eg_all_s,5.64292,8.60155e+07,1
eg_all_s,5.64298,8.59295e+07,1
eg_all_s,5.64301,8.58435e+07,1
eg_all_s,5.64307,8.57577e+07,1
eg_all_s,5.6431,8.56719e+07,1
eg_all_s,5.64316,8.55863e+07,1
eg_all_s,5.64319,8.55007e+07,1
eg_all_s,5.64325,8.54152e+07,1
eg_all_s,5.64328,8.53298e+07,1
eg_all_s,5.64334,8.52444e+07,1
eg_all_s,5.64337,8.51592e+07,1
eg_all_s,5.64343,8.5074e+07,1
eg_all_s,5.64347,8.4989e+07,1
eg_all_s,5.64354,8.4904e+07,1
eg_all_s,5.64357,8.48191e+07,1
eg_all_s,5.64363,8.47342e+07,1
eg_all_s,5.64366,8.46495e+07,1
eg_all_s,5.64372,8.45649e+07,1
eg_all_s,5.64375,8.44803e+07,1
eg_all_s,5.64381,8.43958e+07,1
eg_all_s,5.64384,8.43114e+07,1
eg_all_s,5.6439,8.42271e+07,1
eg_all_s,5.64393,8.41429e+07,1
eg_all_s,5.64399,8.40587e+07,1
eg_all_s,5.64402,8.39747e+07,1
eg_all_s,5.64408,8.38907e+07,1
eg_all_s,5.64411,8.38068e+07,1
eg_all_s,5.64417,8.3723e+07,1
eg_all_s,5.6442,8.36393e+07,1
eg_all_s,5.64426,8.35556e+07,1
eg_all_s,5.64429,8.34721e+07,1
eg_all_s,5.64435,8.33886e+07,1
eg_all_s,5.64438,8.33052e+07,1
eg_all_s,5.64445,8.32219e+07,1
eg_all_s,5.64448,8.31387e+07,1
eg_all_s,5.64454,8.30556e+07,1
eg_all_s,5.64457,8.29725e+07,1
eg_all_s,5.64463,8.28895e+07,1
eg_all_s,5.64466,8.28066e+07,1
eg_all_s,5.64472,8.27238e+07,1
eg_all_s,5.64475,8.26411e+07,1
eg_all_s,5.64481,8.25585e+07,1
eg_all_s,5.64484,8.24759e+07,1
eg_all_s,5.6449,8.23934e+07,1
eg_all_s,5.64493,8.2311e+07,1
eg_all_s,5.64499,8.22287e+07,1
eg_all_s,5.64502,8.21465e+07,1
eg_all_s,5.64508,8.20644e+07,1
eg_all_s,5.64511,8.19823e+07,1
eg_all_s,5.64517,8.19003e+07,1
eg_all_s,5.6452,8.18184e+07,1
eg_all_s,5.64526,8.17366e+07,1
eg_all_s,5.64529,8.16549e+07,1
eg_all_s,5.64535,8.15732e+07,1
eg_all_s,5.64538,8.14916e+07,1
eg_all_s,5.64545,8.14101e+07,1
eg_all_s,5.64548,8.13287e+07,1
eg_all_s,5.64554,8.12474e+07,1
eg_all_s,5.64557,8.11662e+07,1
eg_all_s,5.64563,8.1085e+07,1
eg_all_s,5.64566,8.10039e+07,1
eg_all_s,5.64572,8.09229e+07,1
eg_all_s,5.64575,8.0842e+07,1
eg_all_s,5.64581,8.07611e+07,1
eg_all_s,5.64584,8.06804e+07,1
eg_all_s,5.6459,8.05997e+07,1
eg_all_s,5.64593,8.05191e+07,1
eg_all_s,5.64599,8.04386e+07,1
eg_all_s,5.64602,8.03581e+07,1
eg_all_s,5.64608,8.02778e+07,1
eg_all_s,5.64611,8.01975e+07,1
eg_all_s,5.64617,8.01173e+07,1
eg_all_s,5.6462,8.00372e+07,1
eg_all_s,5.64626,7.99571e+07,1
eg_all_s,5.64629,7.98772e+07,1
eg_all_s,5.64635,7.97973e+07,1
eg_all_s,5.64639,7.97175e+07,1
eg_all_s,5.64646,7.96378e+07,1
eg_all_s,5.64649,7.95582e+07,1
eg_all_s,5.64655,7.94786e+07,1
eg_all_s,5.64658,7.93991e+07,1
eg_all_s,5.64664,7.93197e+07,1
eg_all_s,5.64667,7.92404e+07,1
eg_all_s,5.64673,7.91612e+07,1
eg_all_s,5.64676,7.9082e+07,1
eg_all_s,5.64682,7.90029e+07,1
eg_all_s,5.64685,7.89239e+07,1
eg_all_s,5.64691,7.8845e+07,1
eg_all_s,5.64694,7.87661e+07,1
eg_all_s,5.647,7.86874e+07,1
eg_all_s,5.64703,7.86087e+07,1
eg_all_s,5.64709,7.85301e+07,1
eg_all_s,5.64712,7.84516e+07,1
eg_all_s,5.64718,7.83731e+07,1
eg_all_s,5.64721,7.82947e+07,1
eg_all_s,5.64727,7.82164e+07,1
eg_all_s,5.6473,7.81382e+07,1
eg_all_s,5.64736,7.80601e+07,1
eg_all_s,5.64739,7.7982e+07,1
eg_all_s,5.64746,7.7904e+07,1
eg_all_s,5.64749,7.78261e+07,1
eg_all_s,5.64755,7.77483e+07,1
eg_all_s,5.64758,7.76706e+07,1
eg_all_s,5.64764,7.75929e+07,1
eg_all_s,5.64767,7.75153e+07,1
eg_all_s,5.64773,7.74378e+07,1
eg_all_s,5.64776,7.73603e+07,1
eg_all_s,5.64782,7.7283e+07,1
eg_all_s,5.64785,7.72057e+07,1
eg_all_s,5.64791,7.71285e+07,1
eg_all_s,5.64794,7.70514e+07,1
eg_all_s,5.648,7.69743e+07,1
eg_all_s,5.64803,7.68973e+07,1
eg_all_s,5.64809,7.68204e+07,1
eg_all_s,5.64812,7.67436e+07,1
eg_all_s,5.64818,7.66669e+07,1
eg_all_s,5.64821,7.65902e+07,1
eg_all_s,5.64827,7.65136e+07,1
eg_all_s,5.6483,7.64371e+07,1
eg_all_s,5.64836,7.63607e+07,1
eg_all_s,5.64839,7.62843e+07,1
eg_all_s,5.64846,7.6208e+07,1
eg_all_s,5.64849,7.61318e+07,1
eg_all_s,5.64855,7.60557e+07,1
eg_all_s,5.64858,7.59796e+07,1
eg_all_s,5.64864,7.59036e+07,1
eg_all_s,5.64867,7.58277e+07,1
eg_all_s,5.64873,7.57519e+07,1
eg_all_s,5.64876,7.56762e+07,1
eg_all_s,5.64882,7.56005e+07,1
eg_all_s,5.64885,7.55249e+07,1
eg_all_s,5.64891,7.54494e+07,1
eg_all_s,5.64894,7.53739e+07,1
eg_all_s,5.649,7.52985e+07,1
eg_all_s,5.64903,7.52232e+07,1
eg_all_s,5.64909,7.5148e+07,1
eg_all_s,5.64912,7.50729e+07,1
eg_all_s,5.64918,7.49978e+07,1
eg_all_s,5.64921,7.49228e+07,1
eg_all_s,5.64927,7.48479e+07,1
eg_all_s,5.6493,7.4773e+07,1
eg_all_s,5.64936,7.46982e+07,1
eg_all_s,5.6494,7.46236e+07,1
eg_all_s,5.64946,7.45489e+07,1
eg_all_s,5.6495,7.44744e+07,1
eg_all_s,5.64956,7.43999e+07,1
eg_all_s,5.64959,7.43255e+07,1
eg_all_s,5.64965,7.42512e+07,1
eg_all_s,5.64968,7.41769e+07,1
eg_all_s,5.64973,7.41028e+07,1
eg_all_s,5.64977,7.40286e+07,1
eg_all_s,5.64983,7.39546e+07,1
eg_all_s,5.64986,7.38807e+07,1
eg_all_s,5.64992,7.38068e+07,1
eg_all_s,5.64995,7.3733e+07,1
eg_all_s,5.65,7.36592e+07,1
eg_all_s,5.65004,7.35856e+07,1
eg_all_s,5.6501,7.3512e+07,1
eg_all_s,5.65013,7.34385e+07,1
eg_all_s,5.65019,7.3365e+07,1
eg_all_s,5.65022,7.32917e+07,1
eg_all_s,5.65028,7.32184e+07,1
eg_all_s,5.65031,7.31452e+07,1
eg_all_s,5.65037,7.3072e+07,1
eg_all_s,5.6504,7.2999e+07,1
eg_all_s,5.65047,7.2926e+07,1
eg_all_s,5.6505,7.2853e+07,1
eg_all_s,5.65056,7.27802e+07,1
eg_all_s,5.65059,7.27074e+07,1
eg_all_s,5.65065,7.26347e+07,1
eg_all_s,5.65068,7.25621e+07,1
eg_all_s,5.65074,7.24895e+07,1
eg_all_s,5.65077,7.2417e+07,1
eg_all_s,5.65083,7.23446e+07,1
eg_all_s,5.65086,7.22722e+07,1
eg_all_s,5.65092,7.22e+07,1
eg_all_s,5.65095,7.21278e+07,1
eg_all_s,5.65101,7.20556e+07,1
eg_all_s,5.65104,7.19836e+07,1
eg_all_s,5.6511,7.19116e+07,1
eg_all_s,5.65113,7.18397e+07,1
eg_all_s,5.65119,7.17678e+07,1
eg_all_s,5.65122,7.16961e+07,1
eg_all_s,5.65128,7.16244e+07,1
eg_all_s,5.65131,7.15528e+07,1
eg_all_s,5.65137,7.14812e+07,1
eg_all_s,5.6514,7.14097e+07,1
eg_all_s,5.65147,7.13383e+07,1
eg_all_s,5.6515,7.1267e+07,1
eg_all_s,5.65156,7.11957e+07,1
eg_all_s,5.65159,7.11245e+07,1
eg_all_s,5.65165,7.10534e+07,1
eg_all_s,5.65168,7.09823e+07,1
eg_all_s,5.65174,7.09114e+07,1
eg_all_s,5.65177,7.08404e+07,1
eg_all_s,5.65183,7.07696e+07,1
eg_all_s,5.65186,7.06988e+07,1
eg_all_s,5.65192,7.06281e+07,1
eg_all_s,5.65195,7.05575e+07,1
eg_all_s,5.65201,7.04869e+07,1
eg_all_s,5.65204,7.04165e+07,1
eg_all_s,5.6521,7.0346e+07,1
eg_all_s,5.65213,7.02757e+07,1
eg_all_s,5.65219,7.02054e+07,1
eg_all_s,5.65222,7.01352e+07,1
eg_all_s,5.65228,7.00651e+07,1
eg_all_s,5.65232,6.9995e+07,1
eg_all_s,5.65237,6.9925e+07,1
eg_all_s,5.6524,6.98551e+07,1
eg_all_s,5.65247,6.97852e+07,1
eg_all_s,5.65251,6.97155e+07,1
eg_all_s,5.65257,6.96457e+07,1
eg_all_s,5.6526,6.95761e+07,1
eg_all_s,5.65266,6.95065e+07,1
eg_all_s,5.65269,6.9437e+07,1
eg_all_s,5.65275,6.93676e+07,1
eg_all_s,5.65278,6.92982e+07,1
eg_all_s,5.65284,6.92289e+07,1
eg_all_s,5.65287,6.91597e+07,1
eg_all_s,5.65293,6.90905e+07,1
eg_all_s,5.65296,6.90214e+07,1
eg_all_s,5.65302,6.89524e+07,1
eg_all_s,5.65305,6.88835e+07,1
eg_all_s,5.65311,6.88146e+07,1
eg_all_s,5.65314,6.87458e+07,1
eg_all_s,5.6532,6.8677e+07,1
eg_all_s,5.65323,6.86083e+07,1
eg_all_s,5.65329,6.85397e+07,1
eg_all_s,5.65332,6.84712e+07,1
eg_all_s,5.65338,6.84027e+07,1
eg_all_s,5.65341,6.83343e+07,1
eg_all_s,5.65348,6.8266e+07,1
eg_all_s,5.65351,6.81977e+07,1
eg_all_s,5.65357,6.81295e+07,1
eg_all_s,5.6536,6.80614e+07,1
eg_all_s,5.65366,6.79933e+07,1
eg_all_s,5.65369,6.79253e+07,1
eg_all_s,5.65375,6.78574e+07,1
eg_all_s,5.65378,6.77895e+07,1
eg_all_s,5.65384,6.77218e+07,1
eg_all_s,5.65387,6.7654e+07,1
eg_all_s,5.65393,6.75864e+07,1
eg_all_s,5.65396,6.75188e+07,1
eg_all_s,5.65402,6.74513e+07,1
eg_all_s,5.65405,6.73838e+07,1
eg_all_s,5.65411,6.73164e+07,1
eg_all_s,5.65414,6.72491e+07,1
eg_all_s,5.6542,6.71819e+07,1
eg_all_s,5.65423,6.71147e+07,1
eg_all_s,5.65429,6.70476e+07,1
eg_all_s,5.65432,6.69805e+07,1
eg_all_s,5.65438,6.69135e+07,1
eg_all_s,5.65441,6.68466e+07,1
eg_all_s,5.65448,6.67798e+07,1
eg_all_s,5.65451,6.6713e+07,1
eg_all_s,5.65457,6.66463e+07,1
eg_all_s,5.6546,6.65796e+07,1
eg_all_s,5.65466,6.65131e+07,1
eg_all_s,5.65469,6.64466e+07,1
eg_all_s,5.65475,6.63801e+07,1
eg_all_s,5.65478,6.63137e+07,1
eg_all_s,5.65484,6.62474e+07,1
eg_all_s,5.65487,6.61812e+07,1
eg_all_s,5.65493,6.6115e+07,1
eg_all_s,5.65496,6.60489e+07,1
eg_all_s,5.65502,6.59828e+07,1
eg_all_s,5.65505,6.59168e+07,1
eg_all_s,5.65511,6.58509e+07,1
eg_all_s,5.65514,6.57851e+07,1
eg_all_s,5.6552,6.57193e+07,1
eg_all_s,5.65523,6.56536e+07,1
eg_all_s,5.65529,6.55879e+07,1
eg_all_s,5.65532,6.55223e+07,1
eg_all_s,5.65538,6.54568e+07,1
eg_all_s,5.65541,6.53913e+07,1
eg_all_s,5.65548,6.5326e+07,1
eg_all_s,5.65551,6.52606e+07,1
eg_all_s,5.65557,6.51954e+07,1
eg_all_s,5.6556,6.51302e+07,1
eg_all_s,5.65566,6.5065e+07,1
eg_all_s,5.65569,6.5e+07,1
eg_all_s,5.65575,6.4935e+07,1
eg_all_s,5.65578,6.487e+07,1
eg_all_s,5.65584,6.48052e+07,1
eg_all_s,5.65587,6.47404e+07,1
eg_all_s,5.65593,6.46756e+07,1
eg_all_s,5.65596,6.4611e+07,1
eg_all_s,5.65602,6.45463e+07,1
eg_all_s,5.65605,6.44818e+07,1
eg_all_s,5.65611,6.44173e+07,1
eg_all_s,5.65614,6.43529e+07,1
eg_all_s,5.6562,6.42885e+07,1
eg_all_s,5.65623,6.42243e+07,1
eg_all_s,5.65629,6.416e+07,1
eg_all_s,5.65633,6.40959e+07,1
eg_all_s,5.65638,6.40318e+07,1
eg_all_s,5.65642,6.39677e+07,1
eg_all_s,5.65648,6.39038e+07,1
eg_all_s,5.65652,6.38399e+07,1
eg_all_s,5.65658,6.3776e+07,1
eg_all_s,5.65661,6.37123e+07,1
eg_all_s,5.65667,6.36485e+07,1
eg_all_s,5.6567,6.35849e+07,1
eg_all_s,5.65676,6.35213e+07,1
eg_all_s,5.65679,6.34578e+07,1
eg_all_s,5.65685,6.33943e+07,1
eg_all_s,5.65688,6.33309e+07,1
eg_all_s,5.65694,6.32676e+07,1
eg_all_s,5.65697,6.32043e+07,1
eg_all_s,5.65703,6.31411e+07,1
eg_all_s,5.65706,6.3078e+07,1
eg_all_s,5.65712,6.30149e+07,1
eg_all_s,5.65715,6.29519e+07,1
eg_all_s,5.65721,6.28889e+07,1
eg_all_s,5.65724,6.28261e+07,1
eg_all_s,5.6573,6.27632e+07,1
eg_all_s,5.65733,6.27005e+07,1
eg_all_s,5.65739,6.26378e+07,1
eg_all_s,5.65742,6.25751e+07,1
eg_all_s,5.65749,6.25126e+07,1
eg_all_s,5.65752,6.245e+07,1
eg_all_s,5.65758,6.23876e+07,1
eg_all_s,5.65761,6.23252e+07,1
eg_all_s,5.65767,6.22629e+07,1
eg_all_s,5.6577,6.22006e+07,1
eg_all_s,5.65776,6.21384e+07,1
eg_all_s,5.65779,6.20763e+07,1
eg_all_s,5.65785,6.20142e+07,1
eg_all_s,5.65788,6.19522e+07,1
eg_all_s,5.65794,6.18902e+07,1
eg_all_s,5.65797,6.18283e+07,1
eg_all_s,5.65803,6.17665e+07,1
eg_all_s,5.65806,6.17047e+07,1
eg_all_s,5.65812,6.1643e+07,1
eg_all_s,5.65815,6.15814e+07,1
eg_all_s,5.65821,6.15198e+07,1
eg_all_s,5.65824,6.14583e+07,1
eg_all_s,5.6583,6.13968e+07,1
eg_all_s,5.65833,6.13354e+07,1
eg_all_s,5.65839,6.12741e+07,1
eg_all_s,5.65842,6.12128e+07,1
eg_all_s,5.65849,6.11516e+07,1
eg_all_s,5.65852,6.10905e+07,1
eg_all_s,5.65858,6.10294e+07,1
eg_all_s,5.65862,6.09683e+07,1
eg_all_s,5.65867,6.09074e+07,1
eg_all_s,5.65871,6.08465e+07,1
eg_all_s,5.65876,6.07856e+07,1
eg_all_s,5.6588,6.07248e+07,1
eg_all_s,5.65885,6.06641e+07,1
eg_all_s,5.65889,6.06034e+07,1
eg_all_s,5.65894,6.05428e+07,1
eg_all_s,5.65898,6.04823e+07,1
eg_all_s,5.65904,6.04218e+07,1
eg_all_s,5.65907,6.03614e+07,1
eg_all_s,5.65913,6.0301e+07,1
eg_all_s,5.65916,6.02407e+07,1
eg_all_s,5.65922,6.01805e+07,1
eg_all_s,5.65925,6.01203e+07,1
eg_all_s,5.65931,6.00602e+07,1
eg_all_s,5.65934,6.00001e+07,1
eg_all_s,5.6594,5.99401e+07,1
eg_all_s,5.65943,5.98802e+07,1
eg_all_s,5.6595,5.98203e+07,1
eg_all_s,5.65953,5.97605e+07,1
eg_all_s,5.65959,5.97007e+07,1
eg_all_s,5.65962,5.9641e+07,1
eg_all_s,5.65968,5.95814e+07,1
eg_all_s,5.65971,5.95218e+07,1
eg_all_s,5.65977,5.94623e+07,1
eg_all_s,5.6598,5.94028e+07,1
eg_all_s,5.65986,5.93434e+07,1
eg_all_s,5.65989,5.92841e+07,1
eg_all_s,5.65995,5.92248e+07,1
eg_all_s,5.65998,5.91656e+07,1
eg_all_s,5.66004,5.91064e+07,1
eg_all_s,5.66007,5.90473e+07,1
eg_all_s,5.66013,5.89882e+07,1
eg_all_s,5.66016,5.89293e+07,1
eg_all_s,5.66022,5.88703e+07,1
eg_all_s,5.66025,5.88115e+07,1
eg_all_s,5.66031,5.87526e+07,1
eg_all_s,5.66034,5.86939e+07,1
eg_all_s,5.6604,5.86352e+07,1
eg_all_s,5.66043,5.85766e+07,1
eg_all_s,5.6605,5.8518e+07,1
eg_all_s,5.66053,5.84595e+07,1
eg_all_s,5.66059,5.8401e+07,1
eg_all_s,5.66062,5.83426e+07,1
eg_all_s,5.66068,5.82843e+07,1
eg_all_s,5.66071,5.8226e+07,1
eg_all_s,5.66077,5.81678e+07,1
eg_all_s,5.6608,5.81096e+07,1
eg_all_s,5.66086,5.80515e+07,1
eg_all_s,5.66089,5.79934e+07,1
eg_all_s,5.66095,5.79354e+07,1
eg_all_s,5.66098,5.78775e+07,1
eg_all_s,5.66104,5.78196e+07,1
eg_all_s,5.66107,5.77618e+07,1
eg_all_s,5.66113,5.7704e+07,1
eg_all_s,5.66116,5.76463e+07,1
eg_all_s,5.66122,5.75887e+07,1
eg_all_s,5.66125,5.75311e+07,1
eg_all_s,5.66131,5.74736e+07,1
eg_all_s,5.66134,5.74161e+07,1
eg_all_s,5.6614,5.73587e+07,1
eg_all_s,5.66143,5.73013e+07,1
eg_all_s,5.6615,5.7244e+07,1
eg_all_s,5.66153,5.71868e+07,1
eg_all_s,5.66159,5.71296e+07,1
eg_all_s,5.66162,5.70725e+07,1
eg_all_s,5.66168,5.70154e+07,1
eg_all_s,5.66171,5.69584e+07,1
eg_all_s,5.66177,5.69014e+07,1
eg_all_s,5.6618,5.68445e+07,1
eg_all_s,5.66186,5.67877e+07,1
eg_all_s,5.6619,5.67309e+07,1
eg_all_s,5.66195,5.66741e+07,1
eg_all_s,5.66199,5.66175e+07,1
eg_all_s,5.66205,5.65609e+07,1
eg_all_s,5.66208,5.65043e+07,1
eg_all_s,5.66214,5.64478e+07,1
eg_all_s,5.66217,5.63913e+07,1
eg_all_s,5.66223,5.6335e+07,1
eg_all_s,5.66226,5.62786e+07,1
eg_all_s,5.66232,5.62223e+07,1
eg_all_s,5.66235,5.61661e+07,1
eg_all_s,5.66241,5.61099e+07,1
eg_all_s,5.66244,5.60538e+07,1
eg_all_s,5.66251,5.59978e+07,1
eg_all_s,5.66254,5.59418e+07,1
eg_all_s,5.6626,5.58858e+07,1
eg_all_s,5.66263,5.583e+07,1
eg_all_s,5.66269,5.57741e+07,1
eg_all_s,5.66272,5.57184e+07,1
eg_all_s,5.66278,5.56626e+07,1
eg_all_s,5.66281,5.5607e+07,1
eg_all_s,5.66287,5.55514e+07,1
eg_all_s,5.6629,5.54958e+07,1
eg_all_s,5.66296,5.54403e+07,1
eg_all_s,5.66299,5.53849e+07,1
eg_all_s,5.66305,5.53295e+07,1
eg_all_s,5.66308,5.52742e+07,1
eg_all_s,5.66314,5.52189e+07,1
eg_all_s,5.66317,5.51637e+07,1
eg_all_s,5.66323,5.51085e+07,1
eg_all_s,5.66326,5.50534e+07,1
eg_all_s,5.66332,5.49983e+07,1
eg_all_s,5.66335,5.49433e+07,1
eg_all_s,5.66341,5.48884e+07,1
eg_all_s,5.66345,5.48335e+07,1
eg_all_s,5.66351,5.47787e+07,1
eg_all_s,5.66354,5.47239e+07,1
eg_all_s,5.6636,5.46692e+07,1
eg_all_s,5.66363,5.46145e+07,1
eg_all_s,5.66369,5.45599e+07,1
eg_all_s,5.66372,5.45053e+07,1
eg_all_s,5.66378,5.44508e+07,1
eg_all_s,5.66381,5.43964e+07,1
eg_all_s,5.66387,5.4342e+07,1
eg_all_s,5.6639,5.42876e+07,1
eg_all_s,5.66396,5.42334e+07,1
eg_all_s,5.66399,5.41791e+07,1
eg_all_s,5.66405,5.41249e+07,1
eg_all_s,5.66408,5.40708e+07,1
eg_all_s,5.66414,5.40167e+07,1
eg_all_s,5.66417,5.39627e+07,1
eg_all_s,5.66423,5.39088e+07,1
eg_all_s,5.66426,5.38549e+07,1
eg_all_s,5.66432,5.3801e+07,1
eg_all_s,5.66435,5.37472e+07,1
eg_all_s,5.66441,5.36935e+07,1
eg_all_s,5.66445,5.36398e+07,1
eg_all_s,5.66451,5.35861e+07,1
eg_all_s,5.66454,5.35325e+07,1
eg_all_s,5.6646,5.3479e+07,1
eg_all_s,5.66463,5.34255e+07,1
eg_all_s,5.66469,5.33721e+07,1
eg_all_s,5.66472,5.33187e+07,1
eg_all_s,5.66478,5.32654e+07,1
eg_all_s,5.66481,5.32121e+07,1
eg_all_s,5.66487,5.31589e+07,1
eg_all_s,5.6649,5.31058e+07,1
eg_all_s,5.66496,5.30527e+07,1
eg_all_s,5.66499,5.29996e+07,1
eg_all_s,5.66505,5.29466e+07,1
eg_all_s,5.66508,5.28937e+07,1
eg_all_s,5.66514,5.28408e+07,1
eg_all_s,5.66517,5.27879e+07,1
eg_all_s,5.66523,5.27351e+07,1
eg_all_s,5.66526,5.26824e+07,1
eg_all_s,5.66532,5.26297e+07,1
eg_all_s,5.66535,5.25771e+07,1
eg_all_s,5.66541,5.25245e+07,1
eg_all_s,5.66545,5.2472e+07,1
eg_all_s,5.66551,5.24195e+07,1
eg_all_s,5.66554,5.23671e+07,1
eg_all_s,5.6656,5.23147e+07,1
eg_all_s,5.66563,5.22624e+07,1
eg_all_s,5.66569,5.22102e+07,1
eg_all_s,5.66572,5.21579e+07,1
eg_all_s,5.66578,5.21058e+07,1
eg_all_s,5.66581,5.20537e+07,1
eg_all_s,5.66587,5.20016e+07,1
eg_all_s,5.6659,5.19496e+07,1
eg_all_s,5.66596,5.18977e+07,1
eg_all_s,5.66599,5.18458e+07,1
eg_all_s,5.66605,5.17939e+07,1
eg_all_s,5.66608,5.17421e+07,1
eg_all_s,5.66614,5.16904e+07,1
eg_all_s,5.66617,5.16387e+07,1
eg_all_s,5.66623,5.15871e+07,1
eg_all_s,5.66626,5.15355e+07,1
eg_all_s,5.66632,5.14839e+07,1
eg_all_s,5.66636,5.14325e+07,1
eg_all_s,5.66642,5.1381e+07,1
eg_all_s,5.66645,5.13296e+07,1
eg_all_s,5.66652,5.12783e+07,1
eg_all_s,5.66655,5.1227e+07,1
eg_all_s,5.66661,5.11758e+07,1
eg_all_s,5.66664,5.11246e+07,1
eg_all_s,5.6667,5.10735e+07,1
eg_all_s,5.66673,5.10224e+07,1
eg_all_s,5.66679,5.09714e+07,1
eg_all_s,5.66682,5.09204e+07,1
eg_all_s,5.66688,5.08695e+07,1
eg_all_s,5.66691,5.08186e+07,1
eg_all_s,5.66697,5.07678e+07,1
eg_all_s,5.667,5.07171e+07,1
eg_all_s,5.66706,5.06663e+07,1
eg_all_s,5.66709,5.06157e+07,1
eg_all_s,5.66715,5.05651e+07,1
eg_all_s,5.66718,5.05145e+07,1
eg_all_s,5.66724,5.0464e+07,1
eg_all_s,5.66727,5.04135e+07,1
eg_all_s,5.66733,5.03631e+07,1
eg_all_s,5.66736,5.03127e+07,1
eg_all_s,5.66742,5.02624e+07,1
eg_all_s,5.66746,5.02122e+07,1
eg_all_s,5.66752,5.0162e+07,1
eg_all_s,5.66755,5.01118e+07,1
eg_all_s,5.66761,5.00617e+07,1
eg_all_s,5.66764,5.00116e+07,1
eg_all_s,5.6677,4.99616e+07,1
eg_all_s,5.66773,4.99116e+07,1
eg_all_s,5.66779,4.98617e+07,1
eg_all_s,5.66782,4.98119e+07,1
eg_all_s,5.66788,4.97621e+07,1
eg_all_s,5.66791,4.97123e+07,1
eg_all_s,5.66797,4.96626e+07,1
eg_all_s,5.668,4.96129e+07,1
eg_all_s,5.66806,4.95633e+07,1
eg_all_s,5.66809,4.95137e+07,1
eg_all_s,5.66815,4.94642e+07,1
eg_all_s,5.66818,4.94148e+07,1
eg_all_s,5.66824,4.93654e+07,1
eg_all_s,5.66827,4.9316e+07,1
eg_all_s,5.66833,4.92667e+07,1
eg_all_s,5.66836,4.92174e+07,1
eg_all_s,5.66842,4.91682e+07,1
eg_all_s,5.66846,4.9119e+07,1
eg_all_s,5.66852,4.90699e+07,1
eg_all_s,5.66855,4.90208e+07,1
eg_all_s,5.66861,4.89718e+07,1
eg_all_s,5.66864,4.89228e+07,1
eg_all_s,5.6687,4.88739e+07,1
eg_all_s,5.66873,4.8825e+07,1
eg_all_s,5.66879,4.87762e+07,1
eg_all_s,5.66882,4.87274e+07,1
eg_all_s,5.66888,4.86787e+07,1
eg_all_s,5.66891,4.863e+07,1
eg_all_s,5.66897,4.85814e+07,1
eg_all_s,5.669,4.85328e+07,1
eg_all_s,5.66906,4.84843e+07,1
eg_all_s,5.66909,4.84358e+07,1
eg_all_s,5.66915,4.83874e+07,1
eg_all_s,5.66918,4.8339e+07,1
eg_all_s,5.66924,4.82906e+07,1
eg_all_s,5.66927,4.82424e+07,1
eg_all_s,5.66933,4.81941e+07,1
eg_all_s,5.66936,4.81459e+07,1
eg_all_s,5.66942,4.80978e+07,1
eg_all_s,5.66947,4.80497e+07,1
eg_all_s,5.66953,4.80016e+07,1
eg_all_s,5.66956,4.79536e+07,1
eg_all_s,5.66963,4.79057e+07,1
eg_all_s,5.66966,4.78578e+07,1
eg_all_s,5.66972,4.78099e+07,1
eg_all_s,5.66975,4.77621e+07,1
eg_all_s,5.66981,4.77143e+07,1
eg_all_s,5.66984,4.76666e+07,1
eg_all_s,5.6699,4.76189e+07,1
eg_all_s,5.66993,4.75713e+07,1
eg_all_s,5.66999,4.75238e+07,1
eg_all_s,5.67002,4.74762e+07,1
eg_all_s,5.67008,4.74288e+07,1
eg_all_s,5.67011,4.73813e+07,1
eg_all_s,5.67017,4.73339e+07,1
eg_all_s,5.6702,4.72866e+07,1
eg_all_s,5.67026,4.72393e+07,1
eg_all_s,5.67029,4.71921e+07,1
eg_all_s,5.67035,4.71449e+07,1
eg_all_s,5.67038,4.70977e+07,1
eg_all_s,5.67045,4.70507e+07,1
eg_all_s,5.67048,4.70036e+07,1
eg_all_s,5.67054,4.69566e+07,1
eg_all_s,5.67057,4.69096e+07,1
eg_all_s,5.67063,4.68627e+07,1
eg_all_s,5.67066,4.68159e+07,1
eg_all_s,5.67072,4.67691e+07,1
eg_all_s,5.67075,4.67223e+07,1
eg_all_s,5.67081,4.66756e+07,1
eg_all_s,5.67084,4.66289e+07,1
eg_all_s,5.6709,4.65823e+07,1
eg_all_s,5.67093,4.65357e+07,1
eg_all_s,5.67099,4.64891e+07,1
eg_all_s,5.67102,4.64426e+07,1
eg_all_s,5.67108,4.63962e+07,1
eg_all_s,5.67111,4.63498e+07,1
eg_all_s,5.67117,4.63035e+07,1
eg_all_s,5.6712,4.62572e+07,1
eg_all_s,5.67126,4.62109e+07,1
eg_all_s,5.67129,4.61647e+07,1
eg_all_s,5.67135,4.61185e+07,1
eg_all_s,5.67139,4.60724e+07,1
eg_all_s,5.67145,4.60263e+07,1
eg_all_s,5.67149,4.59803e+07,1
eg_all_s,5.67154,4.59343e+07,1
eg_all_s,5.67158,4.58884e+07,1
eg_all_s,5.67163,4.58425e+07,1
eg_all_s,5.67167,4.57967e+07,1
eg_all_s,5.67173,4.57509e+07,1
eg_all_s,5.67176,4.57051e+07,1
eg_all_s,5.67182,4.56594e+07,1
eg_all_s,5.67185,4.56137e+07,1
eg_all_s,5.67191,4.55681e+07,1
eg_all_s,5.67194,4.55226e+07,1
eg_all_s,5.672,4.5477e+07,1
eg_all_s,5.67203,4.54316e+07,1
eg_all_s,5.67209,4.53861e+07,1
eg_all_s,5.67212,4.53407e+07,1
eg_all_s,5.67218,4.52954e+07,1
eg_all_s,5.67221,4.52501e+07,1
eg_all_s,5.67227,4.52049e+07,1
eg_all_s,5.6723,4.51597e+07,1
eg_all_s,5.67236,4.51145e+07,1
eg_all_s,5.67239,4.50694e+07,1
eg_all_s,5.67245,4.50243e+07,1
eg_all_s,5.67249,4.49793e+07,1
eg_all_s,5.67255,4.49343e+07,1
eg_all_s,5.67258,4.48894e+07,1
eg_all_s,5.67264,4.48445e+07,1
eg_all_s,5.67267,4.47996e+07,1
eg_all_s,5.67273,4.47548e+07,1
eg_all_s,5.67276,4.47101e+07,1
eg_all_s,5.67282,4.46654e+07,1
eg_all_s,5.67285,4.46207e+07,1
eg_all_s,5.67291,4.45761e+07,1
eg_all_s,5.67294,4.45315e+07,1
eg_all_s,5.673,4.4487e+07,1
eg_all_s,5.67303,4.44425e+07,1
eg_all_s,5.67309,4.43981e+07,1
eg_all_s,5.67312,4.43537e+07,1
eg_all_s,5.67318,4.43093e+07,1
eg_all_s,5.67321,4.4265e+07,1
eg_all_s,5.67327,4.42207e+07,1
eg_all_s,5.6733,4.41765e+07,1
eg_all_s,5.67336,4.41323e+07,1
eg_all_s,5.67339,4.40882e+07,1
eg_all_s,5.67346,4.40441e+07,1
eg_all_s,5.67349,4.40001e+07,1
eg_all_s,5.67355,4.39561e+07,1
eg_all_s,5.67358,4.39121e+07,1
eg_all_s,5.67364,4.38682e+07,1
eg_all_s,5.67367,4.38243e+07,1
eg_all_s,5.67373,4.37805e+07,1
eg_all_s,5.67376,4.37367e+07,1
eg_all_s,5.67382,4.3693e+07,1
eg_all_s,5.67385,4.36493e+07,1
eg_all_s,5.67391,4.36056e+07,1
eg_all_s,5.67394,4.3562e+07,1
eg_all_s,5.674,4.35185e+07,1
eg_all_s,5.67403,4.3475e+07,1
eg_all_s,5.67409,4.34315e+07,1
eg_all_s,5.67412,4.3388e+07,1
eg_all_s,5.67418,4.33447e+07,1
eg_all_s,5.67421,4.33013e+07,1
eg_all_s,5.67427,4.3258e+07,1
eg_all_s,5.6743,4.32148e+07,1
eg_all_s,5.67436,4.31715e+07,1
eg_all_s,5.67439,4.31284e+07,1
eg_all_s,5.67446,4.30852e+07,1
eg_all_s,5.67449,4.30422e+07,1
eg_all_s,5.67455,4.29991e+07,1
eg_all_s,5.67458,4.29561e+07,1
eg_all_s,5.67464,4.29132e+07,1
eg_all_s,5.67467,4.28702e+07,1
eg_all_s,5.67473,4.28274e+07,1
eg_all_s,5.67476,4.27845e+07,1
eg_all_s,5.67482,4.27418e+07,1
eg_all_s,5.67485,4.2699e+07,1
eg_all_s,5.67491,4.26563e+07,1
eg_all_s,5.67494,4.26137e+07,1
eg_all_s,5.675,4.25711e+07,1
eg_all_s,5.67503,4.25285e+07,1
eg_all_s,5.67509,4.2486e+07,1
eg_all_s,5.67512,4.24435e+07,1
eg_all_s,5.67518,4.2401e+07,1
eg_all_s,5.67521,4.23586e+07,1
eg_all_s,5.67527,4.23163e+07,1
eg_all_s,5.6753,4.22739e+07,1
eg_all_s,5.67536,4.22317e+07,1
eg_all_s,5.67539,4.21894e+07,1
eg_all_s,5.67546,4.21472e+07,1
eg_all_s,5.67549,4.21051e+07,1
eg_all_s,5.67555,4.2063e+07,1
eg_all_s,5.67558,4.20209e+07,1
eg_all_s,5.67564,4.19789e+07,1
eg_all_s,5.67567,4.19369e+07,1
eg_all_s,5.67573,4.1895e+07,1
eg_all_s,5.67576,4.18531e+07,1
eg_all_s,5.67582,4.18112e+07,1
eg_all_s,5.67585,4.17694e+07,1
eg_all_s,5.67591,4.17277e+07,1
eg_all_s,5.67594,4.16859e+07,1
eg_all_s,5.676,4.16443e+07,1
eg_all_s,5.67603,4.16026e+07,1
eg_all_s,5.67609,4.1561e+07,1
eg_all_s,5.67612,4.15194e+07,1
eg_all_s,5.67618,4.14779e+07,1
eg_all_s,5.67621,4.14364e+07,1
eg_all_s,5.67627,4.1395e+07,1
eg_all_s,5.6763,4.13536e+07,1
eg_all_s,5.67636,4.13123e+07,1
eg_all_s,5.67639,4.1271e+07,1
eg_all_s,5.67646,4.12297e+07,1
eg_all_s,5.67649,4.11884e+07,1
eg_all_s,5.67655,4.11473e+07,1
eg_all_s,5.67658,4.11061e+07,1
eg_all_s,5.67664,4.1065e+07,1
eg_all_s,5.67667,4.10239e+07,1
eg_all_s,5.67673,4.09829e+07,1
eg_all_s,5.67677,4.09419e+07,1
eg_all_s,5.67683,4.0901e+07,1
eg_all_s,5.67686,4.08601e+07,1
eg_all_s,5.67692,4.08192e+07,1
eg_all_s,5.67695,4.07784e+07,1
eg_all_s,5.67701,4.07376e+07,1
eg_all_s,5.67704,4.06969e+07,1
eg_all_s,5.6771,4.06562e+07,1
eg_all_s,5.67713,4.06155e+07,1
eg_all_s,5.67718,4.05749e+07,1
eg_all_s,5.67722,4.05344e+07,1
eg_all_s,5.67727,4.04938e+07,1
eg_all_s,5.67731,4.04533e+07,1
eg_all_s,5.67737,4.04129e+07,1
eg_all_s,5.6774,4.03725e+07,1
eg_all_s,5.67747,4.03321e+07,1
eg_all_s,5.6775,4.02918e+07,1
eg_all_s,5.67756,4.02515e+07,1
eg_all_s,5.67759,4.02112e+07,1
eg_all_s,5.67765,4.0171e+07,1
eg_all_s,5.67768,4.01308e+07,1
eg_all_s,5.67774,4.00907e+07,1
eg_all_s,5.67777,4.00506e+07,1
eg_all_s,5.67783,4.00106e+07,1
eg_all_s,5.67786,3.99705e+07,1
eg_all_s,5.67792,3.99306e+07,1
eg_all_s,5.67795,3.98906e+07,1
eg_all_s,5.67801,3.98508e+07,1
eg_all_s,5.67804,3.98109e+07,1
eg_all_s,5.6781,3.97711e+07,1
eg_all_s,5.67813,3.97313e+07,1
eg_all_s,5.67819,3.96916e+07,1
eg_all_s,5.67822,3.96519e+07,1
eg_all_s,5.67828,3.96122e+07,1
eg_all_s,5.67831,3.95726e+07,1
eg_all_s,5.67837,3.95331e+07,1
eg_all_s,5.6784,3.94935e+07,1
eg_all_s,5.67847,3.9454e+07,1
eg_all_s,5.6785,3.94146e+07,1
eg_all_s,5.67856,3.93752e+07,1
eg_all_s,5.67859,3.93358e+07,1
eg_all_s,5.67865,3.92965e+07,1
eg_all_s,5.67868,3.92572e+07,1
eg_all_s,5.67874,3.92179e+07,1
eg_all_s,5.67877,3.91787e+07,1
eg_all_s,5.67883,3.91395e+07,1
eg_all_s,5.67886,3.91004e+07,1
eg_all_s,5.67892,3.90613e+07,1
eg_all_s,5.67895,3.90222e+07,1
eg_all_s,5.67901,3.89832e+07,1
eg_all_s,5.67904,3.89442e+07,1
eg_all_s,5.6791,3.89052e+07,1
eg_all_s,5.67913,3.88663e+07,1
eg_all_s,5.67919,3.88275e+07,1
eg_all_s,5.67922,3.87887e+07,1
eg_all_s,5.67928,3.87499e+07,1
eg_all_s,5.67931,3.87111e+07,1
eg_all_s,5.67937,3.86724e+07,1
eg_all_s,5.6794,3.86337e+07,1
eg_all_s,5.67947,3.85951e+07,1
eg_all_s,5.6795,3.85565e+07,1
eg_all_s,5.67956,3.85179e+07,1
eg_all_s,5.67959,3.84794e+07,1
eg_all_s,5.67965,3.84409e+07,1
eg_all_s,5.67968,3.84025e+07,1
eg_all_s,5.67974,3.83641e+07,1
eg_all_s,5.67977,3.83257e+07,1
eg_all_s,5.67983,3.82874e+07,1
eg_all_s,5.67986,3.82491e+07,1
eg_all_s,5.67992,3.82109e+07,1
eg_all_s,5.67995,3.81727e+07,1
eg_all_s,5.68001,3.81345e+07,1
eg_all_s,5.68004,3.80964e+07,1
eg_all_s,5.6801,3.80583e+07,1
eg_all_s,5.68013,3.80202e+07,1
eg_all_s,5.68019,3.79822e+07,1
eg_all_s,5.68022,3.79442e+07,1
eg_all_s,5.68028,3.79063e+07,1
eg_all_s,5.68031,3.78683e+07,1
eg_all_s,5.68037,3.78305e+07,1
eg_all_s,5.6804,3.77926e+07,1
eg_all_s,5.68047,3.77549e+07,1
eg_all_s,5.6805,3.77171e+07,1
eg_all_s,5.68056,3.76794e+07,1
eg_all_s,5.68059,3.76417e+07,1
eg_all_s,5.68065,3.76041e+07,1
eg_all_s,5.68068,3.75665e+07,1
eg_all_s,5.68074,3.75289e+07,1
eg_all_s,5.68077,3.74914e+07,1
eg_all_s,5.68083,3.74539e+07,1
eg_all_s,5.68086,3.74164e+07,1
eg_all_s,5.68092,3.7379e+07,1
eg_all_s,5.68095,3.73416e+07,1
eg_all_s,5.68101,3.73043e+07,1
eg_all_s,5.68104,3.7267e+07,1
eg_all_s,5.6811,3.72297e+07,1
eg_all_s,5.68113,3.71925e+07,1
eg_all_s,5.68119,3.71553e+07,1
eg_all_s,5.68122,3.71181e+07,1
eg_all_s,5.68128,3.7081e+07,1
eg_all_s,5.68131,3.70439e+07,1
eg_all_s,5.68137,3.70069e+07,1
eg_all_s,5.6814,3.69699e+07,1
eg_all_s,5.68147,3.69329e+07,1
eg_all_s,5.6815,3.6896e+07,1
eg_all_s,5.68156,3.68591e+07,1
eg_all_s,5.6816,3.68222e+07,1
eg_all_s,5.68165,3.67854e+07,1
eg_all_s,5.68169,3.67486e+07,1
eg_all_s,5.68174,3.67119e+07,1
eg_all_s,5.68178,3.66752e+07,1
eg_all_s,5.68183,3.66385e+07,1
eg_all_s,5.68187,3.66018e+07,1
eg_all_s,5.68193,3.65652e+07,1
eg_all_s,5.68196,3.65287e+07,1
eg_all_s,5.68202,3.64921e+07,1
eg_all_s,5.68205,3.64557e+07,1
eg_all_s,5.68211,3.64192e+07,1
eg_all_s,5.68214,3.63828e+07,1
eg_all_s,5.6822,3.63464e+07,1
eg_all_s,5.68223,3.631e+07,1
eg_all_s,5.68229,3.62737e+07,1
eg_all_s,5.68232,3.62375e+07,1
eg_all_s,5.68238,3.62012e+07,1
eg_all_s,5.68241,3.6165e+07,1
eg_all_s,5.68248,3.61289e+07,1
eg_all_s,5.68251,3.60927e+07,1
eg_all_s,5.68257,3.60566e+07,1
eg_all_s,5.6826,3.60206e+07,1
eg_all_s,5.68266,3.59846e+07,1
eg_all_s,5.68269,3.59486e+07,1
eg_all_s,5.68275,3.59126e+07,1
eg_all_s,5.68278,3.58767e+07,1
eg_all_s,5.68284,3.58408e+07,1
eg_all_s,5.68287,3.5805e+07,1
eg_all_s,5.68293,3.57692e+07,1
eg_all_s,5.68296,3.57334e+07,1
eg_all_s,5.68302,3.56977e+07,1
eg_all_s,5.68305,3.5662e+07,1
eg_all_s,5.68311,3.56263e+07,1
eg_all_s,5.68314,3.55907e+07,1
eg_all_s,5.6832,3.55551e+07,1
eg_all_s,5.68323,3.55196e+07,1
eg_all_s,5.68329,3.5484e+07,1
eg_all_s,5.68332,3.54486e+07,1
eg_all_s,5.68338,3.54131e+07,1
eg_all_s,5.68341,3.53777e+07,1
eg_all_s,5.68348,3.53423e+07,1
eg_all_s,5.68351,3.5307e+07,1
eg_all_s,5.68357,3.52717e+07,1
eg_all_s,5.6836,3.52364e+07,1
eg_all_s,5.68366,3.52012e+07,1
eg_all_s,5.68369,3.5166e+07,1
eg_all_s,5.68375,3.51308e+07,1
eg_all_s,5.68378,3.50957e+07,1
eg_all_s,5.68384,3.50606e+07,1
eg_all_s,5.68387,3.50255e+07,1
eg_all_s,5.68393,3.49905e+07,1
eg_all_s,5.68396,3.49555e+07,1
eg_all_s,5.68402,3.49205e+07,1
eg_all_s,5.68405,3.48856e+07,1
eg_all_s,5.68411,3.48507e+07,1
eg_all_s,5.68414,3.48159e+07,1
eg_all_s,5.6842,3.47811e+07,1
eg_all_s,5.68424,3.47463e+07,1
eg_all_s,5.6843,3.47115e+07,1
eg_all_s,5.68433,3.46768e+07,1
eg_all_s,5.68439,3.46421e+07,1
eg_all_s,5.68442,3.46075e+07,1
eg_all_s,5.68448,3.45729e+07,1
eg_all_s,5.68452,3.45383e+07,1
eg_all_s,5.68458,3.45038e+07,1
eg_all_s,5.68461,3.44693e+07,1
eg_all_s,5.68467,3.44348e+07,1
eg_all_s,5.6847,3.44004e+07,1
eg_all_s,5.68475,3.4366e+07,1
eg_all_s,5.68479,3.43316e+07,1
eg_all_s,5.68485,3.42973e+07,1
eg_all_s,5.68488,3.4263e+07,1
eg_all_s,5.68494,3.42287e+07,1
eg_all_s,5.68497,3.41945e+07,1
eg_all_s,5.68503,3.41603e+07,1
eg_all_s,5.68506,3.41261e+07,1
eg_all_s,5.68511,3.4092e+07,1
eg_all_s,5.68515,3.40579e+07,1
eg_all_s,5.6852,3.40239e+07,1
eg_all_s,5.68524,3.39898e+07,1
eg_all_s,5.6853,3.39558e+07,1
eg_all_s,5.68533,3.39219e+07,1
eg_all_s,5.68539,3.3888e+07,1
eg_all_s,5.68542,3.38541e+07,1
eg_all_s,5.68549,3.38202e+07,1
eg_all_s,5.68552,3.37864e+07,1
eg_all_s,5.68558,3.37526e+07,1
eg_all_s,5.68561,3.37189e+07,1
eg_all_s,5.68567,3.36851e+07,1
eg_all_s,5.6857,3.36515e+07,1
eg_all_s,5.68576,3.36178e+07,1
eg_all_s,5.68579,3.35842e+07,1
eg_all_s,5.68585,3.35506e+07,1
eg_all_s,5.68588,3.3517e+07,1
eg_all_s,5.68594,3.34835e+07,1
eg_all_s,5.68597,3.345e+07,1
eg_all_s,5.68603,3.34166e+07,1
eg_all_s,5.68606,3.33832e+07,1
eg_all_s,5.68612,3.33498e+07,1
eg_all_s,5.68615,3.33164e+07,1
eg_all_s,5.68621,3.32831e+07,1
eg_all_s,5.68624,3.32498e+07,1
eg_all_s,5.6863,3.32166e+07,1
eg_all_s,5.68633,3.31834e+07,1
eg_all_s,5.68639,3.31502e+07,1
eg_all_s,5.68642,3.3117e+07,1
eg_all_s,5.68649,3.30839e+07,1
eg_all_s,5.68652,3.30508e+07,1
eg_all_s,5.68658,3.30178e+07,1
eg_all_s,5.68661,3.29848e+07,1
eg_all_s,5.68667,3.29518e+07,1
eg_all_s,5.6867,3.29188e+07,1
eg_all_s,5.68676,3.28859e+07,1
eg_all_s,5.68679,3.2853e+07,1
eg_all_s,5.68685,3.28202e+07,1
eg_all_s,5.68688,3.27874e+07,1
eg_all_s,5.68694,3.27546e+07,1
eg_all_s,5.68697,3.27218e+07,1
eg_all_s,5.68703,3.26891e+07,1
eg_all_s,5.68706,3.26564e+07,1
eg_all_s,5.68712,3.26238e+07,1
eg_all_s,5.68715,3.25911e+07,1
eg_all_s,5.68721,3.25585e+07,1
eg_all_s,5.68724,3.2526e+07,1
eg_all_s,5.6873,3.24935e+07,1
eg_all_s,5.68733,3.2461e+07,1
eg_all_s,5.68739,3.24285e+07,1
eg_all_s,5.68742,3.23961e+07,1
eg_all_s,5.68749,3.23637e+07,1
eg_all_s,5.68752,3.23313e+07,1
eg_all_s,5.68758,3.2299e+07,1
eg_all_s,5.68761,3.22667e+07,1
eg_all_s,5.68767,3.22344e+07,1
eg_all_s,5.6877,3.22022e+07,1
eg_all_s,5.68776,3.217e+07,1
eg_all_s,5.68779,3.21378e+07,1
eg_all_s,5.68785,3.21057e+07,1
eg_all_s,5.68788,3.20736e+07,1
eg_all_s,5.68794,3.20415e+07,1
eg_all_s,5.68797,3.20094e+07,1
eg_all_s,5.68803,3.19774e+07,1
eg_all_s,5.68806,3.19455e+07,1
eg_all_s,5.68812,3.19135e+07,1
eg_all_s,5.68815,3.18816e+07,1
eg_all_s,5.68821,3.18497e+07,1
eg_all_s,5.68824,3.18179e+07,1
eg_all_s,5.6883,3.17861e+07,1
eg_all_s,5.68833,3.17543e+07,1
eg_all_s,5.68839,3.17225e+07,1
eg_all_s,5.68842,3.16908e+07,1
eg_all_s,5.68849,3.16591e+07,1
eg_all_s,5.68852,3.16274e+07,1
eg_all_s,5.68858,3.15958e+07,1
eg_all_s,5.68861,3.15642e+07,1
eg_all_s,5.68867,3.15327e+07,1
eg_all_s,5.6887,3.15011e+07,1
eg_all_s,5.68876,3.14696e+07,1
eg_all_s,5.68879,3.14381e+07,1
eg_all_s,5.68885,3.14067e+07,1
eg_all_s,5.68889,3.13753e+07,1
eg_all_s,5.68895,3.13439e+07,1
eg_all_s,5.68898,3.13126e+07,1
eg_all_s,5.68904,3.12813e+07,1
eg_all_s,5.68907,3.125e+07,1
eg_all_s,5.68913,3.12187e+07,1
eg_all_s,5.68916,3.11875e+07,1
eg_all_s,5.68922,3.11563e+07,1
eg_all_s,5.68925,3.11252e+07,1
eg_all_s,5.68931,3.1094e+07,1
eg_all_s,5.68934,3.1063e+07,1
eg_all_s,5.6894,3.10319e+07,1
eg_all_s,5.68943,3.10009e+07,1
eg_all_s,5.6895,3.09699e+07,1
eg_all_s,5.68953,3.09389e+07,1
eg_all_s,5.68959,3.0908e+07,1
eg_all_s,5.68962,3.0877e+07,1
eg_all_s,5.68968,3.08462e+07,1
eg_all_s,5.68971,3.08153e+07,1
eg_all_s,5.68977,3.07845e+07,1
eg_all_s,5.6898,3.07537e+07,1
eg_all_s,5.68986,3.0723e+07,1
eg_all_s,5.68989,3.06922e+07,1
eg_all_s,5.68995,3.06615e+07,1
eg_all_s,5.68998,3.06309e+07,1
eg_all_s,5.69004,3.06003e+07,1
eg_all_s,5.69007,3.05697e+07,1
eg_all_s,5.69013,3.05391e+07,1
eg_all_s,5.69016,3.05085e+07,1
eg_all_s,5.69022,3.0478e+07,1
eg_all_s,5.69025,3.04476e+07,1
eg_all_s,5.69031,3.04171e+07,1
eg_all_s,5.69034,3.03867e+07,1
eg_all_s,5.6904,3.03563e+07,1
eg_all_s,5.69043,3.0326e+07,1
eg_all_s,5.6905,3.02956e+07,1
eg_all_s,5.69053,3.02653e+07,1
eg_all_s,5.69059,3.02351e+07,1
eg_all_s,5.69062,3.02048e+07,1
eg_all_s,5.69068,3.01746e+07,1
eg_all_s,5.69071,3.01445e+07,1
eg_all_s,5.69077,3.01143e+07,1
eg_all_s,5.6908,3.00842e+07,1
eg_all_s,5.69086,3.00541e+07,1
eg_all_s,5.69089,3.00241e+07,1
eg_all_s,5.69095,2.9994e+07,1
eg_all_s,5.69098,2.9964e+07,1
eg_all_s,5.69104,2.99341e+07,1
eg_all_s,5.69107,2.99041e+07,1
eg_all_s,5.69113,2.98742e+07,1
eg_all_s,5.69116,2.98444e+07,1
eg_all_s,5.69122,2.98145e+07,1
eg_all_s,5.69125,2.97847e+07,1
eg_all_s,5.69131,2.97549e+07,1
eg_all_s,5.69134,2.97252e+07,1
eg_all_s,5.6914,2.96954e+07,1
eg_all_s,5.69143,2.96657e+07,1
eg_all_s,5.6915,2.96361e+07,1
eg_all_s,5.69154,2.96064e+07,1
eg_all_s,5.69159,2.95768e+07,1
eg_all_s,5.69163,2.95473e+07,1
eg_all_s,5.69169,2.95177e+07,1
eg_all_s,5.69172,2.94882e+07,1
eg_all_s,5.69178,2.94587e+07,1
eg_all_s,5.69181,2.94292e+07,1
eg_all_s,5.69187,2.93998e+07,1
eg_all_s,5.6919,2.93704e+07,1
eg_all_s,5.69196,2.9341e+07,1
eg_all_s,5.69199,2.93117e+07,1
eg_all_s,5.69205,2.92824e+07,1
eg_all_s,5.69208,2.92531e+07,1
eg_all_s,5.69214,2.92239e+07,1
eg_all_s,5.69217,2.91946e+07,1
eg_all_s,5.69223,2.91654e+07,1
eg_all_s,5.69226,2.91363e+07,1
eg_all_s,5.69232,2.91071e+07,1
eg_all_s,5.69235,2.9078e+07,1
eg_all_s,5.69241,2.90489e+07,1
eg_all_s,5.69245,2.90199e+07,1
eg_all_s,5.69251,2.89909e+07,1
eg_all_s,5.69254,2.89619e+07,1
eg_all_s,5.6926,2.89329e+07,1
eg_all_s,5.69263,2.8904e+07,1
eg_all_s,5.69269,2.88751e+07,1
eg_all_s,5.69272,2.88462e+07,1
eg_all_s,5.69278,2.88174e+07,1
eg_all_s,5.69281,2.87885e+07,1
eg_all_s,5.69287,2.87598e+07,1
eg_all_s,5.6929,2.8731e+07,1
eg_all_s,5.69296,2.87023e+07,1
eg_all_s,5.69299,2.86736e+07,1
eg_all_s,5.69305,2.86449e+07,1
eg_all_s,5.69308,2.86162e+07,1
eg_all_s,5.69314,2.85876e+07,1
eg_all_s,5.69317,2.8559e+07,1
eg_all_s,5.69323,2.85305e+07,1
eg_all_s,5.69326,2.8502e+07,1
eg_all_s,5.69332,2.84735e+07,1
eg_all_s,5.69335,2.8445e+07,1
eg_all_s,5.69341,2.84165e+07,1
eg_all_s,5.69345,2.83881e+07,1
eg_all_s,5.69351,2.83597e+07,1
eg_all_s,5.69354,2.83314e+07,1
eg_all_s,5.6936,2.8303e+07,1
eg_all_s,5.69363,2.82747e+07,1
eg_all_s,5.69369,2.82465e+07,1
eg_all_s,5.69372,2.82182e+07,1
eg_all_s,5.69378,2.819e+07,1
eg_all_s,5.69381,2.81618e+07,1
eg_all_s,5.69387,2.81336e+07,1
eg_all_s,5.6939,2.81055e+07,1
eg_all_s,5.69396,2.80774e+07,1
eg_all_s,5.69399,2.80493e+07,1
eg_all_s,5.69405,2.80213e+07,1
eg_all_s,5.69408,2.79933e+07,1
eg_all_s,5.69414,2.79653e+07,1
eg_all_s,5.69417,2.79373e+07,1
eg_all_s,5.69423,2.79094e+07,1
eg_all_s,5.69426,2.78814e+07,1
eg_all_s,5.69432,2.78536e+07,1
eg_all_s,5.69435,2.78257e+07,1
eg_all_s,5.69441,2.77979e+07,1
eg_all_s,5.69445,2.77701e+07,1
eg_all_s,5.69451,2.77423e+07,1
eg_all_s,5.69454,2.77146e+07,1
eg_all_s,5.6946,2.76869e+07,1
eg_all_s,5.69463,2.76592e+07,1
eg_all_s,5.69469,2.76315e+07,1
eg_all_s,5.69472,2.76039e+07,1
eg_all_s,5.69478,2.75763e+07,1
eg_all_s,5.69481,2.75487e+07,1
eg_all_s,5.69487,2.75212e+07,1
eg_all_s,5.6949,2.74936e+07,1
eg_all_s,5.69497,2.74661e+07,1
eg_all_s,5.695,2.74387e+07,1
eg_all_s,5.69506,2.74112e+07,1
eg_all_s,5.69509,2.73838e+07,1
eg_all_s,5.69515,2.73564e+07,1
eg_all_s,5.69518,2.73291e+07,1
eg_all_s,5.69524,2.73018e+07,1
eg_all_s,5.69527,2.72745e+07,1
eg_all_s,5.69533,2.72472e+07,1
eg_all_s,5.69536,2.72199e+07,1
eg_all_s,5.69542,2.71927e+07,1
eg_all_s,5.69546,2.71655e+07,1
eg_all_s,5.69552,2.71384e+07,1
eg_all_s,5.69555,2.71112e+07,1
eg_all_s,5.69561,2.70841e+07,1
eg_all_s,5.69564,2.7057e+07,1
eg_all_s,5.6957,2.703e+07,1
eg_all_s,5.69573,2.70029e+07,1
eg_all_s,5.69579,2.69759e+07,1
eg_all_s,5.69582,2.6949e+07,1
eg_all_s,5.69588,2.6922e+07,1
eg_all_s,5.69591,2.68951e+07,1
eg_all_s,5.69597,2.68682e+07,1
eg_all_s,5.696,2.68413e+07,1
eg_all_s,5.69606,2.68145e+07,1
eg_all_s,5.69609,2.67877e+07,1
eg_all_s,5.69615,2.67609e+07,1
eg_all_s,5.69618,2.67341e+07,1
eg_all_s,5.69624,2.67074e+07,1
eg_all_s,5.69627,2.66807e+07,1
eg_all_s,5.69633,2.6654e+07,1
eg_all_s,5.69636,2.66273e+07,1
eg_all_s,5.69642,2.66007e+07,1
eg_all_s,5.69646,2.65741e+07,1
eg_all_s,5.69652,2.65475e+07,1
eg_all_s,5.69655,2.6521e+07,1
eg_all_s,5.69661,2.64945e+07,1
eg_all_s,5.69664,2.6468e+07,1
eg_all_s,5.6967,2.64415e+07,1
eg_all_s,5.69673,2.64151e+07,1
eg_all_s,5.69679,2.63886e+07,1
eg_all_s,5.69682,2.63623e+07,1
eg_all_s,5.69688,2.63359e+07,1
eg_all_s,5.69692,2.63096e+07,1
eg_all_s,5.69697,2.62832e+07,1
eg_all_s,5.697,2.6257e+07,1
eg_all_s,5.69706,2.62307e+07,1
eg_all_s,5.69709,2.62045e+07,1
eg_all_s,5.69715,2.61783e+07,1
eg_all_s,5.69718,2.61521e+07,1
eg_all_s,5.69724,2.61259e+07,1
eg_all_s,5.69727,2.60998e+07,1
eg_all_s,5.69733,2.60737e+07,1
eg_all_s,5.69736,2.60476e+07,1
eg_all_s,5.69742,2.60216e+07,1
eg_all_s,5.69746,2.59956e+07,1
eg_all_s,5.69752,2.59696e+07,1
eg_all_s,5.69755,2.59436e+07,1
eg_all_s,5.69761,2.59177e+07,1
eg_all_s,5.69764,2.58917e+07,1
eg_all_s,5.6977,2.58659e+07,1
eg_all_s,5.69773,2.584e+07,1
eg_all_s,5.69779,2.58141e+07,1
eg_all_s,5.69782,2.57883e+07,1
eg_all_s,5.69788,2.57625e+07,1
eg_all_s,5.69791,2.57368e+07,1
eg_all_s,5.69797,2.5711e+07,1
eg_all_s,5.69801,2.56853e+07,1
eg_all_s,5.69806,2.56597e+07,1
eg_all_s,5.6981,2.5634e+07,1
eg_all_s,5.69816,2.56084e+07,1
eg_all_s,5.69819,2.55827e+07,1
eg_all_s,5.69825,2.55572e+07,1
eg_all_s,5.69828,2.55316e+07,1
eg_all_s,5.69834,2.55061e+07,1
eg_all_s,5.69837,2.54806e+07,1
eg_all_s,5.69843,2.54551e+07,1
eg_all_s,5.69847,2.54296e+07,1
eg_all_s,5.69853,2.54042e+07,1
eg_all_s,5.69856,2.53788e+07,1
eg_all_s,5.69862,2.53534e+07,1
eg_all_s,5.69865,2.53281e+07,1
eg_all_s,5.69871,2.53027e+07,1
eg_all_s,5.69874,2.52774e+07,1
eg_all_s,5.6988,2.52522e+07,1
eg_all_s,5.69883,2.52269e+07,1
eg_all_s,5.69889,2.52017e+07,1
eg_all_s,5.69892,2.51765e+07,1
eg_all_s,5.69898,2.51513e+07,1
eg_all_s,5.69901,2.51261e+07,1
eg_all_s,5.69907,2.5101e+07,1
eg_all_s,5.6991,2.50759e+07,1
eg_all_s,5.69916,2.50508e+07,1
eg_all_s,5.69919,2.50258e+07,1
eg_all_s,5.69925,2.50008e+07,1
eg_all_s,5.69928,2.49758e+07,1
eg_all_s,5.69934,2.49508e+07,1
eg_all_s,5.69937,2.49258e+07,1
eg_all_s,5.69943,2.49009e+07,1
eg_all_s,5.69947,2.4876e+07,1
eg_all_s,5.69953,2.48511e+07,1
eg_all_s,5.69956,2.48263e+07,1
eg_all_s,5.69962,2.48015e+07,1
eg_all_s,5.69965,2.47767e+07,1
eg_all_s,5.69971,2.47519e+07,1
eg_all_s,5.69974,2.47271e+07,1
eg_all_s,5.6998,2.47024e+07,1
eg_all_s,5.69983,2.46777e+07,1
eg_all_s,5.69989,2.4653e+07,1
eg_all_s,5.69992,2.46284e+07,1
eg_all_s,5.69998,2.46037e+07,1
eg_all_s,5.70001,2.45791e+07,1
eg_all_s,5.70007,2.45546e+07,1
eg_all_s,5.7001,2.453e+07,1
eg_all_s,5.70016,2.45055e+07,1
eg_all_s,5.70019,2.4481e+07,1
eg_all_s,5.70025,2.44565e+07,1
eg_all_s,5.70028,2.4432e+07,1
eg_all_s,5.70034,2.44076e+07,1
eg_all_s,5.70037,2.43832e+07,1
eg_all_s,5.70043,2.43588e+07,1
eg_all_s,5.70047,2.43344e+07,1
eg_all_s,5.70053,2.43101e+07,1
eg_all_s,5.70056,2.42858e+07,1
eg_all_s,5.70062,2.42615e+07,1
eg_all_s,5.70065,2.42373e+07,1
eg_all_s,5.70071,2.4213e+07,1
eg_all_s,5.70074,2.41888e+07,1
eg_all_s,5.7008,2.41646e+07,1
eg_all_s,5.70083,2.41405e+07,1
eg_all_s,5.70089,2.41163e+07,1
eg_all_s,5.70092,2.40922e+07,1
eg_all_s,5.70098,2.40681e+07,1
eg_all_s,5.70101,2.4044e+07,1
eg_all_s,5.70107,2.402e+07,1
eg_all_s,5.7011,2.3996e+07,1
eg_all_s,5.70116,2.3972e+07,1
eg_all_s,5.70119,2.3948e+07,1
eg_all_s,5.70125,2.39241e+07,1
eg_all_s,5.70128,2.39001e+07,1
eg_all_s,5.70134,2.38762e+07,1
eg_all_s,5.70137,2.38524e+07,1
eg_all_s,5.70143,2.38285e+07,1
eg_all_s,5.70147,2.38047e+07,1
eg_all_s,5.70153,2.37809e+07,1
eg_all_s,5.70156,2.37571e+07,1
eg_all_s,5.70162,2.37333e+07,1
eg_all_s,5.70165,2.37096e+07,1
eg_all_s,5.70171,2.36859e+07,1
eg_all_s,5.70174,2.36622e+07,1
eg_all_s,5.7018,2.36385e+07,1
eg_all_s,5.70183,2.36149e+07,1
eg_all_s,5.70189,2.35913e+07,1
eg_all_s,5.70192,2.35677e+07,1
eg_all_s,5.70198,2.35441e+07,1
eg_all_s,5.70201,2.35206e+07,1
eg_all_s,5.70207,2.34971e+07,1
eg_all_s,5.7021,2.34736e+07,1
eg_all_s,5.70216,2.34501e+07,1
eg_all_s,5.70219,2.34266e+07,1
eg_all_s,5.70225,2.34032e+07,1
eg_all_s,5.70228,2.33798e+07,1
eg_all_s,5.70234,2.33564e+07,1
eg_all_s,5.70238,2.33331e+07,1
eg_all_s,5.70243,2.33097e+07,1
eg_all_s,5.70247,2.32864e+07,1
eg_all_s,5.70253,2.32631e+07,1
eg_all_s,5.70257,2.32399e+07,1
eg_all_s,5.70262,2.32166e+07,1
eg_all_s,5.70266,2.31934e+07,1
eg_all_s,5.70272,2.31702e+07,1
eg_all_s,5.70275,2.31471e+07,1
eg_all_s,5.70281,2.31239e+07,1
eg_all_s,5.70284,2.31008e+07,1
eg_all_s,5.7029,2.30777e+07,1
eg_all_s,5.70293,2.30546e+07,1
eg_all_s,5.70299,2.30316e+07,1
eg_all_s,5.70302,2.30085e+07,1
eg_all_s,5.70308,2.29855e+07,1
eg_all_s,5.70311,2.29625e+07,1
eg_all_s,5.70317,2.29396e+07,1
eg_all_s,5.7032,2.29166e+07,1
eg_all_s,5.70326,2.28937e+07,1
eg_all_s,5.70329,2.28708e+07,1
eg_all_s,5.70335,2.28479e+07,1
eg_all_s,5.70338,2.28251e+07,1
eg_all_s,5.70345,2.28023e+07,1
eg_all_s,5.70348,2.27795e+07,1
eg_all_s,5.70354,2.27567e+07,1
eg_all_s,5.70357,2.27339e+07,1
eg_all_s,5.70363,2.27112e+07,1
eg_all_s,5.70366,2.26885e+07,1
eg_all_s,5.70372,2.26658e+07,1
eg_all_s,5.70375,2.26431e+07,1
eg_all_s,5.70381,2.26205e+07,1
eg_all_s,5.70384,2.25979e+07,1
eg_all_s,5.7039,2.25753e+07,1
eg_all_s,5.70393,2.25527e+07,1
eg_all_s,5.70399,2.25301e+07,1
eg_all_s,5.70402,2.25076e+07,1
eg_all_s,5.70408,2.24851e+07,1
eg_all_s,5.70411,2.24626e+07,1
eg_all_s,5.70417,2.24402e+07,1
eg_all_s,5.7042,2.24177e+07,1
eg_all_s,5.70426,2.23953e+07,1
eg_all_s,5.70429,2.23729e+07,1
eg_all_s,5.70435,2.23505e+07,1
eg_all_s,5.70438,2.23282e+07,1
eg_all_s,5.70445,2.23059e+07,1
eg_all_s,5.70448,2.22835e+07,1
eg_all_s,5.70454,2.22613e+07,1
eg_all_s,5.70457,2.2239e+07,1
eg_all_s,5.70463,2.22168e+07,1
eg_all_s,5.70466,2.21945e+07,1
eg_all_s,5.70472,2.21724e+07,1
eg_all_s,5.70475,2.21502e+07,1
eg_all_s,5.70481,2.2128e+07,1
eg_all_s,5.70484,2.21059e+07,1
eg_all_s,5.7049,2.20838e+07,1
eg_all_s,5.70493,2.20617e+07,1
eg_all_s,5.70499,2.20396e+07,1
eg_all_s,5.70502,2.20176e+07,1
eg_all_s,5.70508,2.19956e+07,1
eg_all_s,5.70511,2.19736e+07,1
eg_all_s,5.70517,2.19516e+07,1
eg_all_s,5.7052,2.19297e+07,1
eg_all_s,5.70526,2.19077e+07,1
eg_all_s,5.70529,2.18858e+07,1
eg_all_s,5.70535,2.18639e+07,1
eg_all_s,5.70538,2.18421e+07,1
eg_all_s,5.70545,2.18202e+07,1
eg_all_s,5.70548,2.17984e+07,1
eg_all_s,5.70554,2.17766e+07,1
eg_all_s,5.70557,2.17548e+07,1
eg_all_s,5.70563,2.17331e+07,1
eg_all_s,5.70566,2.17114e+07,1
eg_all_s,5.70572,2.16896e+07,1
eg_all_s,5.70575,2.1668e+07,1
eg_all_s,5.70581,2.16463e+07,1
eg_all_s,5.70584,2.16246e+07,1
eg_all_s,5.7059,2.1603e+07,1
eg_all_s,5.70593,2.15814e+07,1
eg_all_s,5.70599,2.15598e+07,1
eg_all_s,5.70602,2.15383e+07,1
eg_all_s,5.70608,2.15167e+07,1
eg_all_s,5.70611,2.14952e+07,1
eg_all_s,5.70617,2.14737e+07,1
eg_all_s,5.7062,2.14522e+07,1
eg_all_s,5.70626,2.14308e+07,1
eg_all_s,5.70629,2.14094e+07,1
eg_all_s,5.70635,2.1388e+07,1
eg_all_s,5.70638,2.13666e+07,1
eg_all_s,5.70645,2.13452e+07,1
eg_all_s,5.70648,2.13239e+07,1
eg_all_s,5.70654,2.13025e+07,1
eg_all_s,5.70657,2.12812e+07,1
eg_all_s,5.70663,2.12599e+07,1
eg_all_s,5.70666,2.12387e+07,1
eg_all_s,5.70672,2.12174e+07,1
eg_all_s,5.70675,2.11962e+07,1
eg_all_s,5.70681,2.1175e+07,1
eg_all_s,5.70684,2.11539e+07,1
eg_all_s,5.7069,2.11327e+07,1
eg_all_s,5.70693,2.11116e+07,1
eg_all_s,5.70699,2.10905e+07,1
eg_all_s,5.70702,2.10694e+07,1
eg_all_s,5.70708,2.10483e+07,1
eg_all_s,5.70712,2.10273e+07,1
eg_all_s,5.70718,2.10062e+07,1
eg_all_s,5.70721,2.09852e+07,1
eg_all_s,5.70727,2.09642e+07,1
eg_all_s,5.7073,2.09433e+07,1
eg_all_s,5.70736,2.09223e+07,1
eg_all_s,5.70739,2.09014e+07,1
eg_all_s,5.70746,2.08805e+07,1
eg_all_s,5.70749,2.08596e+07,1
eg_all_s,5.70755,2.08388e+07,1
eg_all_s,5.70758,2.08179e+07,1
eg_all_s,5.70764,2.07971e+07,1
eg_all_s,5.70767,2.07763e+07,1
eg_all_s,5.70773,2.07555e+07,1
eg_all_s,5.70776,2.07348e+07,1
eg_all_s,5.70782,2.0714e+07,1
eg_all_s,5.70785,2.06933e+07,1
eg_all_s,5.70791,2.06726e+07,1
eg_all_s,5.70794,2.0652e+07,1
eg_all_s,5.708,2.06313e+07,1
eg_all_s,5.70803,2.06107e+07,1
eg_all_s,5.70809,2.05901e+07,1
eg_all_s,5.70812,2.05695e+07,1
eg_all_s,5.70818,2.05489e+07,1
eg_all_s,5.70821,2.05284e+07,1
eg_all_s,5.70827,2.05078e+07,1
eg_all_s,5.7083,2.04873e+07,1
eg_all_s,5.70836,2.04668e+07,1
eg_all_s,5.70839,2.04464e+07,1
eg_all_s,5.70846,2.04259e+07,1
eg_all_s,5.70849,2.04055e+07,1
eg_all_s,5.70855,2.03851e+07,1
eg_all_s,5.70858,2.03647e+07,1
eg_all_s,5.70864,2.03443e+07,1
eg_all_s,5.70867,2.0324e+07,1
eg_all_s,5.70873,2.03037e+07,1
eg_all_s,5.70876,2.02834e+07,1
eg_all_s,5.70882,2.02631e+07,1
eg_all_s,5.70885,2.02428e+07,1
eg_all_s,5.70891,2.02226e+07,1
eg_all_s,5.70894,2.02024e+07,1
eg_all_s,5.709,2.01822e+07,1
eg_all_s,5.70903,2.0162e+07,1
eg_all_s,5.70909,2.01418e+07,1
eg_all_s,5.70912,2.01217e+07,1
eg_all_s,5.70918,2.01015e+07,1
eg_all_s,5.70921,2.00814e+07,1
eg_all_s,5.70927,2.00614e+07,1
eg_all_s,5.7093,2.00413e+07,1
eg_all_s,5.70936,2.00213e+07,1
eg_all_s,5.70939,2.00012e+07,1
eg_all_s,5.70946,1.99812e+07,1
eg_all_s,5.7095,1.99613e+07,1
eg_all_s,5.70956,1.99413e+07,1
eg_all_s,5.70959,1.99213e+07,1
eg_all_s,5.70965,1.99014e+07,1
eg_all_s,5.70968,1.98815e+07,1
eg_all_s,5.70974,1.98616e+07,1
eg_all_s,5.70977,1.98418e+07,1
eg_all_s,5.70983,1.98219e+07,1
eg_all_s,5.70986,1.98021e+07,1
eg_all_s,5.70992,1.97823e+07,1
eg_all_s,5.70995,1.97625e+07,1
eg_all_s,5.71001,1.97428e+07,1
eg_all_s,5.71004,1.9723e+07,1
eg_all_s,5.7101,1.97033e+07,1
eg_all_s,5.71013,1.96836e+07,1
eg_all_s,5.71019,1.96639e+07,1
eg_all_s,5.71022,1.96443e+07,1
eg_all_s,5.71028,1.96246e+07,1
eg_all_s,5.71031,1.9605e+07,1
eg_all_s,5.71037,1.95854e+07,1
eg_all_s,5.7104,1.95658e+07,1
eg_all_s,5.71047,1.95462e+07,1
eg_all_s,5.7105,1.95267e+07,1
eg_all_s,5.71056,1.95072e+07,1
eg_all_s,5.71059,1.94876e+07,1
eg_all_s,5.71065,1.94682e+07,1
eg_all_s,5.71068,1.94487e+07,1
eg_all_s,5.71074,1.94292e+07,1
eg_all_s,5.71077,1.94098e+07,1
eg_all_s,5.71083,1.93904e+07,1
eg_all_s,5.71086,1.9371e+07,1
eg_all_s,5.71092,1.93516e+07,1
eg_all_s,5.71095,1.93323e+07,1
eg_all_s,5.71101,1.9313e+07,1
eg_all_s,5.71104,1.92936e+07,1
eg_all_s,5.7111,1.92744e+07,1
eg_all_s,5.71113,1.92551e+07,1
eg_all_s,5.71119,1.92358e+07,1
eg_all_s,5.71122,1.92166e+07,1
eg_all_s,5.71128,1.91974e+07,1
eg_all_s,5.71131,1.91782e+07,1
eg_all_s,5.71137,1.9159e+07,1
eg_all_s,5.7114,1.91398e+07,1
eg_all_s,5.71147,1.91207e+07,1
eg_all_s,5.7115,1.91016e+07,1
eg_all_s,5.71156,1.90825e+07,1
eg_all_s,5.71159,1.90634e+07,1
eg_all_s,5.71165,1.90443e+07,1
eg_all_s,5.71168,1.90253e+07,1
eg_all_s,5.71174,1.90063e+07,1
eg_all_s,5.71177,1.89873e+07,1
eg_all_s,5.71183,1.89683e+07,1
eg_all_s,5.71186,1.89493e+07,1
eg_all_s,5.71192,1.89303e+07,1
eg_all_s,5.71195,1.89114e+07,1
eg_all_s,5.71201,1.88925e+07,1
eg_all_s,5.71204,1.88736e+07,1
eg_all_s,5.7121,1.88547e+07,1
eg_all_s,5.71213,1.88359e+07,1
eg_all_s,5.71219,1.8817e+07,1
eg_all_s,5.71222,1.87982e+07,1
eg_all_s,5.71228,1.87794e+07,1
eg_all_s,5.71231,1.87607e+07,1
eg_all_s,5.71237,1.87419e+07,1
eg_all_s,5.7124,1.87231e+07,1
eg_all_s,5.71247,1.87044e+07,1
eg_all_s,5.7125,1.86857e+07,1
eg_all_s,5.71256,1.8667e+07,1
eg_all_s,5.71259,1.86484e+07,1
eg_all_s,5.71265,1.86297e+07,1
eg_all_s,5.71268,1.86111e+07,1
eg_all_s,5.71274,1.85925e+07,1
eg_all_s,5.71277,1.85739e+07,1
eg_all_s,5.71283,1.85553e+07,1
eg_all_s,5.71286,1.85368e+07,1
eg_all_s,5.71292,1.85182e+07,1
eg_all_s,5.71295,1.84997e+07,1
eg_all_s,5.71301,1.84812e+07,1
eg_all_s,5.71304,1.84627e+07,1
eg_all_s,5.7131,1.84443e+07,1
eg_all_s,5.71313,1.84258e+07,1
eg_all_s,5.71319,1.84074e+07,1
eg_all_s,5.71322,1.8389e+07,1
eg_all_s,5.71328,1.83706e+07,1
eg_all_s,5.71331,1.83522e+07,1
eg_all_s,5.71337,1.83339e+07,1
eg_all_s,5.7134,1.83155e+07,1
eg_all_s,5.71347,1.82972e+07,1
eg_all_s,5.7135,1.82789e+07,1
eg_all_s,5.71356,1.82606e+07,1
eg_all_s,5.7136,1.82424e+07,1
eg_all_s,5.71365,1.82241e+07,1
eg_all_s,5.71369,1.82059e+07,1
eg_all_s,5.71374,1.81877e+07,1
eg_all_s,5.71378,1.81695e+07,1
eg_all_s,5.71383,1.81514e+07,1
eg_all_s,5.71387,1.81332e+07,1
eg_all_s,5.71393,1.81151e+07,1
eg_all_s,5.71396,1.8097e+07,1
eg_all_s,5.71402,1.80789e+07,1
eg_all_s,5.71405,1.80608e+07,1
eg_all_s,5.71411,1.80427e+07,1
eg_all_s,5.71414,1.80247e+07,1
eg_all_s,5.7142,1.80066e+07,1
eg_all_s,5.71423,1.79886e+07,1
eg_all_s,5.71429,1.79707e+07,1
eg_all_s,5.71432,1.79527e+07,1
eg_all_s,5.71438,1.79347e+07,1
eg_all_s,5.71441,1.79168e+07,1
eg_all_s,5.71448,1.78989e+07,1
eg_all_s,5.71451,1.7881e+07,1
eg_all_s,5.71457,1.78631e+07,1
eg_all_s,5.7146,1.78452e+07,1
eg_all_s,5.71466,1.78274e+07,1
eg_all_s,5.71469,1.78096e+07,1
eg_all_s,5.71475,1.77917e+07,1
eg_all_s,5.71478,1.7774e+07,1
eg_all_s,5.71484,1.77562e+07,1
eg_all_s,5.71487,1.77384e+07,1
eg_all_s,5.71493,1.77207e+07,1
eg_all_s,5.71496,1.7703e+07,1
eg_all_s,5.71502,1.76853e+07,1
eg_all_s,5.71505,1.76676e+07,1
eg_all_s,5.71511,1.76499e+07,1
eg_all_s,5.71514,1.76323e+07,1
eg_all_s,5.7152,1.76146e+07,1
eg_all_s,5.71523,1.7597e+07,1
eg_all_s,5.71529,1.75794e+07,1
eg_all_s,5.71532,1.75618e+07,1
eg_all_s,5.71538,1.75443e+07,1
eg_all_s,5.71541,1.75267e+07,1
eg_all_s,5.71548,1.75092e+07,1
eg_all_s,5.71551,1.74917e+07,1
eg_all_s,5.71557,1.74742e+07,1
eg_all_s,5.7156,1.74567e+07,1
eg_all_s,5.71566,1.74393e+07,1
eg_all_s,5.71569,1.74218e+07,1
eg_all_s,5.71575,1.74044e+07,1
eg_all_s,5.71578,1.7387e+07,1
eg_all_s,5.71584,1.73696e+07,1
eg_all_s,5.71587,1.73523e+07,1
eg_all_s,5.71593,1.73349e+07,1
eg_all_s,5.71596,1.73176e+07,1
eg_all_s,5.71602,1.73002e+07,1
eg_all_s,5.71605,1.72829e+07,1
eg_all_s,5.71611,1.72657e+07,1
eg_all_s,5.71614,1.72484e+07,1
eg_all_s,5.7162,1.72311e+07,1
eg_all_s,5.71623,1.72139e+07,1
eg_all_s,5.71629,1.71967e+07,1
eg_all_s,5.71632,1.71795e+07,1
eg_all_s,5.71638,1.71623e+07,1
eg_all_s,5.71641,1.71452e+07,1
eg_all_s,5.71648,1.7128e+07,1
eg_all_s,5.71651,1.71109e+07,1
eg_all_s,5.71657,1.70938e+07,1
eg_all_s,5.7166,1.70767e+07,1
eg_all_s,5.71666,1.70596e+07,1
eg_all_s,5.71669,1.70425e+07,1
eg_all_s,5.71675,1.70255e+07,1
eg_all_s,5.71678,1.70085e+07,1
eg_all_s,5.71684,1.69915e+07,1
eg_all_s,5.71687,1.69745e+07,1
eg_all_s,5.71693,1.69575e+07,1
eg_all_s,5.71696,1.69405e+07,1
eg_all_s,5.71702,1.69236e+07,1
eg_all_s,5.71705,1.69067e+07,1
eg_all_s,5.71711,1.68898e+07,1
eg_all_s,5.71714,1.68729e+07,1
eg_all_s,5.7172,1.6856e+07,1
eg_all_s,5.71723,1.68392e+07,1
eg_all_s,5.71729,1.68223e+07,1
eg_all_s,5.71732,1.68055e+07,1
eg_all_s,5.71738,1.67887e+07,1
eg_all_s,5.71741,1.67719e+07,1
eg_all_s,5.71748,1.67551e+07,1
eg_all_s,5.71752,1.67384e+07,1
eg_all_s,5.71758,1.67216e+07,1
eg_all_s,5.71761,1.67049e+07,1
eg_all_s,5.71767,1.66882e+07,1
eg_all_s,5.7177,1.66715e+07,1
eg_all_s,5.71776,1.66548e+07,1
eg_all_s,5.71779,1.66382e+07,1
eg_all_s,5.71785,1.66216e+07,1
eg_all_s,5.71788,1.66049e+07,1
eg_all_s,5.71794,1.65883e+07,1
eg_all_s,5.71797,1.65717e+07,1
eg_all_s,5.71803,1.65552e+07,1
eg_all_s,5.71806,1.65386e+07,1
eg_all_s,5.71812,1.65221e+07,1
eg_all_s,5.71815,1.65056e+07,1
eg_all_s,5.71821,1.6489e+07,1
eg_all_s,5.71824,1.64726e+07,1
eg_all_s,5.7183,1.64561e+07,1
eg_all_s,5.71833,1.64396e+07,1
eg_all_s,5.71839,1.64232e+07,1
eg_all_s,5.71842,1.64068e+07,1
eg_all_s,5.71849,1.63904e+07,1
eg_all_s,5.71852,1.6374e+07,1
eg_all_s,5.71858,1.63576e+07,1
eg_all_s,5.71861,1.63412e+07,1
eg_all_s,5.71867,1.63249e+07,1
eg_all_s,5.7187,1.63086e+07,1
eg_all_s,5.71876,1.62923e+07,1
eg_all_s,5.71879,1.6276e+07,1
eg_all_s,5.71885,1.62597e+07,1
eg_all_s,5.71888,1.62434e+07,1
eg_all_s,5.71894,1.62272e+07,1
eg_all_s,5.71897,1.6211e+07,1
eg_all_s,5.71903,1.61948e+07,1
eg_all_s,5.71906,1.61786e+07,1
eg_all_s,5.71912,1.61624e+07,1
eg_all_s,5.71915,1.61462e+07,1
eg_all_s,5.71921,1.61301e+07,1
eg_all_s,5.71924,1.61139e+07,1
eg_all_s,5.7193,1.60978e+07,1
eg_all_s,5.71933,1.60817e+07,1
eg_all_s,5.71939,1.60656e+07,1
eg_all_s,5.71942,1.60496e+07,1
eg_all_s,5.71949,1.60335e+07,1
eg_all_s,5.71952,1.60175e+07,1
eg_all_s,5.71958,1.60015e+07,1
eg_all_s,5.71961,1.59855e+07,1
eg_all_s,5.71967,1.59695e+07,1
eg_all_s,5.7197,1.59535e+07,1
eg_all_s,5.71976,1.59376e+07,1
eg_all_s,5.71979,1.59216e+07,1
eg_all_s,5.71985,1.59057e+07,1
eg_all_s,5.71988,1.58898e+07,1
eg_all_s,5.71994,1.58739e+07,1
eg_all_s,5.71997,1.5858e+07,1
eg_all_s,5.72003,1.58422e+07,1
eg_all_s,5.72006,1.58263e+07,1
eg_all_s,5.72012,1.58105e+07,1
eg_all_s,5.72015,1.57947e+07,1
eg_all_s,5.72021,1.57789e+07,1
eg_all_s,5.72025,1.57631e+07,1
eg_all_s,5.72031,1.57474e+07,1
eg_all_s,5.72034,1.57316e+07,1
eg_all_s,5.7204,1.57159e+07,1
eg_all_s,5.72043,1.57002e+07,1
eg_all_s,5.7205,1.56845e+07,1
eg_all_s,5.72053,1.56688e+07,1
eg_all_s,5.72059,1.56531e+07,1
eg_all_s,5.72062,1.56375e+07,1
eg_all_s,5.72068,1.56218e+07,1
eg_all_s,5.72071,1.56062e+07,1
eg_all_s,5.72077,1.55906e+07,1
eg_all_s,5.7208,1.5575e+07,1
eg_all_s,5.72086,1.55594e+07,1
eg_all_s,5.72089,1.55439e+07,1
eg_all_s,5.72095,1.55283e+07,1
eg_all_s,5.72098,1.55128e+07,1
eg_all_s,5.72104,1.54973e+07,1
eg_all_s,5.72107,1.54818e+07,1
eg_all_s,5.72113,1.54663e+07,1
eg_all_s,5.72116,1.54508e+07,1
eg_all_s,5.72122,1.54354e+07,1
eg_all_s,5.72125,1.542e+07,1
eg_all_s,5.72131,1.54045e+07,1
eg_all_s,5.72134,1.53891e+07,1
eg_all_s,5.7214,1.53737e+07,1
eg_all_s,5.72143,1.53584e+07,1
eg_all_s,5.72149,1.5343e+07,1
eg_all_s,5.72153,1.53277e+07,1
eg_all_s,5.72159,1.53123e+07,1
eg_all_s,5.72162,1.5297e+07,1
eg_all_s,5.72168,1.52817e+07,1
eg_all_s,5.72171,1.52664e+07,1
eg_all_s,5.72177,1.52512e+07,1
eg_all_s,5.7218,1.52359e+07,1
eg_all_s,5.72186,1.52207e+07,1
eg_all_s,5.72189,1.52055e+07,1
eg_all_s,5.72195,1.51903e+07,1
eg_all_s,5.72198,1.51751e+07,1
eg_all_s,5.72204,1.51599e+07,1
eg_all_s,5.72207,1.51447e+07,1
eg_all_s,5.72213,1.51296e+07,1
eg_all_s,5.72216,1.51145e+07,1
eg_all_s,5.72222,1.50994e+07,1
eg_all_s,5.72225,1.50843e+07,1
eg_all_s,5.72231,1.50692e+07,1
eg_all_s,5.72234,1.50541e+07,1
eg_all_s,5.7224,1.5039e+07,1
eg_all_s,5.72243,1.5024e+07,1
eg_all_s,5.7225,1.5009e+07,1
eg_all_s,5.72253,1.4994e+07,1
eg_all_s,5.72259,1.4979e+07,1
eg_all_s,5.72262,1.4964e+07,1
eg_all_s,5.72268,1.4949e+07,1
eg_all_s,5.72271,1.49341e+07,1
eg_all_s,5.72277,1.49192e+07,1
eg_all_s,5.7228,1.49042e+07,1
eg_all_s,5.72286,1.48893e+07,1
eg_all_s,5.72289,1.48744e+07,1
eg_all_s,5.72295,1.48596e+07,1
eg_all_s,5.72298,1.48447e+07,1
eg_all_s,5.72304,1.48299e+07,1
eg_all_s,5.72307,1.4815e+07,1
eg_all_s,5.72313,1.48002e+07,1
eg_all_s,5.72316,1.47854e+07,1
eg_all_s,5.72322,1.47706e+07,1
eg_all_s,5.72325,1.47559e+07,1
eg_all_s,5.72331,1.47411e+07,1
eg_all_s,5.72334,1.47264e+07,1
eg_all_s,5.7234,1.47116e+07,1
eg_all_s,5.72343,1.46969e+07,1
eg_all_s,5.7235,1.46822e+07,1
eg_all_s,5.72353,1.46675e+07,1
eg_all_s,5.72359,1.46529e+07,1
eg_all_s,5.72362,1.46382e+07,1
eg_all_s,5.72368,1.46236e+07,1
eg_all_s,5.72371,1.4609e+07,1
eg_all_s,5.72377,1.45944e+07,1
eg_all_s,5.7238,1.45798e+07,1
eg_all_s,5.72386,1.45652e+07,1
eg_all_s,5.72389,1.45506e+07,1
eg_all_s,5.72395,1.45361e+07,1
eg_all_s,5.72398,1.45215e+07,1
eg_all_s,5.72404,1.4507e+07,1
eg_all_s,5.72407,1.44925e+07,1
eg_all_s,5.72413,1.4478e+07,1
eg_all_s,5.72416,1.44635e+07,1
eg_all_s,5.72422,1.44491e+07,1
eg_all_s,5.72425,1.44346e+07,1
eg_all_s,5.72431,1.44202e+07,1
eg_all_s,5.72434,1.44058e+07,1
eg_all_s,5.7244,1.43914e+07,1
eg_all_s,5.72443,1.4377e+07,1
eg_all_s,5.7245,1.43626e+07,1
eg_all_s,5.72453,1.43482e+07,1
eg_all_s,5.72459,1.43339e+07,1
eg_all_s,5.72462,1.43195e+07,1
eg_all_s,5.72468,1.43052e+07,1
eg_all_s,5.72471,1.42909e+07,1
eg_all_s,5.72477,1.42766e+07,1
eg_all_s,5.7248,1.42623e+07,1
eg_all_s,5.72486,1.42481e+07,1
eg_all_s,5.72489,1.42338e+07,1
eg_all_s,5.72495,1.42196e+07,1
eg_all_s,5.72498,1.42054e+07,1
eg_all_s,5.72504,1.41912e+07,1
eg_all_s,5.72507,1.4177e+07,1
eg_all_s,5.72513,1.41628e+07,1
eg_all_s,5.72516,1.41486e+07,1
eg_all_s,5.72522,1.41345e+07,1
eg_all_s,5.72525,1.41204e+07,1
eg_all_s,5.72531,1.41062e+07,1
eg_all_s,5.72535,1.40921e+07,1
eg_all_s,5.7254,1.4078e+07,1
eg_all_s,5.72544,1.4064e+07,1
eg_all_s,5.7255,1.40499e+07,1
eg_all_s,5.72554,1.40358e+07,1
eg_all_s,5.72559,1.40218e+07,1
eg_all_s,5.72563,1.40078e+07,1
eg_all_s,5.72569,1.39938e+07,1
eg_all_s,5.72572,1.39798e+07,1
eg_all_s,5.72578,1.39658e+07,1
eg_all_s,5.72581,1.39518e+07,1
eg_all_s,5.72586,1.39379e+07,1
eg_all_s,5.72589,1.3924e+07,1
eg_all_s,5.72595,1.391e+07,1
eg_all_s,5.72599,1.38961e+07,1
eg_all_s,5.72604,1.38822e+07,1
eg_all_s,5.72608,1.38683e+07,1
eg_all_s,5.72614,1.38545e+07,1
eg_all_s,5.72617,1.38406e+07,1
eg_all_s,5.72623,1.38268e+07,1
eg_all_s,5.72626,1.3813e+07,1
eg_all_s,5.72632,1.37991e+07,1
eg_all_s,5.72635,1.37853e+07,1
eg_all_s,5.72641,1.37716e+07,1
eg_all_s,5.72645,1.37578e+07,1
eg_all_s,5.72651,1.3744e+07,1
eg_all_s,5.72654,1.37303e+07,1
eg_all_s,5.7266,1.37165e+07,1
eg_all_s,5.72663,1.37028e+07,1
eg_all_s,5.72669,1.36891e+07,1
eg_all_s,5.72672,1.36754e+07,1
eg_all_s,5.72678,1.36618e+07,1
eg_all_s,5.72681,1.36481e+07,1
eg_all_s,5.72687,1.36345e+07,1
eg_all_s,5.7269,1.36208e+07,1
eg_all_s,5.72696,1.36072e+07,1
eg_all_s,5.72699,1.35936e+07,1
eg_all_s,5.72705,1.358e+07,1
eg_all_s,5.72708,1.35664e+07,1
eg_all_s,5.72714,1.35529e+07,1
eg_all_s,5.72717,1.35393e+07,1
eg_all_s,5.72723,1.35258e+07,1
eg_all_s,5.72726,1.35122e+07,1
eg_all_s,5.72732,1.34987e+07,1
eg_all_s,5.72735,1.34852e+07,1
eg_all_s,5.72741,1.34717e+07,1
eg_all_s,5.72745,1.34583e+07,1
eg_all_s,5.72751,1.34448e+07,1
eg_all_s,5.72754,1.34314e+07,1
eg_all_s,5.7276,1.34179e+07,1
eg_all_s,5.72763,1.34045e+07,1
eg_all_s,5.72769,1.33911e+07,1
eg_all_s,5.72772,1.33777e+07,1
eg_all_s,5.72778,1.33643e+07,1
eg_all_s,5.72781,1.3351e+07,1
eg_all_s,5.72787,1.33376e+07,1
eg_all_s,5.7279,1.33243e+07,1
eg_all_s,5.72796,1.3311e+07,1
eg_all_s,5.72799,1.32977e+07,1
eg_all_s,5.72805,1.32844e+07,1
eg_all_s,5.72808,1.32711e+07,1
eg_all_s,5.72814,1.32578e+07,1
eg_all_s,5.72817,1.32445e+07,1
eg_all_s,5.72823,1.32313e+07,1
eg_all_s,5.72826,1.32181e+07,1
eg_all_s,5.72832,1.32048e+07,1
eg_all_s,5.72835,1.31916e+07,1
eg_all_s,5.72841,1.31784e+07,1
eg_all_s,5.72845,1.31653e+07,1
eg_all_s,5.72851,1.31521e+07,1
eg_all_s,5.72854,1.3139e+07,1
eg_all_s,5.7286,1.31258e+07,1
eg_all_s,5.72864,1.31127e+07,1
eg_all_s,5.72869,1.30996e+07,1
eg_all_s,5.72873,1.30865e+07,1
eg_all_s,5.72878,1.30734e+07,1
eg_all_s,5.72882,1.30603e+07,1
eg_all_s,5.72887,1.30473e+07,1
eg_all_s,5.7289,1.30342e+07,1
eg_all_s,5.72896,1.30212e+07,1
eg_all_s,5.729,1.30082e+07,1
eg_all_s,5.72905,1.29951e+07,1
eg_all_s,5.72909,1.29821e+07,1
eg_all_s,5.72915,1.29692e+07,1
eg_all_s,5.72918,1.29562e+07,1
eg_all_s,5.72924,1.29432e+07,1
eg_all_s,5.72927,1.29303e+07,1
eg_all_s,5.72933,1.29174e+07,1
eg_all_s,5.72936,1.29044e+07,1
eg_all_s,5.72942,1.28915e+07,1
eg_all_s,5.72945,1.28787e+07,1
eg_all_s,5.72952,1.28658e+07,1
eg_all_s,5.72955,1.28529e+07,1
eg_all_s,5.72961,1.28401e+07,1
eg_all_s,5.72964,1.28272e+07,1
eg_all_s,5.7297,1.28144e+07,1
eg_all_s,5.72973,1.28016e+07,1
eg_all_s,5.72979,1.27888e+07,1
eg_all_s,5.72982,1.2776e+07,1
eg_all_s,5.72988,1.27632e+07,1
eg_all_s,5.72991,1.27504e+07,1
eg_all_s,5.72997,1.27377e+07,1
eg_all_s,5.73,1.2725e+07,1
eg_all_s,5.73006,1.27122e+07,1
eg_all_s,5.73009,1.26995e+07,1
eg_all_s,5.73015,1.26868e+07,1
eg_all_s,5.73018,1.26741e+07,1
eg_all_s,5.73024,1.26615e+07,1
eg_all_s,5.73027,1.26488e+07,1
eg_all_s,5.73033,1.26361e+07,1
eg_all_s,5.73036,1.26235e+07,1
eg_all_s,5.73042,1.26109e+07,1
eg_all_s,5.73046,1.25983e+07,1
eg_all_s,5.73052,1.25857e+07,1
eg_all_s,5.73055,1.25731e+07,1
eg_all_s,5.73061,1.25605e+07,1
eg_all_s,5.73064,1.2548e+07,1
eg_all_s,5.7307,1.25354e+07,1
eg_all_s,5.73073,1.25229e+07,1
eg_all_s,5.73079,1.25104e+07,1
eg_all_s,5.73082,1.24978e+07,1
eg_all_s,5.73088,1.24853e+07,1
eg_all_s,5.73091,1.24729e+07,1
eg_all_s,5.73097,1.24604e+07,1
eg_all_s,5.731,1.24479e+07,1
eg_all_s,5.73106,1.24355e+07,1
eg_all_s,5.73109,1.2423e+07,1
eg_all_s,5.73115,1.24106e+07,1
eg_all_s,5.73118,1.23982e+07,1
eg_all_s,5.73124,1.23858e+07,1
eg_all_s,5.73127,1.23734e+07,1
eg_all_s,5.73133,1.2361e+07,1
eg_all_s,5.73136,1.23487e+07,1
eg_all_s,5.73142,1.23363e+07,1
eg_all_s,5.73146,1.2324e+07,1
eg_all_s,5.73152,1.23117e+07,1
eg_all_s,5.73155,1.22994e+07,1
eg_all_s,5.73161,1.22871e+07,1
eg_all_s,5.73164,1.22748e+07,1
eg_all_s,5.7317,1.22625e+07,1
eg_all_s,5.73173,1.22502e+07,1
eg_all_s,5.73179,1.2238e+07,1
eg_all_s,5.73182,1.22258e+07,1
eg_all_s,5.73188,1.22135e+07,1
eg_all_s,5.73191,1.22013e+07,1
eg_all_s,5.73197,1.21891e+07,1
eg_all_s,5.732,1.21769e+07,1
eg_all_s,5.73206,1.21647e+07,1
eg_all_s,5.73209,1.21526e+07,1
eg_all_s,5.73215,1.21404e+07,1
eg_all_s,5.73218,1.21283e+07,1
eg_all_s,5.73224,1.21162e+07,1
eg_all_s,5.73227,1.2104e+07,1
eg_all_s,5.73233,1.20919e+07,1
eg_all_s,5.73236,1.20798e+07,1
eg_all_s,5.73242,1.20678e+07,1
eg_all_s,5.73246,1.20557e+07,1
eg_all_s,5.73252,1.20436e+07,1
eg_all_s,5.73255,1.20316e+07,1
eg_all_s,5.73261,1.20196e+07,1
eg_all_s,5.73264,1.20075e+07,1
eg_all_s,5.7327,1.19955e+07,1
eg_all_s,5.73273,1.19835e+07,1
eg_all_s,5.73279,1.19716e+07,1
eg_all_s,5.73282,1.19596e+07,1
eg_all_s,5.73288,1.19476e+07,1
eg_all_s,5.73291,1.19357e+07,1
eg_all_s,5.73297,1.19237e+07,1
eg_all_s,5.733,1.19118e+07,1
eg_all_s,5.73306,1.18999e+07,1
eg_all_s,5.73309,1.1888e+07,1
eg_all_s,5.73315,1.18761e+07,1
eg_all_s,5.73318,1.18642e+07,1
eg_all_s,5.73324,1.18524e+07,1
eg_all_s,5.73327,1.18405e+07,1
eg_all_s,5.73333,1.18287e+07,1
eg_all_s,5.73337,1.18169e+07,1
eg_all_s,5.73342,1.1805e+07,1
eg_all_s,5.73348,1.17932e+07,1
eg_all_s,5.73354,1.17814e+07,1
eg_all_s,5.73357,1.17697e+07,1
eg_all_s,5.73363,1.17579e+07,1
eg_all_s,5.73366,1.17461e+07,1
eg_all_s,5.73372,1.17344e+07,1
eg_all_s,5.73375,1.17227e+07,1
eg_all_s,5.73381,1.17109e+07,1
eg_all_s,5.73384,1.16992e+07,1
eg_all_s,5.7339,1.16875e+07,1
eg_all_s,5.73394,1.16758e+07,1
eg_all_s,5.734,1.16642e+07,1
eg_all_s,5.73403,1.16525e+07,1
eg_all_s,5.73408,1.16408e+07,1
eg_all_s,5.73412,1.16292e+07,1
eg_all_s,5.73418,1.16176e+07,1
eg_all_s,5.73421,1.1606e+07,1
eg_all_s,5.73427,1.15943e+07,1
eg_all_s,5.7343,1.15828e+07,1
eg_all_s,5.73436,1.15712e+07,1
eg_all_s,5.73439,1.15596e+07,1
eg_all_s,5.73445,1.1548e+07,1
eg_all_s,5.73449,1.15365e+07,1
eg_all_s,5.73455,1.1525e+07,1
eg_all_s,5.73458,1.15134e+07,1
eg_all_s,5.73464,1.15019e+07,1
eg_all_s,5.73467,1.14904e+07,1
eg_all_s,5.73473,1.14789e+07,1
eg_all_s,5.73476,1.14674e+07,1
eg_all_s,5.73482,1.1456e+07,1
eg_all_s,5.73485,1.14445e+07,1
eg_all_s,5.73491,1.14331e+07,1
eg_all_s,5.73494,1.14216e+07,1
eg_all_s,5.735,1.14102e+07,1
eg_all_s,5.73503,1.13988e+07,1
eg_all_s,5.73509,1.13874e+07,1
eg_all_s,5.73512,1.1376e+07,1
eg_all_s,5.73518,1.13646e+07,1
eg_all_s,5.73521,1.13533e+07,1
eg_all_s,5.73527,1.13419e+07,1
eg_all_s,5.7353,1.13306e+07,1
eg_all_s,5.73536,1.13193e+07,1
eg_all_s,5.73539,1.13079e+07,1
eg_all_s,5.73546,1.12966e+07,1
eg_all_s,5.73549,1.12853e+07,1
eg_all_s,5.73555,1.1274e+07,1
eg_all_s,5.73558,1.12628e+07,1
eg_all_s,5.73564,1.12515e+07,1
eg_all_s,5.73567,1.12403e+07,1
eg_all_s,5.73573,1.1229e+07,1
eg_all_s,5.73576,1.12178e+07,1
eg_all_s,5.73582,1.12066e+07,1
eg_all_s,5.73585,1.11954e+07,1
eg_all_s,5.73591,1.11842e+07,1
eg_all_s,5.73594,1.1173e+07,1
eg_all_s,5.736,1.11618e+07,1
eg_all_s,5.73603,1.11507e+07,1
eg_all_s,5.73609,1.11395e+07,1
eg_all_s,5.73612,1.11284e+07,1
eg_all_s,5.73618,1.11172e+07,1
eg_all_s,5.73621,1.11061e+07,1
eg_all_s,5.73627,1.1095e+07,1
eg_all_s,5.7363,1.10839e+07,1
eg_all_s,5.73636,1.10728e+07,1
eg_all_s,5.73639,1.10618e+07,1
eg_all_s,5.73646,1.10507e+07,1
eg_all_s,5.73649,1.10396e+07,1
eg_all_s,5.73655,1.10286e+07,1
eg_all_s,5.73658,1.10176e+07,1
eg_all_s,5.73664,1.10066e+07,1
eg_all_s,5.73667,1.09956e+07,1
eg_all_s,5.73673,1.09846e+07,1
eg_all_s,5.73676,1.09736e+07,1
eg_all_s,5.73682,1.09626e+07,1
eg_all_s,5.73685,1.09516e+07,1
eg_all_s,5.73691,1.09407e+07,1
eg_all_s,5.73694,1.09297e+07,1
eg_all_s,5.737,1.09188e+07,1
eg_all_s,5.73703,1.09079e+07,1
eg_all_s,5.73709,1.0897e+07,1
eg_all_s,5.73712,1.08861e+07,1
eg_all_s,5.73718,1.08752e+07,1
eg_all_s,5.73721,1.08643e+07,1
eg_all_s,5.73727,1.08535e+07,1
eg_all_s,5.7373,1.08426e+07,1
eg_all_s,5.73736,1.08318e+07,1
eg_all_s,5.73739,1.08209e+07,1
eg_all_s,5.73746,1.08101e+07,1
eg_all_s,5.7375,1.07993e+07,1
eg_all_s,5.73756,1.07885e+07,1
eg_all_s,5.73759,1.07777e+07,1
eg_all_s,5.73765,1.07669e+07,1
eg_all_s,5.73768,1.07562e+07,1
eg_all_s,5.73774,1.07454e+07,1
eg_all_s,5.73777,1.07347e+07,1
eg_all_s,5.73783,1.07239e+07,1
eg_all_s,5.73786,1.07132e+07,1
eg_all_s,5.73792,1.07025e+07,1
eg_all_s,5.73795,1.06918e+07,1
eg_all_s,5.73801,1.06811e+07,1
eg_all_s,5.73804,1.06704e+07,1
eg_all_s,5.7381,1.06597e+07,1
eg_all_s,5.73813,1.06491e+07,1
eg_all_s,5.73819,1.06384e+07,1
eg_all_s,5.73822,1.06278e+07,1
eg_all_s,5.73828,1.06172e+07,1
eg_all_s,5.73831,1.06066e+07,1
eg_all_s,5.73837,1.05959e+07,1
eg_all_s,5.7384,1.05854e+07,1
eg_all_s,5.73847,1.05748e+07,1
eg_all_s,5.7385,1.05642e+07,1
eg_all_s,5.73856,1.05536e+07,1
eg_all_s,5.73859,1.05431e+07,1
eg_all_s,5.73865,1.05325e+07,1
eg_all_s,5.73868,1.0522e+07,1
eg_all_s,5.73874,1.05115e+07,1
eg_all_s,5.73877,1.0501e+07,1
eg_all_s,5.73883,1.04905e+07,1
eg_all_s,5.73886,1.048e+07,1
eg_all_s,5.73892,1.04695e+07,1
eg_all_s,5.73895,1.0459e+07,1
eg_all_s,5.73901,1.04486e+07,1
eg_all_s,5.73904,1.04381e+07,1
eg_all_s,5.7391,1.04277e+07,1
eg_all_s,5.73913,1.04173e+07,1
eg_all_s,5.73919,1.04068e+07,1
eg_all_s,5.73922,1.03964e+07,1
eg_all_s,5.73928,1.0386e+07,1
eg_all_s,5.73931,1.03756e+07,1
eg_all_s,5.73937,1.03653e+07,1
eg_all_s,5.7394,1.03549e+07,1
eg_all_s,5.73947,1.03445e+07,1
eg_all_s,5.7395,1.03342e+07,1
eg_all_s,5.73956,1.03239e+07,1
eg_all_s,5.73959,1.03135e+07,1
eg_all_s,5.73965,1.03032e+07,1
eg_all_s,5.73968,1.02929e+07,1
eg_all_s,5.73974,1.02826e+07,1
eg_all_s,5.73977,1.02724e+07,1
eg_all_s,5.73983,1.02621e+07,1
eg_all_s,5.73986,1.02518e+07,1
eg_all_s,5.73992,1.02416e+07,1
eg_all_s,5.73995,1.02313e+07,1
eg_all_s,5.74001,1.02211e+07,1
eg_all_s,5.74004,1.02109e+07,1
eg_all_s,5.7401,1.02007e+07,1
eg_all_s,5.74013,1.01905e+07,1
eg_all_s,5.74019,1.01803e+07,1
eg_all_s,5.74022,1.01701e+07,1
eg_all_s,5.74028,1.01599e+07,1
eg_all_s,5.74031,1.01498e+07,1
eg_all_s,5.74037,1.01396e+07,1
eg_all_s,5.74041,1.01295e+07,1
eg_all_s,5.74047,1.01193e+07,1
eg_all_s,5.74051,1.01092e+07,1
eg_all_s,5.74057,1.00991e+07,1
eg_all_s,5.7406,1.0089e+07,1
eg_all_s,5.74066,1.00789e+07,1
eg_all_s,5.74069,1.00688e+07,1
eg_all_s,5.74075,1.00588e+07,1
eg_all_s,5.74078,1.00487e+07,1
eg_all_s,5.74084,1.00387e+07,1
eg_all_s,5.74087,1.00286e+07,1
eg_all_s,5.74093,1.00186e+07,1
eg_all_s,5.74096,1.00086e+07,1
eg_all_s,5.74102,9.99857e+06,1
eg_all_s,5.74105,9.98857e+06,1
eg_all_s,5.74111,9.97858e+06,1
eg_all_s,5.74114,9.96861e+06,1
eg_all_s,5.7412,9.95864e+06,1
eg_all_s,5.74123,9.94868e+06,1
eg_all_s,5.74129,9.93873e+06,1
eg_all_s,5.74132,9.92879e+06,1
eg_all_s,5.74138,9.91886e+06,1
eg_all_s,5.74141,9.90894e+06,1
eg_all_s,5.74148,9.89903e+06,1
eg_all_s,5.74151,9.88913e+06,1
eg_all_s,5.74157,9.87925e+06,1
eg_all_s,5.7416,9.86937e+06,1
eg_all_s,5.74166,9.8595e+06,1
eg_all_s,5.74169,9.84964e+06,1
eg_all_s,5.74175,9.83979e+06,1
eg_all_s,5.74178,9.82995e+06,1
eg_all_s,5.74184,9.82012e+06,1
eg_all_s,5.74187,9.8103e+06,1
eg_all_s,5.74193,9.80049e+06,1
eg_all_s,5.74196,9.79069e+06,1
eg_all_s,5.74202,9.7809e+06,1
eg_all_s,5.74205,9.77111e+06,1
eg_all_s,5.74211,9.76134e+06,1
eg_all_s,5.74214,9.75158e+06,1
eg_all_s,5.7422,9.74183e+06,1
eg_all_s,5.74223,9.73209e+06,1
eg_all_s,5.74229,9.72236e+06,1
eg_all_s,5.74232,9.71263e+06,1
eg_all_s,5.74238,9.70292e+06,1
eg_all_s,5.74241,9.69322e+06,1
eg_all_s,5.74248,9.68352e+06,1
eg_all_s,5.74251,9.67384e+06,1
eg_all_s,5.74257,9.66417e+06,1
eg_all_s,5.7426,9.6545e+06,1
eg_all_s,5.74266,9.64485e+06,1
eg_all_s,5.74269,9.6352e+06,1
eg_all_s,5.74275,9.62557e+06,1
eg_all_s,5.74278,9.61594e+06,1
eg_all_s,5.74284,9.60633e+06,1
eg_all_s,5.74287,9.59672e+06,1
eg_all_s,5.74293,9.58712e+06,1
eg_all_s,5.74296,9.57754e+06,1
eg_all_s,5.74302,9.56796e+06,1
eg_all_s,5.74305,9.55839e+06,1
eg_all_s,5.74311,9.54883e+06,1
eg_all_s,5.74314,9.53928e+06,1
eg_all_s,5.7432,9.52974e+06,1
eg_all_s,5.74323,9.52021e+06,1
eg_all_s,5.74329,9.51069e+06,1
eg_all_s,5.74332,9.50118e+06,1
eg_all_s,5.74338,9.49168e+06,1
eg_all_s,5.74341,9.48219e+06,1
eg_all_s,5.74348,9.47271e+06,1
eg_all_s,5.74351,9.46323e+06,1
eg_all_s,5.74357,9.45377e+06,1
eg_all_s,5.74361,9.44432e+06,1
eg_all_s,5.74367,9.43487e+06,1
eg_all_s,5.7437,9.42544e+06,1
eg_all_s,5.74376,9.41601e+06,1
eg_all_s,5.74379,9.4066e+06,1
eg_all_s,5.74385,9.39719e+06,1
eg_all_s,5.74388,9.38779e+06,1
eg_all_s,5.74394,9.3784e+06,1
eg_all_s,5.74397,9.36903e+06,1
eg_all_s,5.74403,9.35966e+06,1
eg_all_s,5.74406,9.3503e+06,1
eg_all_s,5.74412,9.34095e+06,1
eg_all_s,5.74415,9.3316e+06,1
eg_all_s,5.74421,9.32227e+06,1
eg_all_s,5.74424,9.31295e+06,1
eg_all_s,5.7443,9.30364e+06,1
eg_all_s,5.74433,9.29433e+06,1
eg_all_s,5.74439,9.28504e+06,1
eg_all_s,5.74442,9.27575e+06,1
eg_all_s,5.74448,9.26648e+06,1
eg_all_s,5.74452,9.25721e+06,1
eg_all_s,5.74458,9.24795e+06,1
eg_all_s,5.74461,9.23871e+06,1
eg_all_s,5.74467,9.22947e+06,1
eg_all_s,5.7447,9.22024e+06,1
eg_all_s,5.74476,9.21102e+06,1
eg_all_s,5.74479,9.20181e+06,1
eg_all_s,5.74485,9.1926e+06,1
eg_all_s,5.74488,9.18341e+06,1
eg_all_s,5.74494,9.17423e+06,1
eg_all_s,5.74497,9.16505e+06,1
eg_all_s,5.74503,9.15589e+06,1
eg_all_s,5.74506,9.14673e+06,1
eg_all_s,5.74512,9.13759e+06,1
eg_all_s,5.74515,9.12845e+06,1
eg_all_s,5.74521,9.11932e+06,1
eg_all_s,5.74524,9.1102e+06,1
eg_all_s,5.7453,9.10109e+06,1
eg_all_s,5.74533,9.09199e+06,1
eg_all_s,5.74539,9.0829e+06,1
eg_all_s,5.74542,9.07381e+06,1
eg_all_s,5.74549,9.06474e+06,1
eg_all_s,5.74552,9.05568e+06,1
eg_all_s,5.74558,9.04662e+06,1
eg_all_s,5.74561,9.03757e+06,1
eg_all_s,5.74567,9.02854e+06,1
eg_all_s,5.7457,9.01951e+06,1
eg_all_s,5.74576,9.01049e+06,1
eg_all_s,5.74579,9.00148e+06,1
eg_all_s,5.74585,8.99247e+06,1
eg_all_s,5.74588,8.98348e+06,1
eg_all_s,5.74594,8.9745e+06,1
eg_all_s,5.74597,8.96552e+06,1
eg_all_s,5.74603,8.95656e+06,1
eg_all_s,5.74606,8.9476e+06,1
eg_all_s,5.74612,8.93865e+06,1
eg_all_s,5.74615,8.92972e+06,1
eg_all_s,5.74621,8.92079e+06,1
eg_all_s,5.74624,8.91186e+06,1
eg_all_s,5.7463,8.90295e+06,1
eg_all_s,5.74633,8.89405e+06,1
eg_all_s,5.74639,8.88516e+06,1
eg_all_s,5.74642,8.87627e+06,1
eg_all_s,5.74649,8.86739e+06,1
eg_all_s,5.74652,8.85853e+06,1
eg_all_s,5.74658,8.84967e+06,1
eg_all_s,5.74661,8.84082e+06,1
eg_all_s,5.74667,8.83198e+06,1
eg_all_s,5.7467,8.82314e+06,1
eg_all_s,5.74676,8.81432e+06,1
eg_all_s,5.74679,8.80551e+06,1
eg_all_s,5.74685,8.7967e+06,1
eg_all_s,5.74688,8.7879e+06,1
eg_all_s,5.74694,8.77912e+06,1
eg_all_s,5.74697,8.77034e+06,1
eg_all_s,5.74703,8.76157e+06,1
eg_all_s,5.74706,8.75281e+06,1
eg_all_s,5.74712,8.74405e+06,1
eg_all_s,5.74715,8.73531e+06,1
eg_all_s,5.74721,8.72657e+06,1
eg_all_s,5.74724,8.71785e+06,1
eg_all_s,5.7473,8.70913e+06,1
eg_all_s,5.74733,8.70042e+06,1
eg_all_s,5.74739,8.69172e+06,1
eg_all_s,5.74742,8.68303e+06,1
eg_all_s,5.74749,8.67434e+06,1
eg_all_s,5.74752,8.66567e+06,1
eg_all_s,5.74758,8.657e+06,1
eg_all_s,5.74761,8.64835e+06,1
eg_all_s,5.74767,8.6397e+06,1
eg_all_s,5.7477,8.63106e+06,1
eg_all_s,5.74776,8.62243e+06,1
eg_all_s,5.74779,8.6138e+06,1
eg_all_s,5.74785,8.60519e+06,1
eg_all_s,5.74788,8.59659e+06,1
eg_all_s,5.74794,8.58799e+06,1
eg_all_s,5.74797,8.5794e+06,1
eg_all_s,5.74803,8.57082e+06,1
eg_all_s,5.74806,8.56225e+06,1
eg_all_s,5.74812,8.55369e+06,1
eg_all_s,5.74815,8.54513e+06,1
eg_all_s,5.74821,8.53659e+06,1
eg_all_s,5.74824,8.52805e+06,1
eg_all_s,5.7483,8.51952e+06,1
eg_all_s,5.74833,8.511e+06,1
eg_all_s,5.74839,8.50249e+06,1
eg_all_s,5.74842,8.49399e+06,1
eg_all_s,5.74849,8.4855e+06,1
eg_all_s,5.74852,8.47701e+06,1
eg_all_s,5.74858,8.46853e+06,1
eg_all_s,5.74861,8.46006e+06,1
eg_all_s,5.74867,8.4516e+06,1
eg_all_s,5.7487,8.44315e+06,1
eg_all_s,5.74876,8.43471e+06,1
eg_all_s,5.74879,8.42628e+06,1
eg_all_s,5.74885,8.41785e+06,1
eg_all_s,5.74888,8.40943e+06,1
eg_all_s,5.74894,8.40102e+06,1
eg_all_s,5.74897,8.39262e+06,1
eg_all_s,5.74903,8.38423e+06,1
eg_all_s,5.74906,8.37584e+06,1
eg_all_s,5.74912,8.36747e+06,1
eg_all_s,5.74915,8.3591e+06,1
eg_all_s,5.74921,8.35074e+06,1
eg_all_s,5.74924,8.34239e+06,1
eg_all_s,5.7493,8.33405e+06,1
eg_all_s,5.74933,8.32571e+06,1
eg_all_s,5.74939,8.31739e+06,1
eg_all_s,5.74943,8.30907e+06,1
eg_all_s,5.74949,8.30076e+06,1
eg_all_s,5.74953,8.29246e+06,1
eg_all_s,5.74959,8.28417e+06,1
eg_all_s,5.74962,8.27588e+06,1
eg_all_s,5.74968,8.26761e+06,1
eg_all_s,5.74971,8.25934e+06,1
eg_all_s,5.74977,8.25108e+06,1
eg_all_s,5.7498,8.24283e+06,1
eg_all_s,5.74986,8.23459e+06,1
eg_all_s,5.74989,8.22635e+06,1
eg_all_s,5.74995,8.21812e+06,1
eg_all_s,5.74998,8.20991e+06,1
eg_all_s,5.75004,8.2017e+06,1
eg_all_s,5.75007,8.19349e+06,1
eg_all_s,5.75013,8.1853e+06,1
eg_all_s,5.75016,8.17712e+06,1
eg_all_s,5.75022,8.16894e+06,1
eg_all_s,5.75025,8.16077e+06,1
eg_all_s,5.75031,8.15261e+06,1
eg_all_s,5.75034,8.14446e+06,1
eg_all_s,5.7504,8.13631e+06,1
eg_all_s,5.75043,8.12817e+06,1
eg_all_s,5.7505,8.12005e+06,1
eg_all_s,5.75053,8.11193e+06,1
eg_all_s,5.75059,8.10381e+06,1
eg_all_s,5.75062,8.09571e+06,1
eg_all_s,5.75068,8.08761e+06,1
eg_all_s,5.75071,8.07953e+06,1
eg_all_s,5.75077,8.07145e+06,1
eg_all_s,5.7508,8.06338e+06,1
eg_all_s,5.75086,8.05531e+06,1
eg_all_s,5.75089,8.04726e+06,1
eg_all_s,5.75095,8.03921e+06,1
eg_all_s,5.75098,8.03117e+06,1
eg_all_s,5.75104,8.02314e+06,1
eg_all_s,5.75107,8.01512e+06,1
eg_all_s,5.75113,8.0071e+06,1
eg_all_s,5.75116,7.99909e+06,1
eg_all_s,5.75122,7.99109e+06,1
eg_all_s,5.75125,7.9831e+06,1
eg_all_s,5.75131,7.97512e+06,1
eg_all_s,5.75134,7.96714e+06,1
eg_all_s,5.7514,7.95918e+06,1
eg_all_s,5.75143,7.95122e+06,1
eg_all_s,5.7515,7.94327e+06,1
eg_all_s,5.75153,7.93532e+06,1
eg_all_s,5.75159,7.92739e+06,1
eg_all_s,5.75162,7.91946e+06,1
eg_all_s,5.75168,7.91154e+06,1
eg_all_s,5.75171,7.90363e+06,1
eg_all_s,5.75177,7.89572e+06,1
eg_all_s,5.7518,7.88783e+06,1
eg_all_s,5.75186,7.87994e+06,1
eg_all_s,5.75189,7.87206e+06,1
eg_all_s,5.75195,7.86419e+06,1
eg_all_s,5.75198,7.85632e+06,1
eg_all_s,5.75204,7.84847e+06,1
eg_all_s,5.75207,7.84062e+06,1
eg_all_s,5.75213,7.83278e+06,1
eg_all_s,5.75216,7.82495e+06,1
eg_all_s,5.75222,7.81712e+06,1
eg_all_s,5.75225,7.8093e+06,1
eg_all_s,5.75231,7.80149e+06,1
eg_all_s,5.75234,7.79369e+06,1
eg_all_s,5.7524,7.7859e+06,1
eg_all_s,5.75243,7.77811e+06,1
eg_all_s,5.7525,7.77033e+06,1
eg_all_s,5.75253,7.76256e+06,1
eg_all_s,5.75259,7.7548e+06,1
eg_all_s,5.75262,7.74705e+06,1
eg_all_s,5.75268,7.7393e+06,1
eg_all_s,5.75271,7.73156e+06,1
eg_all_s,5.75277,7.72383e+06,1
eg_all_s,5.7528,7.7161e+06,1
eg_all_s,5.75286,7.70839e+06,1
eg_all_s,5.75289,7.70068e+06,1
eg_all_s,5.75295,7.69298e+06,1
eg_all_s,5.75298,7.68529e+06,1
eg_all_s,5.75304,7.6776e+06,1
eg_all_s,5.75308,7.66992e+06,1
eg_all_s,5.75313,7.66225e+06,1
eg_all_s,5.75317,7.65459e+06,1
eg_all_s,5.75323,7.64694e+06,1
eg_all_s,5.75326,7.63929e+06,1
eg_all_s,5.75332,7.63165e+06,1
eg_all_s,5.75335,7.62402e+06,1
eg_all_s,5.7534,7.61639e+06,1
eg_all_s,5.75344,7.60878e+06,1
eg_all_s,5.7535,7.60117e+06,1
eg_all_s,5.75353,7.59357e+06,1
eg_all_s,5.75359,7.58597e+06,1
eg_all_s,5.75362,7.57839e+06,1
eg_all_s,5.75368,7.57081e+06,1
eg_all_s,5.75371,7.56324e+06,1
eg_all_s,5.75377,7.55567e+06,1
eg_all_s,5.7538,7.54812e+06,1
eg_all_s,5.75386,7.54057e+06,1
eg_all_s,5.75389,7.53303e+06,1
eg_all_s,5.75395,7.5255e+06,1
eg_all_s,5.75398,7.51797e+06,1
eg_all_s,5.75404,7.51045e+06,1
eg_all_s,5.75407,7.50294e+06,1
eg_all_s,5.75413,7.49544e+06,1
eg_all_s,5.75416,7.48794e+06,1
eg_all_s,5.75422,7.48046e+06,1
eg_all_s,5.75425,7.47298e+06,1
eg_all_s,5.75431,7.4655e+06,1
eg_all_s,5.75434,7.45804e+06,1
eg_all_s,5.7544,7.45058e+06,1
eg_all_s,5.75443,7.44313e+06,1
eg_all_s,5.7545,7.43568e+06,1
eg_all_s,5.75453,7.42825e+06,1
eg_all_s,5.75459,7.42082e+06,1
eg_all_s,5.75462,7.4134e+06,1
eg_all_s,5.75468,7.40599e+06,1
eg_all_s,5.75471,7.39858e+06,1
eg_all_s,5.75477,7.39118e+06,1
eg_all_s,5.7548,7.38379e+06,1
eg_all_s,5.75486,7.37641e+06,1
eg_all_s,5.75489,7.36903e+06,1
eg_all_s,5.75495,7.36166e+06,1
eg_all_s,5.75498,7.3543e+06,1
eg_all_s,5.75504,7.34694e+06,1
eg_all_s,5.75507,7.3396e+06,1
eg_all_s,5.75513,7.33226e+06,1
eg_all_s,5.75516,7.32493e+06,1
eg_all_s,5.75522,7.3176e+06,1
eg_all_s,5.75526,7.31028e+06,1
eg_all_s,5.75531,7.30297e+06,1
eg_all_s,5.75535,7.29567e+06,1
eg_all_s,5.75541,7.28837e+06,1
eg_all_s,5.75544,7.28108e+06,1
eg_all_s,5.75551,7.2738e+06,1
eg_all_s,5.75554,7.26653e+06,1
eg_all_s,5.7556,7.25926e+06,1
eg_all_s,5.75563,7.252e+06,1
eg_all_s,5.75569,7.24475e+06,1
eg_all_s,5.75572,7.23751e+06,1
eg_all_s,5.75578,7.23027e+06,1
eg_all_s,5.75581,7.22304e+06,1
eg_all_s,5.75587,7.21582e+06,1
eg_all_s,5.7559,7.2086e+06,1
eg_all_s,5.75596,7.20139e+06,1
eg_all_s,5.75599,7.19419e+06,1
eg_all_s,5.75605,7.187e+06,1
eg_all_s,5.75608,7.17981e+06,1
eg_all_s,5.75614,7.17263e+06,1
eg_all_s,5.75617,7.16546e+06,1
eg_all_s,5.75623,7.15829e+06,1
eg_all_s,5.75626,7.15113e+06,1
eg_all_s,5.75632,7.14398e+06,1
eg_all_s,5.75635,7.13684e+06,1
eg_all_s,5.75641,7.1297e+06,1
eg_all_s,5.75645,7.12257e+06,1
eg_all_s,5.75651,7.11545e+06,1
eg_all_s,5.75654,7.10833e+06,1
eg_all_s,5.7566,7.10122e+06,1
eg_all_s,5.75663,7.09412e+06,1
eg_all_s,5.75669,7.08703e+06,1
eg_all_s,5.75672,7.07994e+06,1
eg_all_s,5.75678,7.07286e+06,1
eg_all_s,5.75681,7.06579e+06,1
eg_all_s,5.75687,7.05872e+06,1
eg_all_s,5.7569,7.05166e+06,1
eg_all_s,5.75696,7.04461e+06,1
eg_all_s,5.75699,7.03757e+06,1
eg_all_s,5.75705,7.03053e+06,1
eg_all_s,5.75708,7.0235e+06,1
eg_all_s,5.75714,7.01647e+06,1
eg_all_s,5.75717,7.00946e+06,1
eg_all_s,5.75723,7.00245e+06,1
eg_all_s,5.75726,6.99545e+06,1
eg_all_s,5.75732,6.98845e+06,1
eg_all_s,5.75735,6.98146e+06,1
eg_all_s,5.75741,6.97448e+06,1
eg_all_s,5.75745,6.96751e+06,1
eg_all_s,5.75751,6.96054e+06,1
eg_all_s,5.75754,6.95358e+06,1
eg_all_s,5.7576,6.94662e+06,1
eg_all_s,5.75763,6.93968e+06,1
eg_all_s,5.75769,6.93274e+06,1
eg_all_s,5.75772,6.9258e+06,1
eg_all_s,5.75778,6.91888e+06,1
eg_all_s,5.75781,6.91196e+06,1
eg_all_s,5.75787,6.90505e+06,1
eg_all_s,5.7579,6.89814e+06,1
eg_all_s,5.75796,6.89124e+06,1
eg_all_s,5.75799,6.88435e+06,1
eg_all_s,5.75805,6.87747e+06,1
eg_all_s,5.75808,6.87059e+06,1
eg_all_s,5.75814,6.86372e+06,1
eg_all_s,5.75817,6.85686e+06,1
eg_all_s,5.75823,6.85e+06,1
eg_all_s,5.75826,6.84315e+06,1
eg_all_s,5.75832,6.83631e+06,1
eg_all_s,5.75835,6.82947e+06,1
eg_all_s,5.75841,6.82264e+06,1
eg_all_s,5.75845,6.81582e+06,1
eg_all_s,5.75851,6.809e+06,1
eg_all_s,5.75854,6.80219e+06,1
eg_all_s,5.7586,6.79539e+06,1
eg_all_s,5.75863,6.78859e+06,1
eg_all_s,5.75869,6.78181e+06,1
eg_all_s,5.75872,6.77502e+06,1
eg_all_s,5.75878,6.76825e+06,1
eg_all_s,5.75881,6.76148e+06,1
eg_all_s,5.75887,6.75472e+06,1
eg_all_s,5.7589,6.74796e+06,1
eg_all_s,5.75896,6.74122e+06,1
eg_all_s,5.75899,6.73447e+06,1
eg_all_s,5.75905,6.72774e+06,1
eg_all_s,5.75908,6.72101e+06,1
eg_all_s,5.75914,6.71429e+06,1
eg_all_s,5.75917,6.70758e+06,1
eg_all_s,5.75923,6.70087e+06,1
eg_all_s,5.75926,6.69417e+06,1
eg_all_s,5.75932,6.68747e+06,1
eg_all_s,5.75935,6.68079e+06,1
eg_all_s,5.75941,6.6741e+06,1
eg_all_s,5.75945,6.66743e+06,1
eg_all_s,5.75951,6.66076e+06,1
eg_all_s,5.75954,6.6541e+06,1
eg_all_s,5.7596,6.64745e+06,1
eg_all_s,5.75963,6.6408e+06,1
eg_all_s,5.75969,6.63416e+06,1
eg_all_s,5.75972,6.62753e+06,1
eg_all_s,5.75978,6.6209e+06,1
eg_all_s,5.75981,6.61428e+06,1
eg_all_s,5.75987,6.60766e+06,1
eg_all_s,5.7599,6.60105e+06,1
eg_all_s,5.75996,6.59445e+06,1
eg_all_s,5.75999,6.58786e+06,1
eg_all_s,5.76005,6.58127e+06,1
eg_all_s,5.76008,6.57469e+06,1
eg_all_s,5.76014,6.56811e+06,1
eg_all_s,5.76017,6.56155e+06,1
eg_all_s,5.76023,6.55498e+06,1
eg_all_s,5.76026,6.54843e+06,1
eg_all_s,5.76032,6.54188e+06,1
eg_all_s,5.76035,6.53534e+06,1
eg_all_s,5.76041,6.5288e+06,1
eg_all_s,5.76045,6.52227e+06,1
eg_all_s,5.76052,6.51575e+06,1
eg_all_s,5.76055,6.50924e+06,1
eg_all_s,5.76061,6.50273e+06,1
eg_all_s,5.76064,6.49622e+06,1
eg_all_s,5.7607,6.48973e+06,1
eg_all_s,5.76073,6.48324e+06,1
eg_all_s,5.76079,6.47675e+06,1
eg_all_s,5.76082,6.47028e+06,1
eg_all_s,5.76088,6.46381e+06,1
eg_all_s,5.76091,6.45734e+06,1
eg_all_s,5.76097,6.45089e+06,1
eg_all_s,5.761,6.44444e+06,1
eg_all_s,5.76106,6.43799e+06,1
eg_all_s,5.76109,6.43155e+06,1
eg_all_s,5.76115,6.42512e+06,1
eg_all_s,5.76118,6.4187e+06,1
eg_all_s,5.76124,6.41228e+06,1
eg_all_s,5.76127,6.40586e+06,1
eg_all_s,5.76133,6.39946e+06,1
eg_all_s,5.76136,6.39306e+06,1
eg_all_s,5.76142,6.38667e+06,1
eg_all_s,5.76146,6.38028e+06,1
eg_all_s,5.76152,6.3739e+06,1
eg_all_s,5.76155,6.36752e+06,1
eg_all_s,5.76161,6.36116e+06,1
eg_all_s,5.76164,6.3548e+06,1
eg_all_s,5.7617,6.34844e+06,1
eg_all_s,5.76173,6.34209e+06,1
eg_all_s,5.76179,6.33575e+06,1
eg_all_s,5.76182,6.32941e+06,1
eg_all_s,5.76188,6.32308e+06,1
eg_all_s,5.76191,6.31676e+06,1
eg_all_s,5.76197,6.31044e+06,1
eg_all_s,5.76201,6.30413e+06,1
eg_all_s,5.76207,6.29783e+06,1
eg_all_s,5.7621,6.29153e+06,1
eg_all_s,5.76216,6.28524e+06,1
eg_all_s,5.76219,6.27896e+06,1
eg_all_s,5.76225,6.27268e+06,1
eg_all_s,5.76228,6.2664e+06,1
eg_all_s,5.76234,6.26014e+06,1
eg_all_s,5.76237,6.25388e+06,1
eg_all_s,5.76243,6.24762e+06,1
eg_all_s,5.76247,6.24138e+06,1
eg_all_s,5.76253,6.23513e+06,1
eg_all_s,5.76256,6.2289e+06,1
eg_all_s,5.76262,6.22267e+06,1
eg_all_s,5.76265,6.21645e+06,1
eg_all_s,5.76271,6.21023e+06,1
eg_all_s,5.76274,6.20402e+06,1
eg_all_s,5.7628,6.19782e+06,1
eg_all_s,5.76283,6.19162e+06,1
eg_all_s,5.76289,6.18543e+06,1
eg_all_s,5.76292,6.17924e+06,1
eg_all_s,5.76298,6.17306e+06,1
eg_all_s,5.76301,6.16689e+06,1
eg_all_s,5.76307,6.16072e+06,1
eg_all_s,5.7631,6.15456e+06,1
eg_all_s,5.76316,6.14841e+06,1
eg_all_s,5.76319,6.14226e+06,1
eg_all_s,5.76325,6.13611e+06,1
eg_all_s,5.76328,6.12998e+06,1
eg_all_s,5.76334,6.12385e+06,1
eg_all_s,5.76337,6.11772e+06,1
eg_all_s,5.76343,6.11161e+06,1
eg_all_s,5.76347,6.10549e+06,1
eg_all_s,5.76353,6.09939e+06,1
eg_all_s,5.76356,6.09329e+06,1
eg_all_s,5.76362,6.0872e+06,1
eg_all_s,5.76365,6.08111e+06,1
eg_all_s,5.76371,6.07503e+06,1
eg_all_s,5.76374,6.06895e+06,1
eg_all_s,5.7638,6.06288e+06,1
eg_all_s,5.76383,6.05682e+06,1
eg_all_s,5.76389,6.05076e+06,1
eg_all_s,5.76392,6.04471e+06,1
eg_all_s,5.76398,6.03867e+06,1
eg_all_s,5.76401,6.03263e+06,1
eg_all_s,5.76407,6.0266e+06,1
eg_all_s,5.7641,6.02057e+06,1
eg_all_s,5.76416,6.01455e+06,1
eg_all_s,5.76419,6.00853e+06,1
eg_all_s,5.76425,6.00253e+06,1
eg_all_s,5.76428,5.99652e+06,1
eg_all_s,5.76434,5.99053e+06,1
eg_all_s,5.76437,5.98454e+06,1
eg_all_s,5.76443,5.97855e+06,1
eg_all_s,5.76447,5.97257e+06,1
eg_all_s,5.76453,5.9666e+06,1
eg_all_s,5.76456,5.96063e+06,1
eg_all_s,5.76462,5.95467e+06,1
eg_all_s,5.76465,5.94872e+06,1
eg_all_s,5.76471,5.94277e+06,1
eg_all_s,5.76474,5.93683e+06,1
eg_all_s,5.7648,5.93089e+06,1
eg_all_s,5.76483,5.92496e+06,1
eg_all_s,5.76489,5.91903e+06,1
eg_all_s,5.76493,5.91311e+06,1
eg_all_s,5.76498,5.9072e+06,1
eg_all_s,5.76502,5.90129e+06,1
eg_all_s,5.76507,5.89539e+06,1
eg_all_s,5.76511,5.8895e+06,1
eg_all_s,5.76517,5.88361e+06,1
eg_all_s,5.7652,5.87772e+06,1
eg_all_s,5.76526,5.87185e+06,1
eg_all_s,5.76529,5.86597e+06,1
eg_all_s,5.76535,5.86011e+06,1
eg_all_s,5.76538,5.85425e+06,1
eg_all_s,5.76544,5.84839e+06,1
eg_all_s,5.76548,5.84254e+06,1
eg_all_s,5.76553,5.8367e+06,1
eg_all_s,5.76556,5.83086e+06,1
eg_all_s,5.76562,5.82503e+06,1
eg_all_s,5.76566,5.81921e+06,1
eg_all_s,5.76571,5.81339e+06,1
eg_all_s,5.76574,5.80758e+06,1
eg_all_s,5.7658,5.80177e+06,1
eg_all_s,5.76583,5.79597e+06,1
eg_all_s,5.76589,5.79017e+06,1
eg_all_s,5.76592,5.78438e+06,1
eg_all_s,5.76598,5.7786e+06,1
eg_all_s,5.76602,5.77282e+06,1
eg_all_s,5.76608,5.76704e+06,1
eg_all_s,5.76611,5.76128e+06,1
eg_all_s,5.76617,5.75552e+06,1
eg_all_s,5.7662,5.74976e+06,1
eg_all_s,5.76626,5.74401e+06,1
eg_all_s,5.76629,5.73827e+06,1
eg_all_s,5.76634,5.73253e+06,1
eg_all_s,5.76638,5.72679e+06,1
eg_all_s,5.76643,5.72107e+06,1
eg_all_s,5.76647,5.71535e+06,1
eg_all_s,5.76654,5.70963e+06,1
eg_all_s,5.76657,5.70392e+06,1
eg_all_s,5.76663,5.69822e+06,1
eg_all_s,5.76666,5.69252e+06,1
eg_all_s,5.76672,5.68683e+06,1
eg_all_s,5.76675,5.68114e+06,1
eg_all_s,5.76681,5.67546e+06,1
eg_all_s,5.76684,5.66978e+06,1
eg_all_s,5.7669,5.66411e+06,1
eg_all_s,5.76693,5.65845e+06,1
eg_all_s,5.76699,5.65279e+06,1
eg_all_s,5.76702,5.64714e+06,1
eg_all_s,5.76708,5.64149e+06,1
eg_all_s,5.76711,5.63585e+06,1
eg_all_s,5.76717,5.63021e+06,1
eg_all_s,5.7672,5.62458e+06,1
eg_all_s,5.76726,5.61896e+06,1
eg_all_s,5.76729,5.61334e+06,1
eg_all_s,5.76735,5.60773e+06,1
eg_all_s,5.76738,5.60212e+06,1
eg_all_s,5.76745,5.59652e+06,1
eg_all_s,5.76748,5.59092e+06,1
eg_all_s,5.76754,5.58533e+06,1
eg_all_s,5.76757,5.57974e+06,1
eg_all_s,5.76763,5.57416e+06,1
eg_all_s,5.76766,5.56859e+06,1
eg_all_s,5.76772,5.56302e+06,1
eg_all_s,5.76775,5.55746e+06,1
eg_all_s,5.76782,5.5519e+06,1
eg_all_s,5.76785,5.54635e+06,1
eg_all_s,5.76791,5.5408e+06,1
eg_all_s,5.76794,5.53526e+06,1
eg_all_s,5.768,5.52972e+06,1
eg_all_s,5.76803,5.52419e+06,1
eg_all_s,5.76809,5.51867e+06,1
eg_all_s,5.76812,5.51315e+06,1
eg_all_s,5.76818,5.50764e+06,1
eg_all_s,5.76821,5.50213e+06,1
eg_all_s,5.76827,5.49663e+06,1
eg_all_s,5.7683,5.49113e+06,1
eg_all_s,5.76836,5.48564e+06,1
eg_all_s,5.76839,5.48015e+06,1
eg_all_s,5.76845,5.47467e+06,1
eg_all_s,5.76849,5.4692e+06,1
eg_all_s,5.76854,5.46373e+06,1
eg_all_s,5.76858,5.45827e+06,1
eg_all_s,5.76863,5.45281e+06,1
eg_all_s,5.76867,5.44735e+06,1
eg_all_s,5.76872,5.44191e+06,1
eg_all_s,5.76876,5.43647e+06,1
eg_all_s,5.76882,5.43103e+06,1
eg_all_s,5.76885,5.4256e+06,1
eg_all_s,5.7689,5.42017e+06,1
eg_all_s,5.76894,5.41475e+06,1
eg_all_s,5.769,5.40934e+06,1
eg_all_s,5.76903,5.40393e+06,1
eg_all_s,5.76909,5.39852e+06,1
eg_all_s,5.76912,5.39312e+06,1
eg_all_s,5.76918,5.38773e+06,1
eg_all_s,5.76921,5.38234e+06,1
eg_all_s,5.76927,5.37696e+06,1
eg_all_s,5.7693,5.37158e+06,1
eg_all_s,5.76936,5.36621e+06,1
eg_all_s,5.76939,5.36085e+06,1
eg_all_s,5.76945,5.35548e+06,1
eg_all_s,5.76949,5.35013e+06,1
eg_all_s,5.76955,5.34478e+06,1
eg_all_s,5.76958,5.33943e+06,1
eg_all_s,5.76964,5.33409e+06,1
eg_all_s,5.76967,5.32876e+06,1
eg_all_s,5.76973,5.32343e+06,1
eg_all_s,5.76976,5.31811e+06,1
eg_all_s,5.76982,5.31279e+06,1
eg_all_s,5.76985,5.30748e+06,1
eg_all_s,5.76991,5.30217e+06,1
eg_all_s,5.76994,5.29687e+06,1
eg_all_s,5.77,5.29157e+06,1
eg_all_s,5.77003,5.28628e+06,1
eg_all_s,5.77008,5.28099e+06,1
eg_all_s,5.77012,5.27571e+06,1
eg_all_s,5.77018,5.27044e+06,1
eg_all_s,5.77021,5.26516e+06,1
eg_all_s,5.77026,5.2599e+06,1
eg_all_s,5.7703,5.25464e+06,1
eg_all_s,5.77036,5.24938e+06,1
eg_all_s,5.77039,5.24414e+06,1
eg_all_s,5.77045,5.23889e+06,1
eg_all_s,5.77049,5.23365e+06,1
eg_all_s,5.77055,5.22842e+06,1
eg_all_s,5.77058,5.22319e+06,1
eg_all_s,5.77064,5.21797e+06,1
eg_all_s,5.77067,5.21275e+06,1
eg_all_s,5.77073,5.20754e+06,1
eg_all_s,5.77076,5.20233e+06,1
eg_all_s,5.77082,5.19713e+06,1
eg_all_s,5.77085,5.19193e+06,1
eg_all_s,5.77091,5.18674e+06,1
eg_all_s,5.77094,5.18155e+06,1
eg_all_s,5.771,5.17637e+06,1
eg_all_s,5.77103,5.17119e+06,1
eg_all_s,5.77109,5.16602e+06,1
eg_all_s,5.77112,5.16085e+06,1
eg_all_s,5.77118,5.15569e+06,1
eg_all_s,5.77121,5.15054e+06,1
eg_all_s,5.77127,5.14539e+06,1
eg_all_s,5.7713,5.14024e+06,1
eg_all_s,5.77136,5.1351e+06,1
eg_all_s,5.77139,5.12997e+06,1
eg_all_s,5.77146,5.12484e+06,1
eg_all_s,5.77149,5.11971e+06,1
eg_all_s,5.77155,5.11459e+06,1
eg_all_s,5.77158,5.10948e+06,1
eg_all_s,5.77164,5.10437e+06,1
eg_all_s,5.77167,5.09926e+06,1
eg_all_s,5.77173,5.09416e+06,1
eg_all_s,5.77176,5.08907e+06,1
eg_all_s,5.77182,5.08398e+06,1
eg_all_s,5.77185,5.0789e+06,1
eg_all_s,5.77191,5.07382e+06,1
eg_all_s,5.77194,5.06874e+06,1
eg_all_s,5.772,5.06367e+06,1
eg_all_s,5.77203,5.05861e+06,1
eg_all_s,5.77209,5.05355e+06,1
eg_all_s,5.77212,5.0485e+06,1
eg_all_s,5.77218,5.04345e+06,1
eg_all_s,5.77221,5.03841e+06,1
eg_all_s,5.77227,5.03337e+06,1
eg_all_s,5.7723,5.02833e+06,1
eg_all_s,5.77236,5.0233e+06,1
eg_all_s,5.77239,5.01828e+06,1
eg_all_s,5.77246,5.01326e+06,1
eg_all_s,5.77249,5.00825e+06,1
eg_all_s,5.77255,5.00324e+06,1
eg_all_s,5.77258,4.99824e+06,1
eg_all_s,5.77264,4.99324e+06,1
eg_all_s,5.77267,4.98825e+06,1
eg_all_s,5.77273,4.98326e+06,1
eg_all_s,5.77276,4.97827e+06,1
eg_all_s,5.77282,4.9733e+06,1
eg_all_s,5.77285,4.96832e+06,1
eg_all_s,5.77291,4.96335e+06,1
eg_all_s,5.77294,4.95839e+06,1
eg_all_s,5.773,4.95343e+06,1
eg_all_s,5.77303,4.94848e+06,1
eg_all_s,5.77309,4.94353e+06,1
eg_all_s,5.77312,4.93859e+06,1
eg_all_s,5.77318,4.93365e+06,1
eg_all_s,5.77321,4.92871e+06,1
eg_all_s,5.77327,4.92379e+06,1
eg_all_s,5.7733,4.91886e+06,1
eg_all_s,5.77336,4.91394e+06,1
eg_all_s,5.77339,4.90903e+06,1
eg_all_s,5.77346,4.90412e+06,1
eg_all_s,5.77349,4.89922e+06,1
eg_all_s,5.77355,4.89432e+06,1
eg_all_s,5.77358,4.88942e+06,1
eg_all_s,5.77364,4.88453e+06,1
eg_all_s,5.77367,4.87965e+06,1
eg_all_s,5.77373,4.87477e+06,1
eg_all_s,5.77376,4.86989e+06,1
eg_all_s,5.77382,4.86502e+06,1
eg_all_s,5.77386,4.86016e+06,1
eg_all_s,5.77392,4.8553e+06,1
eg_all_s,5.77395,4.85044e+06,1
eg_all_s,5.77401,4.84559e+06,1
eg_all_s,5.77404,4.84075e+06,1
eg_all_s,5.7741,4.8359e+06,1
eg_all_s,5.77413,4.83107e+06,1
eg_all_s,5.77419,4.82624e+06,1
eg_all_s,5.77422,4.82141e+06,1
eg_all_s,5.77428,4.81659e+06,1
eg_all_s,5.77431,4.81177e+06,1
eg_all_s,5.77437,4.80696e+06,1
eg_all_s,5.7744,4.80215e+06,1
eg_all_s,5.77447,4.79735e+06,1
eg_all_s,5.7745,4.79255e+06,1
eg_all_s,5.77456,4.78776e+06,1
eg_all_s,5.77459,4.78297e+06,1
eg_all_s,5.77465,4.77819e+06,1
eg_all_s,5.77468,4.77341e+06,1
eg_all_s,5.77474,4.76864e+06,1
eg_all_s,5.77477,4.76387e+06,1
eg_all_s,5.77483,4.75911e+06,1
eg_all_s,5.77486,4.75435e+06,1
eg_all_s,5.77492,4.74959e+06,1
eg_all_s,5.77495,4.74484e+06,1
eg_all_s,5.77501,4.7401e+06,1
eg_all_s,5.77504,4.73536e+06,1
eg_all_s,5.7751,4.73062e+06,1
eg_all_s,5.77513,4.72589e+06,1
eg_all_s,5.77519,4.72117e+06,1
eg_all_s,5.77522,4.71644e+06,1
eg_all_s,5.77528,4.71173e+06,1
eg_all_s,5.77531,4.70702e+06,1
eg_all_s,5.77537,4.70231e+06,1
eg_all_s,5.7754,4.69761e+06,1
eg_all_s,5.77547,4.69291e+06,1
eg_all_s,5.7755,4.68822e+06,1
eg_all_s,5.77556,4.68353e+06,1
eg_all_s,5.77559,4.67884e+06,1
eg_all_s,5.77565,4.67416e+06,1
eg_all_s,5.77568,4.66949e+06,1
eg_all_s,5.77574,4.66482e+06,1
eg_all_s,5.77577,4.66016e+06,1
eg_all_s,5.77583,4.6555e+06,1
eg_all_s,5.77586,4.65084e+06,1
eg_all_s,5.77592,4.64619e+06,1
eg_all_s,5.77595,4.64154e+06,1
eg_all_s,5.77601,4.6369e+06,1
eg_all_s,5.77604,4.63226e+06,1
eg_all_s,5.7761,4.62763e+06,1
eg_all_s,5.77613,4.623e+06,1
eg_all_s,5.77619,4.61838e+06,1
eg_all_s,5.77622,4.61376e+06,1
eg_all_s,5.77628,4.60915e+06,1
eg_all_s,5.77631,4.60454e+06,1
eg_all_s,5.77637,4.59993e+06,1
eg_all_s,5.7764,4.59533e+06,1
eg_all_s,5.77647,4.59074e+06,1
eg_all_s,5.7765,4.58615e+06,1
eg_all_s,5.77656,4.58156e+06,1
eg_all_s,5.77659,4.57698e+06,1
eg_all_s,5.77665,4.5724e+06,1
eg_all_s,5.77668,4.56783e+06,1
eg_all_s,5.77674,4.56326e+06,1
eg_all_s,5.77677,4.5587e+06,1
eg_all_s,5.77683,4.55414e+06,1
eg_all_s,5.77686,4.54959e+06,1
eg_all_s,5.77692,4.54504e+06,1
eg_all_s,5.77695,4.54049e+06,1
eg_all_s,5.77701,4.53595e+06,1
eg_all_s,5.77704,4.53142e+06,1
eg_all_s,5.7771,4.52688e+06,1
eg_all_s,5.77713,4.52236e+06,1
eg_all_s,5.77719,4.51783e+06,1
eg_all_s,5.77722,4.51332e+06,1
eg_all_s,5.77728,4.5088e+06,1
eg_all_s,5.77731,4.50429e+06,1
eg_all_s,5.77737,4.49979e+06,1
eg_all_s,5.7774,4.49529e+06,1
eg_all_s,5.77747,4.49079e+06,1
eg_all_s,5.7775,4.4863e+06,1
eg_all_s,5.77756,4.48182e+06,1
eg_all_s,5.77759,4.47734e+06,1
eg_all_s,5.77765,4.47286e+06,1
eg_all_s,5.77768,4.46838e+06,1
eg_all_s,5.77774,4.46392e+06,1
eg_all_s,5.77777,4.45945e+06,1
eg_all_s,5.77783,4.45499e+06,1
eg_all_s,5.77786,4.45054e+06,1
eg_all_s,5.77792,4.44609e+06,1
eg_all_s,5.77795,4.44164e+06,1
eg_all_s,5.77801,4.4372e+06,1
eg_all_s,5.77804,4.43276e+06,1
eg_all_s,5.7781,4.42833e+06,1
eg_all_s,5.77813,4.4239e+06,1
eg_all_s,5.77819,4.41948e+06,1
eg_all_s,5.77822,4.41506e+06,1
eg_all_s,5.77828,4.41064e+06,1
eg_all_s,5.77831,4.40623e+06,1
eg_all_s,5.77837,4.40182e+06,1
eg_all_s,5.7784,4.39742e+06,1
eg_all_s,5.77847,4.39303e+06,1
eg_all_s,5.7785,4.38863e+06,1
eg_all_s,5.77856,4.38424e+06,1
eg_all_s,5.7786,4.37986e+06,1
eg_all_s,5.77866,4.37548e+06,1
eg_all_s,5.77869,4.3711e+06,1
eg_all_s,5.77875,4.36673e+06,1
eg_all_s,5.77878,4.36237e+06,1
eg_all_s,5.77884,4.358e+06,1
eg_all_s,5.77887,4.35364e+06,1
eg_all_s,5.77893,4.34929e+06,1
eg_all_s,5.77896,4.34494e+06,1
eg_all_s,5.77902,4.3406e+06,1
eg_all_s,5.77905,4.33626e+06,1
eg_all_s,5.77911,4.33192e+06,1
eg_all_s,5.77914,4.32759e+06,1
eg_all_s,5.7792,4.32326e+06,1
eg_all_s,5.77923,4.31894e+06,1
eg_all_s,5.77929,4.31462e+06,1
eg_all_s,5.77932,4.3103e+06,1
eg_all_s,5.77938,4.30599e+06,1
eg_all_s,5.77941,4.30169e+06,1
eg_all_s,5.77948,4.29738e+06,1
eg_all_s,5.77951,4.29309e+06,1
eg_all_s,5.77957,4.28879e+06,1
eg_all_s,5.7796,4.2845e+06,1
eg_all_s,5.77966,4.28022e+06,1
eg_all_s,5.77969,4.27594e+06,1
eg_all_s,5.77975,4.27166e+06,1
eg_all_s,5.77978,4.26739e+06,1
eg_all_s,5.77984,4.26312e+06,1
eg_all_s,5.77987,4.25886e+06,1
eg_all_s,5.77993,4.2546e+06,1
eg_all_s,5.77996,4.25035e+06,1
eg_all_s,5.78002,4.2461e+06,1
eg_all_s,5.78005,4.24185e+06,1
eg_all_s,5.78011,4.23761e+06,1
eg_all_s,5.78014,4.23337e+06,1
eg_all_s,5.7802,4.22914e+06,1
eg_all_s,5.78023,4.22491e+06,1
eg_all_s,5.78029,4.22068e+06,1
eg_all_s,5.78032,4.21646e+06,1
eg_all_s,5.78038,4.21225e+06,1
eg_all_s,5.78041,4.20803e+06,1
eg_all_s,5.78048,4.20383e+06,1
eg_all_s,5.78051,4.19962e+06,1
eg_all_s,5.78057,4.19542e+06,1
eg_all_s,5.7806,4.19123e+06,1
eg_all_s,5.78066,4.18704e+06,1
eg_all_s,5.78069,4.18285e+06,1
eg_all_s,5.78075,4.17867e+06,1
eg_all_s,5.78078,4.17449e+06,1
eg_all_s,5.78084,4.17031e+06,1
eg_all_s,5.78087,4.16614e+06,1
eg_all_s,5.78093,4.16198e+06,1
eg_all_s,5.78096,4.15781e+06,1
eg_all_s,5.78102,4.15366e+06,1
eg_all_s,5.78105,4.1495e+06,1
eg_all_s,5.78111,4.14535e+06,1
eg_all_s,5.78114,4.14121e+06,1
eg_all_s,5.7812,4.13707e+06,1
eg_all_s,5.78123,4.13293e+06,1
eg_all_s,5.78129,4.12879e+06,1
eg_all_s,5.78132,4.12467e+06,1
eg_all_s,5.78138,4.12054e+06,1
eg_all_s,5.78141,4.11642e+06,1
eg_all_s,5.78148,4.1123e+06,1
eg_all_s,5.78151,4.10819e+06,1
eg_all_s,5.78157,4.10408e+06,1
eg_all_s,5.7816,4.09998e+06,1
eg_all_s,5.78166,4.09588e+06,1
eg_all_s,5.78169,4.09178e+06,1
eg_all_s,5.78175,4.08769e+06,1
eg_all_s,5.78178,4.0836e+06,1
eg_all_s,5.78184,4.07952e+06,1
eg_all_s,5.78187,4.07544e+06,1
eg_all_s,5.78193,4.07136e+06,1
eg_all_s,5.78196,4.06729e+06,1
eg_all_s,5.78202,4.06323e+06,1
eg_all_s,5.78205,4.05916e+06,1
eg_all_s,5.78211,4.0551e+06,1
eg_all_s,5.78214,4.05105e+06,1
eg_all_s,5.7822,4.047e+06,1
eg_all_s,5.78223,4.04295e+06,1
eg_all_s,5.78229,4.03891e+06,1
eg_all_s,5.78232,4.03487e+06,1
eg_all_s,5.78238,4.03083e+06,1
eg_all_s,5.78241,4.0268e+06,1
eg_all_s,5.78248,4.02277e+06,1
eg_all_s,5.78251,4.01875e+06,1
eg_all_s,5.78257,4.01473e+06,1
eg_all_s,5.7826,4.01072e+06,1
eg_all_s,5.78266,4.00671e+06,1
eg_all_s,5.78269,4.0027e+06,1
eg_all_s,5.78275,3.9987e+06,1
eg_all_s,5.78278,3.9947e+06,1
eg_all_s,5.78284,3.9907e+06,1
eg_all_s,5.78287,3.98671e+06,1
eg_all_s,5.78293,3.98273e+06,1
eg_all_s,5.78296,3.97874e+06,1
eg_all_s,5.78302,3.97476e+06,1
eg_all_s,5.78305,3.97079e+06,1
eg_all_s,5.78311,3.96682e+06,1
eg_all_s,5.78314,3.96285e+06,1
eg_all_s,5.7832,3.95889e+06,1
eg_all_s,5.78323,3.95493e+06,1
eg_all_s,5.78329,3.95098e+06,1
eg_all_s,5.78332,3.94702e+06,1
eg_all_s,5.78338,3.94308e+06,1
eg_all_s,5.78341,3.93913e+06,1
eg_all_s,5.78348,3.93519e+06,1
eg_all_s,5.78352,3.93126e+06,1
eg_all_s,5.78358,3.92733e+06,1
eg_all_s,5.78361,3.9234e+06,1
eg_all_s,5.78367,3.91948e+06,1
eg_all_s,5.7837,3.91556e+06,1
eg_all_s,5.78376,3.91164e+06,1
eg_all_s,5.78379,3.90773e+06,1
eg_all_s,5.78385,3.90382e+06,1
eg_all_s,5.78388,3.89992e+06,1
eg_all_s,5.78394,3.89602e+06,1
eg_all_s,5.78397,3.89212e+06,1
eg_all_s,5.78403,3.88823e+06,1
eg_all_s,5.78406,3.88434e+06,1
eg_all_s,5.78412,3.88046e+06,1
eg_all_s,5.78415,3.87658e+06,1
eg_all_s,5.78421,3.8727e+06,1
eg_all_s,5.78424,3.86883e+06,1
eg_all_s,5.7843,3.86496e+06,1
eg_all_s,5.78433,3.86109e+06,1
eg_all_s,5.78439,3.85723e+06,1
eg_all_s,5.78442,3.85337e+06,1
eg_all_s,5.78449,3.84952e+06,1
eg_all_s,5.78452,3.84567e+06,1
eg_all_s,5.78458,3.84183e+06,1
eg_all_s,5.78461,3.83798e+06,1
eg_all_s,5.78467,3.83415e+06,1
eg_all_s,5.7847,3.83031e+06,1
eg_all_s,5.78476,3.82648e+06,1
eg_all_s,5.78479,3.82265e+06,1
eg_all_s,5.78485,3.81883e+06,1
eg_all_s,5.78488,3.81501e+06,1
eg_all_s,5.78494,3.8112e+06,1
eg_all_s,5.78497,3.80739e+06,1
eg_all_s,5.78503,3.80358e+06,1
eg_all_s,5.78506,3.79978e+06,1
eg_all_s,5.78512,3.79598e+06,1
eg_all_s,5.78515,3.79218e+06,1
eg_all_s,5.78521,3.78839e+06,1
eg_all_s,5.78524,3.7846e+06,1
eg_all_s,5.7853,3.78081e+06,1
eg_all_s,5.78533,3.77703e+06,1
eg_all_s,5.78539,3.77326e+06,1
eg_all_s,5.78542,3.76948e+06,1
eg_all_s,5.78549,3.76571e+06,1
eg_all_s,5.78552,3.76195e+06,1
eg_all_s,5.78558,3.75819e+06,1
eg_all_s,5.78561,3.75443e+06,1
eg_all_s,5.78567,3.75067e+06,1
eg_all_s,5.7857,3.74692e+06,1
eg_all_s,5.78576,3.74317e+06,1
eg_all_s,5.78579,3.73943e+06,1
eg_all_s,5.78585,3.73569e+06,1
eg_all_s,5.78588,3.73196e+06,1
eg_all_s,5.78594,3.72822e+06,1
eg_all_s,5.78597,3.7245e+06,1
eg_all_s,5.78603,3.72077e+06,1
eg_all_s,5.78606,3.71705e+06,1
eg_all_s,5.78612,3.71333e+06,1
eg_all_s,5.78615,3.70962e+06,1
eg_all_s,5.78621,3.70591e+06,1
eg_all_s,5.78624,3.7022e+06,1
eg_all_s,5.7863,3.6985e+06,1
eg_all_s,5.78633,3.6948e+06,1
eg_all_s,5.78639,3.69111e+06,1
eg_all_s,5.78642,3.68742e+06,1
eg_all_s,5.78649,3.68373e+06,1
eg_all_s,5.78652,3.68005e+06,1
eg_all_s,5.78658,3.67637e+06,1
eg_all_s,5.78662,3.67269e+06,1
eg_all_s,5.78667,3.66902e+06,1
eg_all_s,5.78671,3.66535e+06,1
eg_all_s,5.78676,3.66168e+06,1
eg_all_s,5.7868,3.65802e+06,1
eg_all_s,5.78685,3.65436e+06,1
eg_all_s,5.78689,3.65071e+06,1
eg_all_s,5.78694,3.64706e+06,1
eg_all_s,5.78698,3.64341e+06,1
eg_all_s,5.78703,3.63977e+06,1
eg_all_s,5.78707,3.63613e+06,1
eg_all_s,5.78713,3.63249e+06,1
eg_all_s,5.78716,3.62886e+06,1
eg_all_s,5.78722,3.62523e+06,1
eg_all_s,5.78725,3.6216e+06,1
eg_all_s,5.7873,3.61798e+06,1
eg_all_s,5.78734,3.61436e+06,1
eg_all_s,5.7874,3.61075e+06,1
eg_all_s,5.78743,3.60714e+06,1
eg_all_s,5.78749,3.60353e+06,1
eg_all_s,5.78753,3.59993e+06,1
eg_all_s,5.78759,3.59633e+06,1
eg_all_s,5.78762,3.59273e+06,1
eg_all_s,5.78768,3.58914e+06,1
eg_all_s,5.78771,3.58555e+06,1
eg_all_s,5.78777,3.58196e+06,1
eg_all_s,5.7878,3.57838e+06,1
eg_all_s,5.78786,3.5748e+06,1
eg_all_s,5.78789,3.57123e+06,1
eg_all_s,5.78795,3.56766e+06,1
eg_all_s,5.78798,3.56409e+06,1
eg_all_s,5.78804,3.56052e+06,1
eg_all_s,5.78807,3.55696e+06,1
eg_all_s,5.78813,3.55341e+06,1
eg_all_s,5.78816,3.54985e+06,1
eg_all_s,5.78822,3.5463e+06,1
eg_all_s,5.78825,3.54276e+06,1
eg_all_s,5.78831,3.53921e+06,1
eg_all_s,5.78834,3.53567e+06,1
eg_all_s,5.7884,3.53214e+06,1
eg_all_s,5.78843,3.52861e+06,1
eg_all_s,5.7885,3.52508e+06,1
eg_all_s,5.78853,3.52155e+06,1
eg_all_s,5.78859,3.51803e+06,1
eg_all_s,5.78862,3.51451e+06,1
eg_all_s,5.78868,3.511e+06,1
eg_all_s,5.78871,3.50749e+06,1
eg_all_s,5.78877,3.50398e+06,1
eg_all_s,5.7888,3.50047e+06,1
eg_all_s,5.78886,3.49697e+06,1
eg_all_s,5.78889,3.49348e+06,1
eg_all_s,5.78895,3.48998e+06,1
eg_all_s,5.78898,3.48649e+06,1
eg_all_s,5.78904,3.48301e+06,1
eg_all_s,5.78907,3.47952e+06,1
eg_all_s,5.78913,3.47604e+06,1
eg_all_s,5.78916,3.47257e+06,1
eg_all_s,5.78922,3.4691e+06,1
eg_all_s,5.78925,3.46563e+06,1
eg_all_s,5.78931,3.46216e+06,1
eg_all_s,5.78934,3.4587e+06,1
eg_all_s,5.7894,3.45524e+06,1
eg_all_s,5.78943,3.45178e+06,1
eg_all_s,5.7895,3.44833e+06,1
eg_all_s,5.78953,3.44488e+06,1
eg_all_s,5.78959,3.44144e+06,1
eg_all_s,5.78962,3.438e+06,1
eg_all_s,5.78968,3.43456e+06,1
eg_all_s,5.78971,3.43112e+06,1
eg_all_s,5.78977,3.42769e+06,1
eg_all_s,5.7898,3.42427e+06,1
eg_all_s,5.78986,3.42084e+06,1
eg_all_s,5.78989,3.41742e+06,1
eg_all_s,5.78995,3.414e+06,1
eg_all_s,5.78998,3.41059e+06,1
eg_all_s,5.79004,3.40718e+06,1
eg_all_s,5.79007,3.40377e+06,1
eg_all_s,5.79013,3.40037e+06,1
eg_all_s,5.79016,3.39697e+06,1
eg_all_s,5.79022,3.39357e+06,1
eg_all_s,5.79026,3.39018e+06,1
eg_all_s,5.79032,3.38679e+06,1
eg_all_s,5.79035,3.3834e+06,1
eg_all_s,5.79041,3.38001e+06,1
eg_all_s,5.79045,3.37663e+06,1
eg_all_s,5.79051,3.37326e+06,1
eg_all_s,5.79054,3.36988e+06,1
eg_all_s,5.7906,3.36651e+06,1
eg_all_s,5.79063,3.36315e+06,1
eg_all_s,5.79069,3.35978e+06,1
eg_all_s,5.79072,3.35642e+06,1
eg_all_s,5.79078,3.35307e+06,1
eg_all_s,5.79081,3.34972e+06,1
eg_all_s,5.79087,3.34637e+06,1
eg_all_s,5.7909,3.34302e+06,1
eg_all_s,5.79096,3.33968e+06,1
eg_all_s,5.79099,3.33634e+06,1
eg_all_s,5.79105,3.333e+06,1
eg_all_s,5.79108,3.32967e+06,1
eg_all_s,5.79114,3.32634e+06,1
eg_all_s,5.79117,3.32301e+06,1
eg_all_s,5.79123,3.31969e+06,1
eg_all_s,5.79126,3.31637e+06,1
eg_all_s,5.79132,3.31305e+06,1
eg_all_s,5.79135,3.30974e+06,1
eg_all_s,5.79141,3.30643e+06,1
eg_all_s,5.79145,3.30312e+06,1
eg_all_s,5.79151,3.29982e+06,1
eg_all_s,5.79154,3.29652e+06,1
eg_all_s,5.7916,3.29322e+06,1
eg_all_s,5.79163,3.28993e+06,1
eg_all_s,5.79169,3.28664e+06,1
eg_all_s,5.79172,3.28335e+06,1
eg_all_s,5.79178,3.28007e+06,1
eg_all_s,5.79181,3.27679e+06,1
eg_all_s,5.79187,3.27351e+06,1
eg_all_s,5.7919,3.27024e+06,1
eg_all_s,5.79196,3.26697e+06,1
eg_all_s,5.79199,3.2637e+06,1
eg_all_s,5.79206,3.26044e+06,1
eg_all_s,5.79209,3.25718e+06,1
eg_all_s,5.79215,3.25392e+06,1
eg_all_s,5.79218,3.25066e+06,1
eg_all_s,5.79224,3.24741e+06,1
eg_all_s,5.79227,3.24417e+06,1
eg_all_s,5.79233,3.24092e+06,1
eg_all_s,5.79236,3.23768e+06,1
eg_all_s,5.79242,3.23444e+06,1
eg_all_s,5.79246,3.23121e+06,1
eg_all_s,5.79252,3.22798e+06,1
eg_all_s,5.79255,3.22475e+06,1
eg_all_s,5.79261,3.22152e+06,1
eg_all_s,5.79264,3.2183e+06,1
eg_all_s,5.7927,3.21508e+06,1
eg_all_s,5.79273,3.21187e+06,1
eg_all_s,5.79279,3.20866e+06,1
eg_all_s,5.79282,3.20545e+06,1
eg_all_s,5.79288,3.20224e+06,1
eg_all_s,5.79291,3.19904e+06,1
eg_all_s,5.79297,3.19584e+06,1
eg_all_s,5.793,3.19265e+06,1
eg_all_s,5.79306,3.18945e+06,1
eg_all_s,5.79309,3.18626e+06,1
eg_all_s,5.79315,3.18308e+06,1
eg_all_s,5.79318,3.17989e+06,1
eg_all_s,5.79324,3.17671e+06,1
eg_all_s,5.79327,3.17354e+06,1
eg_all_s,5.79333,3.17036e+06,1
eg_all_s,5.79336,3.16719e+06,1
eg_all_s,5.79342,3.16403e+06,1
eg_all_s,5.79346,3.16086e+06,1
eg_all_s,5.79352,3.1577e+06,1
eg_all_s,5.79355,3.15454e+06,1
eg_all_s,5.79361,3.15139e+06,1
eg_all_s,5.79364,3.14824e+06,1
eg_all_s,5.7937,3.14509e+06,1
eg_all_s,5.79373,3.14194e+06,1
eg_all_s,5.79379,3.1388e+06,1
eg_all_s,5.79382,3.13566e+06,1
eg_all_s,5.79388,3.13253e+06,1
eg_all_s,5.79391,3.12939e+06,1
eg_all_s,5.79397,3.12626e+06,1
eg_all_s,5.794,3.12314e+06,1
eg_all_s,5.79406,3.12001e+06,1
eg_all_s,5.79409,3.11689e+06,1
eg_all_s,5.79415,3.11378e+06,1
eg_all_s,5.79418,3.11066e+06,1
eg_all_s,5.79424,3.10755e+06,1
eg_all_s,5.79427,3.10444e+06,1
eg_all_s,5.79433,3.10134e+06,1
eg_all_s,5.79436,3.09824e+06,1
eg_all_s,5.79442,3.09514e+06,1
eg_all_s,5.79446,3.09205e+06,1
eg_all_s,5.79452,3.08895e+06,1
eg_all_s,5.79455,3.08586e+06,1
eg_all_s,5.79461,3.08278e+06,1
eg_all_s,5.79464,3.0797e+06,1
eg_all_s,5.7947,3.07662e+06,1
eg_all_s,5.79473,3.07354e+06,1
eg_all_s,5.79479,3.07047e+06,1
eg_all_s,5.79482,3.06739e+06,1
eg_all_s,5.79488,3.06433e+06,1
eg_all_s,5.79491,3.06126e+06,1
eg_all_s,5.79497,3.0582e+06,1
eg_all_s,5.795,3.05514e+06,1
eg_all_s,5.79506,3.05209e+06,1
eg_all_s,5.79509,3.04904e+06,1
eg_all_s,5.79515,3.04599e+06,1
eg_all_s,5.79518,3.04294e+06,1
eg_all_s,5.79524,3.0399e+06,1
eg_all_s,5.79527,3.03686e+06,1
eg_all_s,5.79533,3.03382e+06,1
eg_all_s,5.79536,3.03079e+06,1
eg_all_s,5.79542,3.02776e+06,1
eg_all_s,5.79546,3.02473e+06,1
eg_all_s,5.79552,3.0217e+06,1
eg_all_s,5.79555,3.01868e+06,1
eg_all_s,5.79561,3.01566e+06,1
eg_all_s,5.79564,3.01265e+06,1
eg_all_s,5.7957,3.00963e+06,1
eg_all_s,5.79573,3.00662e+06,1
eg_all_s,5.79579,3.00362e+06,1
eg_all_s,5.79582,3.00061e+06,1
eg_all_s,5.79588,2.99761e+06,1
eg_all_s,5.79591,2.99462e+06,1
eg_all_s,5.79597,2.99162e+06,1
eg_all_s,5.796,2.98863e+06,1
eg_all_s,5.79606,2.98564e+06,1
eg_all_s,5.79609,2.98265e+06,1
eg_all_s,5.79615,2.97967e+06,1
eg_all_s,5.79618,2.97669e+06,1
eg_all_s,5.79624,2.97371e+06,1
eg_all_s,5.79627,2.97074e+06,1
eg_all_s,5.79633,2.96777e+06,1
eg_all_s,5.79636,2.9648e+06,1
eg_all_s,5.79642,2.96184e+06,1
eg_all_s,5.79646,2.95888e+06,1
eg_all_s,5.79652,2.95592e+06,1
eg_all_s,5.79655,2.95296e+06,1
eg_all_s,5.79661,2.95001e+06,1
eg_all_s,5.79664,2.94706e+06,1
eg_all_s,5.7967,2.94411e+06,1
eg_all_s,5.79673,2.94117e+06,1
eg_all_s,5.79679,2.93822e+06,1
eg_all_s,5.79682,2.93529e+06,1
eg_all_s,5.79688,2.93235e+06,1
eg_all_s,5.79691,2.92942e+06,1
eg_all_s,5.79697,2.92649e+06,1
eg_all_s,5.797,2.92356e+06,1
eg_all_s,5.79706,2.92064e+06,1
eg_all_s,5.79709,2.91772e+06,1
eg_all_s,5.79715,2.9148e+06,1
eg_all_s,5.79718,2.91189e+06,1
eg_all_s,5.79724,2.90897e+06,1
eg_all_s,5.79727,2.90606e+06,1
eg_all_s,5.79733,2.90316e+06,1
eg_all_s,5.79736,2.90025e+06,1
eg_all_s,5.79742,2.89735e+06,1
eg_all_s,5.79752,2.89446e+06,1
eg_all_s,5.79758,2.89156e+06,1
eg_all_s,5.79761,2.88867e+06,1
eg_all_s,5.79767,2.88578e+06,1
eg_all_s,5.7977,2.8829e+06,1
eg_all_s,5.79776,2.88001e+06,1
eg_all_s,5.79779,2.87713e+06,1
eg_all_s,5.79785,2.87426e+06,1
eg_all_s,5.79788,2.87138e+06,1
eg_all_s,5.79794,2.86851e+06,1
eg_all_s,5.79797,2.86564e+06,1
eg_all_s,5.79803,2.86278e+06,1
eg_all_s,5.79806,2.85991e+06,1
eg_all_s,5.79812,2.85705e+06,1
eg_all_s,5.79816,2.8542e+06,1
eg_all_s,5.79822,2.85134e+06,1
eg_all_s,5.79825,2.84849e+06,1
eg_all_s,5.79831,2.84564e+06,1
eg_all_s,5.79834,2.8428e+06,1
eg_all_s,5.7984,2.83995e+06,1
eg_all_s,5.79843,2.83711e+06,1
eg_all_s,5.7985,2.83428e+06,1
eg_all_s,5.79853,2.83144e+06,1
eg_all_s,5.79859,2.82861e+06,1
eg_all_s,5.79862,2.82578e+06,1
eg_all_s,5.79868,2.82295e+06,1
eg_all_s,5.79871,2.82013e+06,1
eg_all_s,5.79877,2.81731e+06,1
eg_all_s,5.7988,2.81449e+06,1
eg_all_s,5.79886,2.81168e+06,1
eg_all_s,5.79889,2.80887e+06,1
eg_all_s,5.79895,2.80606e+06,1
eg_all_s,5.79898,2.80325e+06,1
eg_all_s,5.79904,2.80045e+06,1
eg_all_s,5.79907,2.79765e+06,1
eg_all_s,5.79913,2.79485e+06,1
eg_all_s,5.79916,2.79206e+06,1
eg_all_s,5.79922,2.78926e+06,1
eg_all_s,5.79925,2.78647e+06,1
eg_all_s,5.79931,2.78369e+06,1
eg_all_s,5.79934,2.7809e+06,1
eg_all_s,5.7994,2.77812e+06,1
eg_all_s,5.79943,2.77534e+06,1
eg_all_s,5.7995,2.77257e+06,1
eg_all_s,5.79953,2.7698e+06,1
eg_all_s,5.79959,2.76703e+06,1
eg_all_s,5.79962,2.76426e+06,1
eg_all_s,5.79968,2.7615e+06,1
eg_all_s,5.79971,2.75873e+06,1
eg_all_s,5.79977,2.75597e+06,1
eg_all_s,5.7998,2.75322e+06,1
eg_all_s,5.79986,2.75047e+06,1
eg_all_s,5.79989,2.74772e+06,1
eg_all_s,5.79995,2.74497e+06,1
eg_all_s,5.79998,2.74222e+06,1
eg_all_s,5.80004,2.73948e+06,1
eg_all_s,5.80007,2.73674e+06,1
eg_all_s,5.80013,2.734e+06,1
eg_all_s,5.80016,2.73127e+06,1
eg_all_s,5.80022,2.72854e+06,1
eg_all_s,5.80025,2.72581e+06,1
eg_all_s,5.80031,2.72308e+06,1
eg_all_s,5.80034,2.72036e+06,1
eg_all_s,5.8004,2.71764e+06,1
eg_all_s,5.80043,2.71492e+06,1
eg_all_s,5.8005,2.71221e+06,1
eg_all_s,5.80053,2.70949e+06,1
eg_all_s,5.80059,2.70678e+06,1
eg_all_s,5.80062,2.70408e+06,1
eg_all_s,5.80068,2.70137e+06,1
eg_all_s,5.80071,2.69867e+06,1
eg_all_s,5.80077,2.69597e+06,1
eg_all_s,5.8008,2.69328e+06,1
eg_all_s,5.80086,2.69058e+06,1
eg_all_s,5.80089,2.68789e+06,1
eg_all_s,5.80095,2.68521e+06,1
eg_all_s,5.80098,2.68252e+06,1
eg_all_s,5.80104,2.67984e+06,1
eg_all_s,5.80107,2.67716e+06,1
eg_all_s,5.80113,2.67448e+06,1
eg_all_s,5.80116,2.67181e+06,1
eg_all_s,5.80122,2.66913e+06,1
eg_all_s,5.80125,2.66646e+06,1
eg_all_s,5.80131,2.6638e+06,1
eg_all_s,5.80134,2.66113e+06,1
eg_all_s,5.8014,2.65847e+06,1
eg_all_s,5.80143,2.65581e+06,1
eg_all_s,5.8015,2.65316e+06,1
eg_all_s,5.80153,2.65051e+06,1
eg_all_s,5.80159,2.64785e+06,1
eg_all_s,5.80162,2.64521e+06,1
eg_all_s,5.80168,2.64256e+06,1
eg_all_s,5.80171,2.63992e+06,1
eg_all_s,5.80177,2.63728e+06,1
eg_all_s,5.8018,2.63464e+06,1
eg_all_s,5.80186,2.63201e+06,1
eg_all_s,5.80189,2.62937e+06,1
eg_all_s,5.80195,2.62674e+06,1
eg_all_s,5.80198,2.62412e+06,1
eg_all_s,5.80204,2.62149e+06,1
eg_all_s,5.80207,2.61887e+06,1
eg_all_s,5.80213,2.61625e+06,1
eg_all_s,5.80216,2.61364e+06,1
eg_all_s,5.80222,2.61102e+06,1
eg_all_s,5.80225,2.60841e+06,1
eg_all_s,5.80231,2.6058e+06,1
eg_all_s,5.80234,2.6032e+06,1
eg_all_s,5.8024,2.60059e+06,1
eg_all_s,5.80243,2.59799e+06,1
eg_all_s,5.8025,2.5954e+06,1
eg_all_s,5.80253,2.5928e+06,1
eg_all_s,5.80259,2.59021e+06,1
eg_all_s,5.80262,2.58762e+06,1
eg_all_s,5.80268,2.58503e+06,1
eg_all_s,5.80271,2.58244e+06,1
eg_all_s,5.80277,2.57986e+06,1
eg_all_s,5.8028,2.57728e+06,1
eg_all_s,5.80286,2.5747e+06,1
eg_all_s,5.80289,2.57213e+06,1
eg_all_s,5.80295,2.56956e+06,1
eg_all_s,5.80298,2.56699e+06,1
eg_all_s,5.80304,2.56442e+06,1
eg_all_s,5.80307,2.56186e+06,1
eg_all_s,5.80313,2.55929e+06,1
eg_all_s,5.80316,2.55673e+06,1
eg_all_s,5.80322,2.55418e+06,1
eg_all_s,5.80325,2.55162e+06,1
eg_all_s,5.80331,2.54907e+06,1
eg_all_s,5.80334,2.54652e+06,1
eg_all_s,5.8034,2.54398e+06,1
eg_all_s,5.80343,2.54143e+06,1
eg_all_s,5.8035,2.53889e+06,1
eg_all_s,5.80353,2.53635e+06,1
eg_all_s,5.80359,2.53381e+06,1
eg_all_s,5.80362,2.53128e+06,1
eg_all_s,5.80368,2.52875e+06,1
eg_all_s,5.80371,2.52622e+06,1
eg_all_s,5.80377,2.52369e+06,1
eg_all_s,5.8038,2.52117e+06,1
eg_all_s,5.80386,2.51865e+06,1
eg_all_s,5.80389,2.51613e+06,1
eg_all_s,5.80395,2.51361e+06,1
eg_all_s,5.80398,2.5111e+06,1
eg_all_s,5.80404,2.50859e+06,1
eg_all_s,5.80407,2.50608e+06,1
eg_all_s,5.80413,2.50357e+06,1
eg_all_s,5.80416,2.50107e+06,1
eg_all_s,5.80423,2.49857e+06,1
eg_all_s,5.80426,2.49607e+06,1
eg_all_s,5.80432,2.49357e+06,1
eg_all_s,5.80435,2.49108e+06,1
eg_all_s,5.80441,2.48859e+06,1
eg_all_s,5.80445,2.4861e+06,1
eg_all_s,5.80451,2.48362e+06,1
eg_all_s,5.80454,2.48113e+06,1
eg_all_s,5.8046,2.47865e+06,1
eg_all_s,5.80463,2.47617e+06,1
eg_all_s,5.80469,2.4737e+06,1
eg_all_s,5.80472,2.47122e+06,1
eg_all_s,5.80478,2.46875e+06,1
eg_all_s,5.80481,2.46628e+06,1
eg_all_s,5.80487,2.46381e+06,1
eg_all_s,5.8049,2.46135e+06,1
eg_all_s,5.80496,2.45889e+06,1
eg_all_s,5.80499,2.45643e+06,1
eg_all_s,5.80505,2.45397e+06,1
eg_all_s,5.80508,2.45152e+06,1
eg_all_s,5.80514,2.44907e+06,1
eg_all_s,5.80517,2.44662e+06,1
eg_all_s,5.80523,2.44417e+06,1
eg_all_s,5.80526,2.44173e+06,1
eg_all_s,5.80532,2.43929e+06,1
eg_all_s,5.80535,2.43685e+06,1
eg_all_s,5.80541,2.43441e+06,1
eg_all_s,5.80545,2.43198e+06,1
eg_all_s,5.80551,2.42954e+06,1
eg_all_s,5.80554,2.42711e+06,1
eg_all_s,5.8056,2.42469e+06,1
eg_all_s,5.80563,2.42226e+06,1
eg_all_s,5.80569,2.41984e+06,1
eg_all_s,5.80572,2.41742e+06,1
eg_all_s,5.80578,2.415e+06,1
eg_all_s,5.80581,2.41259e+06,1
eg_all_s,5.80587,2.41017e+06,1
eg_all_s,5.8059,2.40776e+06,1
eg_all_s,5.80596,2.40536e+06,1
eg_all_s,5.80599,2.40295e+06,1
eg_all_s,5.80605,2.40055e+06,1
eg_all_s,5.80608,2.39815e+06,1
eg_all_s,5.80614,2.39575e+06,1
eg_all_s,5.80617,2.39335e+06,1
eg_all_s,5.80623,2.39096e+06,1
eg_all_s,5.80626,2.38857e+06,1
eg_all_s,5.80632,2.38618e+06,1
eg_all_s,5.80635,2.38379e+06,1
eg_all_s,5.80641,2.38141e+06,1
eg_all_s,5.80645,2.37903e+06,1
eg_all_s,5.80651,2.37665e+06,1
eg_all_s,5.80654,2.37427e+06,1
eg_all_s,5.8066,2.3719e+06,1
eg_all_s,5.80663,2.36953e+06,1
eg_all_s,5.80669,2.36716e+06,1
eg_all_s,5.80672,2.36479e+06,1
eg_all_s,5.80678,2.36242e+06,1
eg_all_s,5.80681,2.36006e+06,1
eg_all_s,5.80687,2.3577e+06,1
eg_all_s,5.8069,2.35534e+06,1
eg_all_s,5.80696,2.35299e+06,1
eg_all_s,5.80699,2.35063e+06,1
eg_all_s,5.80705,2.34828e+06,1
eg_all_s,5.80708,2.34594e+06,1
eg_all_s,5.80714,2.34359e+06,1
eg_all_s,5.80717,2.34125e+06,1
eg_all_s,5.80723,2.3389e+06,1
eg_all_s,5.80726,2.33657e+06,1
eg_all_s,5.80732,2.33423e+06,1
eg_all_s,5.80735,2.33189e+06,1
eg_all_s,5.80741,2.32956e+06,1
eg_all_s,5.80745,2.32723e+06,1
eg_all_s,5.80751,2.32491e+06,1
eg_all_s,5.80754,2.32258e+06,1
eg_all_s,5.8076,2.32026e+06,1
eg_all_s,5.80763,2.31794e+06,1
eg_all_s,5.80769,2.31562e+06,1
eg_all_s,5.80772,2.3133e+06,1
eg_all_s,5.80778,2.31099e+06,1
eg_all_s,5.80781,2.30868e+06,1
eg_all_s,5.80787,2.30637e+06,1
eg_all_s,5.8079,2.30406e+06,1
eg_all_s,5.80796,2.30176e+06,1
eg_all_s,5.80799,2.29946e+06,1
eg_all_s,5.80805,2.29716e+06,1
eg_all_s,5.80808,2.29486e+06,1
eg_all_s,5.80814,2.29257e+06,1
eg_all_s,5.80817,2.29027e+06,1
eg_all_s,5.80823,2.28798e+06,1
eg_all_s,5.80826,2.2857e+06,1
eg_all_s,5.80832,2.28341e+06,1
eg_all_s,5.80835,2.28113e+06,1
eg_all_s,5.80841,2.27884e+06,1
eg_all_s,5.80845,2.27657e+06,1
eg_all_s,5.80851,2.27429e+06,1
eg_all_s,5.80854,2.27201e+06,1
eg_all_s,5.8086,2.26974e+06,1
eg_all_s,5.80863,2.26747e+06,1
eg_all_s,5.80869,2.2652e+06,1
eg_all_s,5.80872,2.26294e+06,1
eg_all_s,5.80878,2.26068e+06,1
eg_all_s,5.80881,2.25842e+06,1
eg_all_s,5.80887,2.25616e+06,1
eg_all_s,5.8089,2.2539e+06,1
eg_all_s,5.80896,2.25165e+06,1
eg_all_s,5.80899,2.2494e+06,1
eg_all_s,5.80905,2.24715e+06,1
eg_all_s,5.80908,2.2449e+06,1
eg_all_s,5.80914,2.24265e+06,1
eg_all_s,5.80917,2.24041e+06,1
eg_all_s,5.80923,2.23817e+06,1
eg_all_s,5.80926,2.23593e+06,1
eg_all_s,5.80932,2.2337e+06,1
eg_all_s,5.80935,2.23146e+06,1
eg_all_s,5.80941,2.22923e+06,1
eg_all_s,5.80945,2.227e+06,1
eg_all_s,5.80951,2.22477e+06,1
eg_all_s,5.80954,2.22255e+06,1
eg_all_s,5.8096,2.22033e+06,1
eg_all_s,5.80963,2.21811e+06,1
eg_all_s,5.80969,2.21589e+06,1
eg_all_s,5.80972,2.21367e+06,1
eg_all_s,5.80978,2.21146e+06,1
eg_all_s,5.80982,2.20925e+06,1
eg_all_s,5.80987,2.20704e+06,1
eg_all_s,5.80991,2.20483e+06,1
eg_all_s,5.80996,2.20263e+06,1
eg_all_s,5.80999,2.20042e+06,1
eg_all_s,5.81005,2.19822e+06,1
eg_all_s,5.81008,2.19602e+06,1
eg_all_s,5.81014,2.19383e+06,1
eg_all_s,5.81017,2.19163e+06,1
eg_all_s,5.81023,2.18944e+06,1
eg_all_s,5.81027,2.18725e+06,1
eg_all_s,5.81033,2.18507e+06,1
eg_all_s,5.81036,2.18288e+06,1
eg_all_s,5.81042,2.1807e+06,1
eg_all_s,5.81046,2.17852e+06,1
eg_all_s,5.81052,2.17634e+06,1
eg_all_s,5.81055,2.17416e+06,1
eg_all_s,5.81061,2.17199e+06,1
eg_all_s,5.81064,2.16981e+06,1
eg_all_s,5.8107,2.16764e+06,1
eg_all_s,5.81073,2.16548e+06,1
eg_all_s,5.81079,2.16331e+06,1
eg_all_s,5.81082,2.16115e+06,1
eg_all_s,5.81088,2.15899e+06,1
eg_all_s,5.81091,2.15683e+06,1
eg_all_s,5.81097,2.15467e+06,1
eg_all_s,5.811,2.15252e+06,1
eg_all_s,5.81106,2.15036e+06,1
eg_all_s,5.81109,2.14821e+06,1
eg_all_s,5.81115,2.14606e+06,1
eg_all_s,5.81118,2.14392e+06,1
eg_all_s,5.81124,2.14177e+06,1
eg_all_s,5.81127,2.13963e+06,1
eg_all_s,5.81133,2.13749e+06,1
eg_all_s,5.81136,2.13536e+06,1
eg_all_s,5.81142,2.13322e+06,1
eg_all_s,5.81146,2.13109e+06,1
eg_all_s,5.81152,2.12896e+06,1
eg_all_s,5.81155,2.12683e+06,1
eg_all_s,5.81161,2.1247e+06,1
eg_all_s,5.81164,2.12257e+06,1
eg_all_s,5.8117,2.12045e+06,1
eg_all_s,5.81173,2.11833e+06,1
eg_all_s,5.81179,2.11621e+06,1
eg_all_s,5.81182,2.1141e+06,1
eg_all_s,5.81188,2.11198e+06,1
eg_all_s,5.81191,2.10987e+06,1
eg_all_s,5.81197,2.10776e+06,1
eg_all_s,5.812,2.10565e+06,1
eg_all_s,5.81206,2.10355e+06,1
eg_all_s,5.81209,2.10144e+06,1
eg_all_s,5.81215,2.09934e+06,1
eg_all_s,5.81218,2.09724e+06,1
eg_all_s,5.81224,2.09514e+06,1
eg_all_s,5.81227,2.09305e+06,1
eg_all_s,5.81233,2.09096e+06,1
eg_all_s,5.81236,2.08887e+06,1
eg_all_s,5.81242,2.08678e+06,1
eg_all_s,5.81246,2.08469e+06,1
eg_all_s,5.81252,2.0826e+06,1
eg_all_s,5.81255,2.08052e+06,1
eg_all_s,5.81261,2.07844e+06,1
eg_all_s,5.81264,2.07636e+06,1
eg_all_s,5.8127,2.07429e+06,1
eg_all_s,5.81273,2.07221e+06,1
eg_all_s,5.81279,2.07014e+06,1
eg_all_s,5.81282,2.06807e+06,1
eg_all_s,5.81288,2.066e+06,1
eg_all_s,5.81291,2.06394e+06,1
eg_all_s,5.81297,2.06187e+06,1
eg_all_s,5.813,2.05981e+06,1
eg_all_s,5.81306,2.05775e+06,1
eg_all_s,5.81309,2.05569e+06,1
eg_all_s,5.81315,2.05364e+06,1
eg_all_s,5.81318,2.05158e+06,1
eg_all_s,5.81324,2.04953e+06,1
eg_all_s,5.81327,2.04748e+06,1
eg_all_s,5.81333,2.04543e+06,1
eg_all_s,5.81336,2.04339e+06,1
eg_all_s,5.81342,2.04134e+06,1
eg_all_s,5.81346,2.0393e+06,1
eg_all_s,5.81352,2.03726e+06,1
eg_all_s,5.81356,2.03523e+06,1
eg_all_s,5.81361,2.03319e+06,1
eg_all_s,5.81365,2.03116e+06,1
eg_all_s,5.81371,2.02913e+06,1
eg_all_s,5.81374,2.0271e+06,1
eg_all_s,5.8138,2.02507e+06,1
eg_all_s,5.81383,2.02304e+06,1
eg_all_s,5.81389,2.02102e+06,1
eg_all_s,5.81392,2.019e+06,1
eg_all_s,5.81398,2.01698e+06,1
eg_all_s,5.81401,2.01496e+06,1
eg_all_s,5.81407,2.01295e+06,1
eg_all_s,5.8141,2.01094e+06,1
eg_all_s,5.81416,2.00892e+06,1
eg_all_s,5.81419,2.00692e+06,1
eg_all_s,5.81425,2.00491e+06,1
eg_all_s,5.81428,2.0029e+06,1
eg_all_s,5.81434,2.0009e+06,1
eg_all_s,5.81437,1.9989e+06,1
eg_all_s,5.81443,1.9969e+06,1
eg_all_s,5.81447,1.9949e+06,1
eg_all_s,5.81453,1.99291e+06,1
eg_all_s,5.81456,1.99092e+06,1
eg_all_s,5.81462,1.98892e+06,1
eg_all_s,5.81465,1.98694e+06,1
eg_all_s,5.81471,1.98495e+06,1
eg_all_s,5.81474,1.98296e+06,1
eg_all_s,5.8148,1.98098e+06,1
eg_all_s,5.81483,1.979e+06,1
eg_all_s,5.81489,1.97702e+06,1
eg_all_s,5.81492,1.97504e+06,1
eg_all_s,5.81498,1.97307e+06,1
eg_all_s,5.81501,1.97109e+06,1
eg_all_s,5.81507,1.96912e+06,1
eg_all_s,5.8151,1.96715e+06,1
eg_all_s,5.81516,1.96519e+06,1
eg_all_s,5.81519,1.96322e+06,1
eg_all_s,5.81525,1.96126e+06,1
eg_all_s,5.81528,1.9593e+06,1
eg_all_s,5.81534,1.95734e+06,1
eg_all_s,5.81537,1.95538e+06,1
eg_all_s,5.81543,1.95342e+06,1
eg_all_s,5.81547,1.95147e+06,1
eg_all_s,5.81553,1.94952e+06,1
eg_all_s,5.81556,1.94757e+06,1
eg_all_s,5.81562,1.94562e+06,1
eg_all_s,5.81565,1.94368e+06,1
eg_all_s,5.81571,1.94173e+06,1
eg_all_s,5.81574,1.93979e+06,1
eg_all_s,5.8158,1.93785e+06,1
eg_all_s,5.81583,1.93591e+06,1
eg_all_s,5.81589,1.93398e+06,1
eg_all_s,5.81592,1.93204e+06,1
eg_all_s,5.81598,1.93011e+06,1
eg_all_s,5.81601,1.92818e+06,1
eg_all_s,5.81607,1.92625e+06,1
eg_all_s,5.8161,1.92433e+06,1
eg_all_s,5.81616,1.9224e+06,1
eg_all_s,5.81619,1.92048e+06,1
eg_all_s,5.81625,1.91856e+06,1
eg_all_s,5.81628,1.91664e+06,1
eg_all_s,5.81634,1.91472e+06,1
eg_all_s,5.81638,1.91281e+06,1
eg_all_s,5.81644,1.9109e+06,1
eg_all_s,5.81648,1.90898e+06,1
eg_all_s,5.81654,1.90708e+06,1
eg_all_s,5.81657,1.90517e+06,1
eg_all_s,5.81663,1.90326e+06,1
eg_all_s,5.81666,1.90136e+06,1
eg_all_s,5.81672,1.89946e+06,1
eg_all_s,5.81675,1.89756e+06,1
eg_all_s,5.81681,1.89566e+06,1
eg_all_s,5.81684,1.89377e+06,1
eg_all_s,5.8169,1.89187e+06,1
eg_all_s,5.81693,1.88998e+06,1
eg_all_s,5.81699,1.88809e+06,1
eg_all_s,5.81702,1.8862e+06,1
eg_all_s,5.81708,1.88431e+06,1
eg_all_s,5.81711,1.88243e+06,1
eg_all_s,5.81717,1.88055e+06,1
eg_all_s,5.8172,1.87867e+06,1
eg_all_s,5.81726,1.87679e+06,1
eg_all_s,5.81729,1.87491e+06,1
eg_all_s,5.81735,1.87304e+06,1
eg_all_s,5.81738,1.87116e+06,1
eg_all_s,5.81744,1.86929e+06,1
eg_all_s,5.81748,1.86742e+06,1
eg_all_s,5.81754,1.86556e+06,1
eg_all_s,5.81757,1.86369e+06,1
eg_all_s,5.81763,1.86183e+06,1
eg_all_s,5.81766,1.85996e+06,1
eg_all_s,5.81772,1.8581e+06,1
eg_all_s,5.81775,1.85625e+06,1
eg_all_s,5.81781,1.85439e+06,1
eg_all_s,5.81784,1.85253e+06,1
eg_all_s,5.8179,1.85068e+06,1
eg_all_s,5.81793,1.84883e+06,1
eg_all_s,5.81799,1.84698e+06,1
eg_all_s,5.81802,1.84514e+06,1
eg_all_s,5.81808,1.84329e+06,1
eg_all_s,5.81811,1.84145e+06,1
eg_all_s,5.81817,1.8396e+06,1
eg_all_s,5.8182,1.83777e+06,1
eg_all_s,5.81826,1.83593e+06,1
eg_all_s,5.81829,1.83409e+06,1
eg_all_s,5.81835,1.83226e+06,1
eg_all_s,5.81838,1.83042e+06,1
eg_all_s,5.81845,1.82859e+06,1
eg_all_s,5.81848,1.82677e+06,1
eg_all_s,5.81854,1.82494e+06,1
eg_all_s,5.81857,1.82311e+06,1
eg_all_s,5.81863,1.82129e+06,1
eg_all_s,5.81866,1.81947e+06,1
eg_all_s,5.81872,1.81765e+06,1
eg_all_s,5.81875,1.81583e+06,1
eg_all_s,5.81881,1.81402e+06,1
eg_all_s,5.81884,1.8122e+06,1
eg_all_s,5.8189,1.81039e+06,1
eg_all_s,5.81893,1.80858e+06,1
eg_all_s,5.81899,1.80677e+06,1
eg_all_s,5.81902,1.80496e+06,1
eg_all_s,5.81908,1.80316e+06,1
eg_all_s,5.81911,1.80136e+06,1
eg_all_s,5.81917,1.79955e+06,1
eg_all_s,5.8192,1.79775e+06,1
eg_all_s,5.81926,1.79596e+06,1
eg_all_s,5.81929,1.79416e+06,1
eg_all_s,5.81935,1.79237e+06,1
eg_all_s,5.81938,1.79057e+06,1
eg_all_s,5.81945,1.78878e+06,1
eg_all_s,5.81948,1.78699e+06,1
eg_all_s,5.81954,1.78521e+06,1
eg_all_s,5.81957,1.78342e+06,1
eg_all_s,5.81963,1.78164e+06,1
eg_all_s,5.81966,1.77986e+06,1
eg_all_s,5.81972,1.77808e+06,1
eg_all_s,5.81975,1.7763e+06,1
eg_all_s,5.81981,1.77452e+06,1
eg_all_s,5.81984,1.77275e+06,1
eg_all_s,5.8199,1.77097e+06,1
eg_all_s,5.81993,1.7692e+06,1
eg_all_s,5.81999,1.76743e+06,1
eg_all_s,5.82002,1.76567e+06,1
eg_all_s,5.82008,1.7639e+06,1
eg_all_s,5.82011,1.76214e+06,1
eg_all_s,5.82017,1.76037e+06,1
eg_all_s,5.8202,1.75861e+06,1
eg_all_s,5.82026,1.75685e+06,1
eg_all_s,5.82029,1.7551e+06,1
eg_all_s,5.82035,1.75334e+06,1
eg_all_s,5.82038,1.75159e+06,1
eg_all_s,5.82045,1.74984e+06,1
eg_all_s,5.82048,1.74809e+06,1
eg_all_s,5.82054,1.74634e+06,1
eg_all_s,5.82057,1.74459e+06,1
eg_all_s,5.82063,1.74285e+06,1
eg_all_s,5.82066,1.74111e+06,1
eg_all_s,5.82072,1.73936e+06,1
eg_all_s,5.82075,1.73762e+06,1
eg_all_s,5.82081,1.73589e+06,1
eg_all_s,5.82084,1.73415e+06,1
eg_all_s,5.8209,1.73242e+06,1
eg_all_s,5.82093,1.73068e+06,1
eg_all_s,5.82099,1.72895e+06,1
eg_all_s,5.82102,1.72722e+06,1
eg_all_s,5.82108,1.7255e+06,1
eg_all_s,5.82111,1.72377e+06,1
eg_all_s,5.82117,1.72205e+06,1
eg_all_s,5.8212,1.72033e+06,1
eg_all_s,5.82126,1.71861e+06,1
eg_all_s,5.82129,1.71689e+06,1
eg_all_s,5.82135,1.71517e+06,1
eg_all_s,5.82138,1.71345e+06,1
eg_all_s,5.82145,1.71174e+06,1
eg_all_s,5.82148,1.71003e+06,1
eg_all_s,5.82154,1.70832e+06,1
eg_all_s,5.82157,1.70661e+06,1
eg_all_s,5.82163,1.7049e+06,1
eg_all_s,5.82166,1.7032e+06,1
eg_all_s,5.82172,1.7015e+06,1
eg_all_s,5.82175,1.69979e+06,1
eg_all_s,5.82181,1.69809e+06,1
eg_all_s,5.82185,1.6964e+06,1
eg_all_s,5.8219,1.6947e+06,1
eg_all_s,5.82193,1.693e+06,1
eg_all_s,5.82199,1.69131e+06,1
eg_all_s,5.82202,1.68962e+06,1
eg_all_s,5.82209,1.68793e+06,1
eg_all_s,5.82212,1.68624e+06,1
eg_all_s,5.82218,1.68456e+06,1
eg_all_s,5.82221,1.68287e+06,1
eg_all_s,5.82227,1.68119e+06,1
eg_all_s,5.8223,1.67951e+06,1
eg_all_s,5.82236,1.67783e+06,1
eg_all_s,5.82239,1.67615e+06,1
eg_all_s,5.82246,1.67447e+06,1
eg_all_s,5.8225,1.6728e+06,1
eg_all_s,5.82256,1.67113e+06,1
eg_all_s,5.82259,1.66945e+06,1
eg_all_s,5.82265,1.66778e+06,1
eg_all_s,5.82268,1.66612e+06,1
eg_all_s,5.82274,1.66445e+06,1
eg_all_s,5.82277,1.66279e+06,1
eg_all_s,5.82283,1.66112e+06,1
eg_all_s,5.82286,1.65946e+06,1
eg_all_s,5.82292,1.6578e+06,1
eg_all_s,5.82295,1.65614e+06,1
eg_all_s,5.82301,1.65449e+06,1
eg_all_s,5.82304,1.65283e+06,1
eg_all_s,5.82309,1.65118e+06,1
eg_all_s,5.82313,1.64953e+06,1
eg_all_s,5.82318,1.64788e+06,1
eg_all_s,5.82322,1.64623e+06,1
eg_all_s,5.82327,1.64459e+06,1
eg_all_s,5.82331,1.64294e+06,1
eg_all_s,5.82336,1.6413e+06,1
eg_all_s,5.8234,1.63966e+06,1
eg_all_s,5.82346,1.63802e+06,1
eg_all_s,5.8235,1.63638e+06,1
eg_all_s,5.82356,1.63474e+06,1
eg_all_s,5.82359,1.63311e+06,1
eg_all_s,5.82365,1.63147e+06,1
eg_all_s,5.82368,1.62984e+06,1
eg_all_s,5.82374,1.62821e+06,1
eg_all_s,5.82377,1.62658e+06,1
eg_all_s,5.82383,1.62496e+06,1
eg_all_s,5.82386,1.62333e+06,1
eg_all_s,5.82392,1.62171e+06,1
eg_all_s,5.82395,1.62009e+06,1
eg_all_s,5.82401,1.61847e+06,1
eg_all_s,5.82404,1.61685e+06,1
eg_all_s,5.8241,1.61523e+06,1
eg_all_s,5.82413,1.61362e+06,1
eg_all_s,5.82419,1.612e+06,1
eg_all_s,5.82422,1.61039e+06,1
eg_all_s,5.82428,1.60878e+06,1
eg_all_s,5.82431,1.60717e+06,1
eg_all_s,5.82437,1.60556e+06,1
eg_all_s,5.8244,1.60396e+06,1
eg_all_s,5.82447,1.60235e+06,1
eg_all_s,5.8245,1.60075e+06,1
eg_all_s,5.82456,1.59915e+06,1
eg_all_s,5.82459,1.59755e+06,1
eg_all_s,5.82465,1.59595e+06,1
eg_all_s,5.82468,1.59436e+06,1
eg_all_s,5.82474,1.59276e+06,1
eg_all_s,5.82477,1.59117e+06,1
eg_all_s,5.82483,1.58958e+06,1
eg_all_s,5.82486,1.58799e+06,1
eg_all_s,5.82492,1.5864e+06,1
eg_all_s,5.82495,1.58481e+06,1
eg_all_s,5.82501,1.58323e+06,1
eg_all_s,5.82504,1.58165e+06,1
eg_all_s,5.8251,1.58006e+06,1
eg_all_s,5.82513,1.57848e+06,1
eg_all_s,5.82519,1.57691e+06,1
eg_all_s,5.82522,1.57533e+06,1
eg_all_s,5.82528,1.57375e+06,1
eg_all_s,5.82531,1.57218e+06,1
eg_all_s,5.82537,1.57061e+06,1
eg_all_s,5.8254,1.56904e+06,1
eg_all_s,5.82547,1.56747e+06,1
eg_all_s,5.8255,1.5659e+06,1
eg_all_s,5.82556,1.56433e+06,1
eg_all_s,5.82559,1.56277e+06,1
eg_all_s,5.82565,1.56121e+06,1
eg_all_s,5.82568,1.55965e+06,1
eg_all_s,5.82574,1.55809e+06,1
eg_all_s,5.82577,1.55653e+06,1
eg_all_s,5.82583,1.55497e+06,1
eg_all_s,5.82586,1.55342e+06,1
eg_all_s,5.82592,1.55186e+06,1
eg_all_s,5.82595,1.55031e+06,1
eg_all_s,5.82601,1.54876e+06,1
eg_all_s,5.82604,1.54721e+06,1
eg_all_s,5.8261,1.54566e+06,1
eg_all_s,5.82613,1.54412e+06,1
eg_all_s,5.82619,1.54257e+06,1
eg_all_s,5.82622,1.54103e+06,1
eg_all_s,5.82628,1.53949e+06,1
eg_all_s,5.82631,1.53795e+06,1
eg_all_s,5.82637,1.53641e+06,1
eg_all_s,5.8264,1.53488e+06,1
eg_all_s,5.82647,1.53334e+06,1
eg_all_s,5.8265,1.53181e+06,1
eg_all_s,5.82656,1.53028e+06,1
eg_all_s,5.82659,1.52875e+06,1
eg_all_s,5.82665,1.52722e+06,1
eg_all_s,5.82668,1.52569e+06,1
eg_all_s,5.82674,1.52416e+06,1
eg_all_s,5.82677,1.52264e+06,1
eg_all_s,5.82683,1.52112e+06,1
eg_all_s,5.82686,1.51959e+06,1
eg_all_s,5.82692,1.51808e+06,1
eg_all_s,5.82695,1.51656e+06,1
eg_all_s,5.82701,1.51504e+06,1
eg_all_s,5.82704,1.51353e+06,1
eg_all_s,5.8271,1.51201e+06,1
eg_all_s,5.82713,1.5105e+06,1
eg_all_s,5.82719,1.50899e+06,1
eg_all_s,5.82722,1.50748e+06,1
eg_all_s,5.82728,1.50597e+06,1
eg_all_s,5.82731,1.50447e+06,1
eg_all_s,5.82737,1.50296e+06,1
eg_all_s,5.8274,1.50146e+06,1
eg_all_s,5.82747,1.49996e+06,1
eg_all_s,5.8275,1.49846e+06,1
eg_all_s,5.82756,1.49696e+06,1
eg_all_s,5.82759,1.49546e+06,1
eg_all_s,5.82765,1.49397e+06,1
eg_all_s,5.82769,1.49247e+06,1
eg_all_s,5.82774,1.49098e+06,1
eg_all_s,5.82778,1.48949e+06,1
eg_all_s,5.82783,1.488e+06,1
eg_all_s,5.82787,1.48651e+06,1
eg_all_s,5.82793,1.48502e+06,1
eg_all_s,5.82796,1.48354e+06,1
eg_all_s,5.82802,1.48205e+06,1
eg_all_s,5.82805,1.48057e+06,1
eg_all_s,5.82811,1.47909e+06,1
eg_all_s,5.82814,1.47761e+06,1
eg_all_s,5.8282,1.47614e+06,1
eg_all_s,5.82823,1.47466e+06,1
eg_all_s,5.82829,1.47318e+06,1
eg_all_s,5.82832,1.47171e+06,1
eg_all_s,5.82838,1.47024e+06,1
eg_all_s,5.82841,1.46877e+06,1
eg_all_s,5.82847,1.4673e+06,1
eg_all_s,5.82851,1.46583e+06,1
eg_all_s,5.82857,1.46437e+06,1
eg_all_s,5.8286,1.4629e+06,1
eg_all_s,5.82866,1.46144e+06,1
eg_all_s,5.82869,1.45998e+06,1
eg_all_s,5.82875,1.45852e+06,1
eg_all_s,5.82878,1.45706e+06,1
eg_all_s,5.82884,1.4556e+06,1
eg_all_s,5.82887,1.45415e+06,1
eg_all_s,5.82893,1.45269e+06,1
eg_all_s,5.82896,1.45124e+06,1
eg_all_s,5.82902,1.44979e+06,1
eg_all_s,5.82905,1.44834e+06,1
eg_all_s,5.82911,1.44689e+06,1
eg_all_s,5.82914,1.44544e+06,1
eg_all_s,5.8292,1.444e+06,1
eg_all_s,5.82923,1.44255e+06,1
eg_all_s,5.82929,1.44111e+06,1
eg_all_s,5.82932,1.43967e+06,1
eg_all_s,5.82938,1.43823e+06,1
eg_all_s,5.82941,1.43679e+06,1
eg_all_s,5.82948,1.43535e+06,1
eg_all_s,5.82951,1.43392e+06,1
eg_all_s,5.82957,1.43248e+06,1
eg_all_s,5.8296,1.43105e+06,1
eg_all_s,5.82966,1.42962e+06,1
eg_all_s,5.82969,1.42819e+06,1
eg_all_s,5.82975,1.42676e+06,1
eg_all_s,5.82978,1.42534e+06,1
eg_all_s,5.82984,1.42391e+06,1
eg_all_s,5.82987,1.42249e+06,1
eg_all_s,5.82993,1.42106e+06,1
eg_all_s,5.82996,1.41964e+06,1
eg_all_s,5.83002,1.41822e+06,1
eg_all_s,5.83005,1.4168e+06,1
eg_all_s,5.83011,1.41539e+06,1
eg_all_s,5.83014,1.41397e+06,1
eg_all_s,5.8302,1.41256e+06,1
eg_all_s,5.83023,1.41115e+06,1
eg_all_s,5.83029,1.40973e+06,1
eg_all_s,5.83032,1.40832e+06,1
eg_all_s,5.83038,1.40692e+06,1
eg_all_s,5.83041,1.40551e+06,1
eg_all_s,5.83048,1.4041e+06,1
eg_all_s,5.83051,1.4027e+06,1
eg_all_s,5.83057,1.4013e+06,1
eg_all_s,5.8306,1.39989e+06,1
eg_all_s,5.83066,1.39849e+06,1
eg_all_s,5.83069,1.3971e+06,1
eg_all_s,5.83075,1.3957e+06,1
eg_all_s,5.83078,1.3943e+06,1
eg_all_s,5.83084,1.39291e+06,1
eg_all_s,5.83087,1.39152e+06,1
eg_all_s,5.83093,1.39012e+06,1
eg_all_s,5.83096,1.38873e+06,1
eg_all_s,5.83102,1.38735e+06,1
eg_all_s,5.83105,1.38596e+06,1
eg_all_s,5.83111,1.38457e+06,1
eg_all_s,5.83115,1.38319e+06,1
eg_all_s,5.83121,1.3818e+06,1
eg_all_s,5.83124,1.38042e+06,1
eg_all_s,5.8313,1.37904e+06,1
eg_all_s,5.83133,1.37766e+06,1
eg_all_s,5.83138,1.37628e+06,1
eg_all_s,5.83142,1.37491e+06,1
eg_all_s,5.83148,1.37353e+06,1
eg_all_s,5.83152,1.37216e+06,1
eg_all_s,5.83158,1.37079e+06,1
eg_all_s,5.83161,1.36942e+06,1
eg_all_s,5.83167,1.36805e+06,1
eg_all_s,5.8317,1.36668e+06,1
eg_all_s,5.83176,1.36531e+06,1
eg_all_s,5.83179,1.36395e+06,1
eg_all_s,5.83185,1.36258e+06,1
eg_all_s,5.83188,1.36122e+06,1
eg_all_s,5.83194,1.35986e+06,1
eg_all_s,5.83197,1.3585e+06,1
eg_all_s,5.83203,1.35714e+06,1
eg_all_s,5.83206,1.35578e+06,1
eg_all_s,5.83212,1.35443e+06,1
eg_all_s,5.83215,1.35307e+06,1
eg_all_s,5.83221,1.35172e+06,1
eg_all_s,5.83224,1.35037e+06,1
eg_all_s,5.8323,1.34902e+06,1
eg_all_s,5.83233,1.34767e+06,1
eg_all_s,5.83239,1.34632e+06,1
eg_all_s,5.83242,1.34497e+06,1
eg_all_s,5.83249,1.34363e+06,1
eg_all_s,5.83252,1.34228e+06,1
eg_all_s,5.83258,1.34094e+06,1
eg_all_s,5.83261,1.3396e+06,1
eg_all_s,5.83267,1.33826e+06,1
eg_all_s,5.8327,1.33692e+06,1
eg_all_s,5.83276,1.33559e+06,1
eg_all_s,5.83279,1.33425e+06,1
eg_all_s,5.83285,1.33292e+06,1
eg_all_s,5.83288,1.33158e+06,1
eg_all_s,5.83294,1.33025e+06,1
eg_all_s,5.83297,1.32892e+06,1
eg_all_s,5.83303,1.32759e+06,1
eg_all_s,5.83306,1.32626e+06,1
eg_all_s,5.83312,1.32494e+06,1
eg_all_s,5.83315,1.32361e+06,1
eg_all_s,5.83321,1.32229e+06,1
eg_all_s,5.83324,1.32097e+06,1
eg_all_s,5.8333,1.31965e+06,1
eg_all_s,5.83333,1.31833e+06,1
eg_all_s,5.83339,1.31701e+06,1
eg_all_s,5.83342,1.31569e+06,1
eg_all_s,5.83349,1.31437e+06,1
eg_all_s,5.83352,1.31306e+06,1
eg_all_s,5.83358,1.31175e+06,1
eg_all_s,5.83361,1.31043e+06,1
eg_all_s,5.83367,1.30912e+06,1
eg_all_s,5.8337,1.30782e+06,1
eg_all_s,5.83376,1.30651e+06,1
eg_all_s,5.83379,1.3052e+06,1
eg_all_s,5.83385,1.3039e+06,1
eg_all_s,5.83388,1.30259e+06,1
eg_all_s,5.83394,1.30129e+06,1
eg_all_s,5.83397,1.29999e+06,1
eg_all_s,5.83403,1.29869e+06,1
eg_all_s,5.83406,1.29739e+06,1
eg_all_s,5.83412,1.29609e+06,1
eg_all_s,5.83415,1.29479e+06,1
eg_all_s,5.83421,1.2935e+06,1
eg_all_s,5.83424,1.29221e+06,1
eg_all_s,5.8343,1.29091e+06,1
eg_all_s,5.83433,1.28962e+06,1
eg_all_s,5.83439,1.28833e+06,1
eg_all_s,5.83442,1.28704e+06,1
eg_all_s,5.83449,1.28576e+06,1
eg_all_s,5.83452,1.28447e+06,1
eg_all_s,5.83458,1.28319e+06,1
eg_all_s,5.83461,1.2819e+06,1
eg_all_s,5.83467,1.28062e+06,1
eg_all_s,5.8347,1.27934e+06,1
eg_all_s,5.83476,1.27806e+06,1
eg_all_s,5.83479,1.27678e+06,1
eg_all_s,5.83485,1.27551e+06,1
eg_all_s,5.83488,1.27423e+06,1
eg_all_s,5.83494,1.27296e+06,1
eg_all_s,5.83497,1.27168e+06,1
eg_all_s,5.83503,1.27041e+06,1
eg_all_s,5.83506,1.26914e+06,1
eg_all_s,5.83512,1.26787e+06,1
eg_all_s,5.83515,1.2666e+06,1
eg_all_s,5.83521,1.26534e+06,1
eg_all_s,5.83524,1.26407e+06,1
eg_all_s,5.8353,1.26281e+06,1
eg_all_s,5.83533,1.26154e+06,1
eg_all_s,5.83539,1.26028e+06,1
eg_all_s,5.83542,1.25902e+06,1
eg_all_s,5.83549,1.25776e+06,1
eg_all_s,5.83552,1.25651e+06,1
eg_all_s,5.83558,1.25525e+06,1
eg_all_s,5.83561,1.25399e+06,1
eg_all_s,5.83567,1.25274e+06,1
eg_all_s,5.8357,1.25149e+06,1
eg_all_s,5.83576,1.25024e+06,1
eg_all_s,5.83579,1.24899e+06,1
eg_all_s,5.83585,1.24774e+06,1
eg_all_s,5.83588,1.24649e+06,1
eg_all_s,5.83594,1.24524e+06,1
eg_all_s,5.83597,1.244e+06,1
eg_all_s,5.83603,1.24275e+06,1
eg_all_s,5.83606,1.24151e+06,1
eg_all_s,5.83612,1.24027e+06,1
eg_all_s,5.83615,1.23903e+06,1
eg_all_s,5.83621,1.23779e+06,1
eg_all_s,5.83624,1.23655e+06,1
eg_all_s,5.8363,1.23531e+06,1
eg_all_s,5.83633,1.23408e+06,1
eg_all_s,5.83639,1.23284e+06,1
eg_all_s,5.83642,1.23161e+06,1
eg_all_s,5.83649,1.23038e+06,1
eg_all_s,5.83652,1.22915e+06,1
eg_all_s,5.83658,1.22792e+06,1
eg_all_s,5.83662,1.22669e+06,1
eg_all_s,5.83668,1.22546e+06,1
eg_all_s,5.83671,1.22424e+06,1
eg_all_s,5.83677,1.22301e+06,1
eg_all_s,5.8368,1.22179e+06,1
eg_all_s,5.83686,1.22057e+06,1
eg_all_s,5.83689,1.21935e+06,1
eg_all_s,5.83695,1.21813e+06,1
eg_all_s,5.83698,1.21691e+06,1
eg_all_s,5.83704,1.21569e+06,1
eg_all_s,5.83707,1.21448e+06,1
eg_all_s,5.83713,1.21326e+06,1
eg_all_s,5.83716,1.21205e+06,1
eg_all_s,5.83722,1.21084e+06,1
eg_all_s,5.83725,1.20963e+06,1
eg_all_s,5.83731,1.20842e+06,1
eg_all_s,5.83734,1.20721e+06,1
eg_all_s,5.8374,1.206e+06,1
eg_all_s,5.83743,1.2048e+06,1
eg_all_s,5.8375,1.20359e+06,1
eg_all_s,5.83753,1.20239e+06,1
eg_all_s,5.83759,1.20118e+06,1
eg_all_s,5.83762,1.19998e+06,1
eg_all_s,5.83768,1.19878e+06,1
eg_all_s,5.83771,1.19758e+06,1
eg_all_s,5.83777,1.19639e+06,1
eg_all_s,5.8378,1.19519e+06,1
eg_all_s,5.83786,1.194e+06,1
eg_all_s,5.83789,1.1928e+06,1
eg_all_s,5.83795,1.19161e+06,1
eg_all_s,5.83798,1.19042e+06,1
eg_all_s,5.83804,1.18923e+06,1
eg_all_s,5.83807,1.18804e+06,1
eg_all_s,5.83813,1.18685e+06,1
eg_all_s,5.83816,1.18566e+06,1
eg_all_s,5.83822,1.18448e+06,1
eg_all_s,5.83825,1.18329e+06,1
eg_all_s,5.83831,1.18211e+06,1
eg_all_s,5.83834,1.18093e+06,1
eg_all_s,5.8384,1.17974e+06,1
eg_all_s,5.83843,1.17856e+06,1
eg_all_s,5.8385,1.17739e+06,1
eg_all_s,5.83853,1.17621e+06,1
eg_all_s,5.83859,1.17503e+06,1
eg_all_s,5.83862,1.17386e+06,1
eg_all_s,5.83868,1.17268e+06,1
eg_all_s,5.83871,1.17151e+06,1
eg_all_s,5.83877,1.17034e+06,1
eg_all_s,5.8388,1.16917e+06,1
eg_all_s,5.83886,1.168e+06,1
eg_all_s,5.83889,1.16683e+06,1
eg_all_s,5.83895,1.16566e+06,1
eg_all_s,5.83898,1.1645e+06,1
eg_all_s,5.83904,1.16333e+06,1
eg_all_s,5.83907,1.16217e+06,1
eg_all_s,5.83913,1.16101e+06,1
eg_all_s,5.83916,1.15985e+06,1
eg_all_s,5.83922,1.15869e+06,1
eg_all_s,5.83925,1.15753e+06,1
eg_all_s,5.83931,1.15637e+06,1
eg_all_s,5.83934,1.15521e+06,1
eg_all_s,5.8394,1.15406e+06,1
eg_all_s,5.83943,1.1529e+06,1
eg_all_s,5.8395,1.15175e+06,1
eg_all_s,5.83953,1.1506e+06,1
eg_all_s,5.83959,1.14945e+06,1
eg_all_s,5.83962,1.1483e+06,1
eg_all_s,5.83968,1.14715e+06,1
eg_all_s,5.83971,1.146e+06,1
eg_all_s,5.83977,1.14486e+06,1
eg_all_s,5.8398,1.14371e+06,1
eg_all_s,5.83986,1.14257e+06,1
eg_all_s,5.83989,1.14143e+06,1
eg_all_s,5.83995,1.14028e+06,1
eg_all_s,5.83998,1.13914e+06,1
eg_all_s,5.84004,1.13801e+06,1
eg_all_s,5.84007,1.13687e+06,1
eg_all_s,5.84013,1.13573e+06,1
eg_all_s,5.84016,1.13459e+06,1
eg_all_s,5.84022,1.13346e+06,1
eg_all_s,5.84025,1.13233e+06,1
eg_all_s,5.84031,1.13119e+06,1
eg_all_s,5.84034,1.13006e+06,1
eg_all_s,5.8404,1.12893e+06,1
eg_all_s,5.84043,1.1278e+06,1
eg_all_s,5.8405,1.12668e+06,1
eg_all_s,5.84053,1.12555e+06,1
eg_all_s,5.84059,1.12442e+06,1
eg_all_s,5.84062,1.1233e+06,1
eg_all_s,5.84068,1.12217e+06,1
eg_all_s,5.84071,1.12105e+06,1
eg_all_s,5.84077,1.11993e+06,1
eg_all_s,5.8408,1.11881e+06,1
eg_all_s,5.84086,1.11769e+06,1
eg_all_s,5.84089,1.11657e+06,1
eg_all_s,5.84095,1.11546e+06,1
eg_all_s,5.84098,1.11434e+06,1
eg_all_s,5.84104,1.11323e+06,1
eg_all_s,5.84107,1.11211e+06,1
eg_all_s,5.84113,1.111e+06,1
eg_all_s,5.84116,1.10989e+06,1
eg_all_s,5.84122,1.10878e+06,1
eg_all_s,5.84125,1.10767e+06,1
eg_all_s,5.84131,1.10656e+06,1
eg_all_s,5.84135,1.10546e+06,1
eg_all_s,5.84141,1.10435e+06,1
eg_all_s,5.84144,1.10325e+06,1
eg_all_s,5.8415,1.10214e+06,1
eg_all_s,5.84154,1.10104e+06,1
eg_all_s,5.84159,1.09994e+06,1
eg_all_s,5.84163,1.09884e+06,1
eg_all_s,5.84169,1.09774e+06,1
eg_all_s,5.84172,1.09664e+06,1
eg_all_s,5.84178,1.09555e+06,1
eg_all_s,5.84181,1.09445e+06,1
eg_all_s,5.84187,1.09336e+06,1
eg_all_s,5.8419,1.09226e+06,1
eg_all_s,5.84195,1.09117e+06,1
eg_all_s,5.84199,1.09008e+06,1
eg_all_s,5.84205,1.08899e+06,1
eg_all_s,5.84208,1.0879e+06,1
eg_all_s,5.84214,1.08681e+06,1
eg_all_s,5.84217,1.08573e+06,1
eg_all_s,5.84223,1.08464e+06,1
eg_all_s,5.84226,1.08356e+06,1
eg_all_s,5.84232,1.08247e+06,1
eg_all_s,5.84235,1.08139e+06,1
eg_all_s,5.84241,1.08031e+06,1
eg_all_s,5.84244,1.07923e+06,1
eg_all_s,5.8425,1.07815e+06,1
eg_all_s,5.84254,1.07707e+06,1
eg_all_s,5.8426,1.07599e+06,1
eg_all_s,5.84263,1.07492e+06,1
eg_all_s,5.84269,1.07384e+06,1
eg_all_s,5.84272,1.07277e+06,1
eg_all_s,5.84278,1.07169e+06,1
eg_all_s,5.84281,1.07062e+06,1
eg_all_s,5.84287,1.06955e+06,1
eg_all_s,5.8429,1.06848e+06,1
eg_all_s,5.84296,1.06741e+06,1
eg_all_s,5.84299,1.06635e+06,1
eg_all_s,5.84305,1.06528e+06,1
eg_all_s,5.84308,1.06421e+06,1
eg_all_s,5.84314,1.06315e+06,1
eg_all_s,5.84317,1.06209e+06,1
eg_all_s,5.84323,1.06102e+06,1
eg_all_s,5.84326,1.05996e+06,1
eg_all_s,5.84332,1.0589e+06,1
eg_all_s,5.84335,1.05784e+06,1
eg_all_s,5.84341,1.05679e+06,1
eg_all_s,5.84345,1.05573e+06,1
eg_all_s,5.84351,1.05467e+06,1
eg_all_s,5.84354,1.05362e+06,1
eg_all_s,5.8436,1.05257e+06,1
eg_all_s,5.84363,1.05151e+06,1
eg_all_s,5.84369,1.05046e+06,1
eg_all_s,5.84372,1.04941e+06,1
eg_all_s,5.84378,1.04836e+06,1
eg_all_s,5.84381,1.04731e+06,1
eg_all_s,5.84387,1.04627e+06,1
eg_all_s,5.8439,1.04522e+06,1
eg_all_s,5.84396,1.04417e+06,1
eg_all_s,5.84399,1.04313e+06,1
eg_all_s,5.84405,1.04209e+06,1
eg_all_s,5.84408,1.04104e+06,1
eg_all_s,5.84414,1.04e+06,1
eg_all_s,5.84417,1.03896e+06,1
eg_all_s,5.84423,1.03792e+06,1
eg_all_s,5.84426,1.03689e+06,1
eg_all_s,5.84432,1.03585e+06,1
eg_all_s,5.84435,1.03481e+06,1
eg_all_s,5.84441,1.03378e+06,1
eg_all_s,5.84445,1.03274e+06,1
eg_all_s,5.84451,1.03171e+06,1
eg_all_s,5.84454,1.03068e+06,1
eg_all_s,5.8446,1.02965e+06,1
eg_all_s,5.84463,1.02862e+06,1
eg_all_s,5.84469,1.02759e+06,1
eg_all_s,5.84472,1.02656e+06,1
eg_all_s,5.84478,1.02554e+06,1
eg_all_s,5.84481,1.02451e+06,1
eg_all_s,5.84487,1.02349e+06,1
eg_all_s,5.8449,1.02246e+06,1
eg_all_s,5.84496,1.02144e+06,1
eg_all_s,5.84499,1.02042e+06,1
eg_all_s,5.84505,1.0194e+06,1
eg_all_s,5.84508,1.01838e+06,1
eg_all_s,5.84514,1.01736e+06,1
eg_all_s,5.84517,1.01634e+06,1
eg_all_s,5.84523,1.01533e+06,1
eg_all_s,5.84526,1.01431e+06,1
eg_all_s,5.84532,1.0133e+06,1
eg_all_s,5.84535,1.01228e+06,1
eg_all_s,5.84541,1.01127e+06,1
eg_all_s,5.84545,1.01026e+06,1
eg_all_s,5.84551,1.00925e+06,1
eg_all_s,5.84554,1.00824e+06,1
eg_all_s,5.8456,1.00723e+06,1
eg_all_s,5.84563,1.00622e+06,1
eg_all_s,5.84569,1.00522e+06,1
eg_all_s,5.84572,1.00421e+06,1
eg_all_s,5.84578,1.00321e+06,1
eg_all_s,5.84581,1.0022e+06,1
eg_all_s,5.84587,1.0012e+06,1
eg_all_s,5.8459,1.0002e+06,1
eg_all_s,5.84596,999200,1
eg_all_s,5.84599,998201,1
eg_all_s,5.84605,997202,1
eg_all_s,5.84608,996205,1
eg_all_s,5.84614,995209,1
eg_all_s,5.84617,994213,1
eg_all_s,5.84623,993219,1
eg_all_s,5.84626,992226,1
eg_all_s,5.84632,991233,1
eg_all_s,5.84635,990242,1
eg_all_s,5.84641,989252,1
eg_all_s,5.84645,988262,1
eg_all_s,5.84651,987274,1
eg_all_s,5.84654,986287,1
eg_all_s,5.8466,985300,1
eg_all_s,5.84663,984315,1
eg_all_s,5.84669,983330,1
eg_all_s,5.84672,982347,1
eg_all_s,5.84678,981364,1
eg_all_s,5.84681,980383,1
eg_all_s,5.84687,979402,1
eg_all_s,5.8469,978423,1
eg_all_s,5.84696,977444,1
eg_all_s,5.84699,976467,1
eg_all_s,5.84705,975490,1
eg_all_s,5.84709,974515,1
eg_all_s,5.84714,973540,1
eg_all_s,5.84718,972567,1
eg_all_s,5.84723,971594,1
eg_all_s,5.84727,970622,1
eg_all_s,5.84732,969651,1
eg_all_s,5.84736,968682,1
eg_all_s,5.84742,967713,1
eg_all_s,5.84745,966745,1
eg_all_s,5.84752,965778,1
eg_all_s,5.84755,964812,1
eg_all_s,5.84761,963847,1
eg_all_s,5.84764,962884,1
eg_all_s,5.8477,961920,1
eg_all_s,5.84773,960959,1
eg_all_s,5.84779,959997,1
eg_all_s,5.84782,959037,1
eg_all_s,5.84788,958078,1
eg_all_s,5.84791,957120,1
eg_all_s,5.84797,956163,1
eg_all_s,5.848,955207,1
eg_all_s,5.84806,954251,1
eg_all_s,5.84809,953297,1
eg_all_s,5.84815,952343,1
eg_all_s,5.84818,951391,1
eg_all_s,5.84824,950440,1
eg_all_s,5.84827,949489,1
eg_all_s,5.84833,948539,1
eg_all_s,5.84836,947591,1
eg_all_s,5.84842,946643,1
eg_all_s,5.84846,945696,1
eg_all_s,5.84852,944751,1
eg_all_s,5.84855,943806,1
eg_all_s,5.84861,942862,1
eg_all_s,5.84864,941919,1
eg_all_s,5.8487,940977,1
eg_all_s,5.84873,940036,1
eg_all_s,5.84879,939096,1
eg_all_s,5.84882,938156,1
eg_all_s,5.84888,937218,1
eg_all_s,5.84891,936281,1
eg_all_s,5.84897,935344,1
eg_all_s,5.849,934409,1
eg_all_s,5.84906,933474,1
eg_all_s,5.84909,932541,1
eg_all_s,5.84915,931608,1
eg_all_s,5.84918,930677,1
eg_all_s,5.84924,929746,1
eg_all_s,5.84927,928816,1
eg_all_s,5.84933,927887,1
eg_all_s,5.84936,926959,1
eg_all_s,5.84942,926032,1
eg_all_s,5.84946,925106,1
eg_all_s,5.84952,924181,1
eg_all_s,5.84955,923256,1
eg_all_s,5.84961,922333,1
eg_all_s,5.84964,921411,1
eg_all_s,5.8497,920489,1
eg_all_s,5.84973,919569,1
eg_all_s,5.84979,918649,1
eg_all_s,5.84982,917730,1
eg_all_s,5.84988,916812,1
eg_all_s,5.84991,915895,1
eg_all_s,5.84997,914979,1
eg_all_s,5.85,914064,1
eg_all_s,5.85006,913150,1
eg_all_s,5.85009,912237,1
eg_all_s,5.85015,911324,1
eg_all_s,5.85018,910413,1
eg_all_s,5.85024,909502,1
eg_all_s,5.85027,908593,1
eg_all_s,5.85033,907684,1
eg_all_s,5.85036,906776,1
eg_all_s,5.85042,905870,1
eg_all_s,5.85046,904964,1
eg_all_s,5.85052,904058,1
eg_all_s,5.85055,903154,1
eg_all_s,5.85061,902251,1
eg_all_s,5.85064,901349,1
eg_all_s,5.8507,900447,1
eg_all_s,5.85073,899547,1
eg_all_s,5.85079,898647,1
eg_all_s,5.85082,897748,1
eg_all_s,5.85088,896850,1
eg_all_s,5.85091,895954,1
eg_all_s,5.85097,895057,1
eg_all_s,5.851,894162,1
eg_all_s,5.85106,893268,1
eg_all_s,5.85109,892375,1
eg_all_s,5.85115,891482,1
eg_all_s,5.85118,890591,1
eg_all_s,5.85124,889700,1
eg_all_s,5.85127,888810,1
eg_all_s,5.85133,887921,1
eg_all_s,5.85136,887033,1
eg_all_s,5.85142,886146,1
eg_all_s,5.85146,885260,1
eg_all_s,5.85152,884374,1
eg_all_s,5.85155,883490,1
eg_all_s,5.85161,882606,1
eg_all_s,5.85164,881724,1
eg_all_s,5.8517,880842,1
eg_all_s,5.85173,879961,1
eg_all_s,5.85179,879081,1
eg_all_s,5.85182,878202,1
eg_all_s,5.85188,877323,1
eg_all_s,5.85191,876446,1
eg_all_s,5.85197,875569,1
eg_all_s,5.852,874694,1
eg_all_s,5.85206,873819,1
eg_all_s,5.85209,872945,1
eg_all_s,5.85215,872072,1
eg_all_s,5.85218,871200,1
eg_all_s,5.85224,870328,1
eg_all_s,5.85227,869458,1
eg_all_s,5.85233,868588,1
eg_all_s,5.85236,867720,1
eg_all_s,5.85242,866852,1
eg_all_s,5.85246,865985,1
eg_all_s,5.85252,865119,1
eg_all_s,5.85255,864254,1
eg_all_s,5.85261,863389,1
eg_all_s,5.85264,862526,1
eg_all_s,5.8527,861663,1
eg_all_s,5.85273,860802,1
eg_all_s,5.85279,859941,1
eg_all_s,5.85282,859081,1
eg_all_s,5.85288,858221,1
eg_all_s,5.85291,857363,1
eg_all_s,5.85297,856506,1
eg_all_s,5.853,855649,1
eg_all_s,5.85306,854793,1
eg_all_s,5.85309,853938,1
eg_all_s,5.85315,853084,1
eg_all_s,5.85318,852231,1
eg_all_s,5.85324,851379,1
eg_all_s,5.85327,850527,1
eg_all_s,5.85333,849677,1
eg_all_s,5.85336,848827,1
eg_all_s,5.85342,847978,1
eg_all_s,5.85346,847130,1
eg_all_s,5.85352,846283,1
eg_all_s,5.85355,845436,1
eg_all_s,5.85361,844591,1
eg_all_s,5.85364,843746,1
eg_all_s,5.8537,842902,1
eg_all_s,5.85373,842059,1
eg_all_s,5.85379,841217,1
eg_all_s,5.85382,840376,1
eg_all_s,5.85388,839535,1
eg_all_s,5.85391,838696,1
eg_all_s,5.85397,837857,1
eg_all_s,5.854,837019,1
eg_all_s,5.85407,836182,1
eg_all_s,5.8541,835346,1
eg_all_s,5.85416,834510,1
eg_all_s,5.85419,833675,1
eg_all_s,5.85425,832842,1
eg_all_s,5.85428,832009,1
eg_all_s,5.85434,831177,1
eg_all_s,5.85437,830345,1
eg_all_s,5.85443,829515,1
eg_all_s,5.85447,828685,1
eg_all_s,5.85453,827856,1
eg_all_s,5.85456,827029,1
eg_all_s,5.85462,826201,1
eg_all_s,5.85465,825375,1
eg_all_s,5.85471,824550,1
eg_all_s,5.85474,823725,1
eg_all_s,5.8548,822901,1
eg_all_s,5.85483,822078,1
eg_all_s,5.85489,821256,1
eg_all_s,5.85492,820435,1
eg_all_s,5.85498,819614,1
eg_all_s,5.85501,818794,1
eg_all_s,5.85507,817975,1
eg_all_s,5.8551,817157,1
eg_all_s,5.85516,816340,1
eg_all_s,5.85519,815524,1
eg_all_s,5.85525,814708,1
eg_all_s,5.85528,813893,1
eg_all_s,5.85534,813079,1
eg_all_s,5.85537,812266,1
eg_all_s,5.85543,811454,1
eg_all_s,5.85547,810642,1
eg_all_s,5.85553,809831,1
eg_all_s,5.85556,809022,1
eg_all_s,5.85562,808212,1
eg_all_s,5.85565,807404,1
eg_all_s,5.85571,806596,1
eg_all_s,5.85574,805790,1
eg_all_s,5.8558,804984,1
eg_all_s,5.85583,804179,1
eg_all_s,5.85589,803375,1
eg_all_s,5.85592,802571,1
eg_all_s,5.85598,801768,1
eg_all_s,5.85601,800967,1
eg_all_s,5.85607,800165,1
eg_all_s,5.8561,799365,1
eg_all_s,5.85616,798566,1
eg_all_s,5.85619,797767,1
eg_all_s,5.85625,796969,1
eg_all_s,5.85628,796172,1
eg_all_s,5.85634,795376,1
eg_all_s,5.85637,794580,1
eg_all_s,5.85643,793786,1
eg_all_s,5.85647,792992,1
eg_all_s,5.85653,792199,1
eg_all_s,5.85656,791406,1
eg_all_s,5.85662,790615,1
eg_all_s,5.85665,789824,1
eg_all_s,5.85671,789034,1
eg_all_s,5.85674,788245,1
eg_all_s,5.8568,787457,1
eg_all_s,5.85683,786669,1
eg_all_s,5.85689,785882,1
eg_all_s,5.85692,785097,1
eg_all_s,5.85698,784311,1
eg_all_s,5.85702,783527,1
eg_all_s,5.85707,782743,1
eg_all_s,5.8571,781960,1
eg_all_s,5.85716,781178,1
eg_all_s,5.8572,780397,1
eg_all_s,5.85726,779617,1
eg_all_s,5.85729,778837,1
eg_all_s,5.85735,778058,1
eg_all_s,5.85738,777280,1
eg_all_s,5.85744,776502,1
eg_all_s,5.85747,775726,1
eg_all_s,5.85753,774950,1
eg_all_s,5.85757,774175,1
eg_all_s,5.85762,773401,1
eg_all_s,5.85766,772627,1
eg_all_s,5.85771,771854,1
eg_all_s,5.85775,771082,1
eg_all_s,5.8578,770311,1
eg_all_s,5.85784,769541,1
eg_all_s,5.85789,768771,1
eg_all_s,5.85793,768002,1
eg_all_s,5.85799,767234,1
eg_all_s,5.85802,766467,1
eg_all_s,5.85807,765700,1
eg_all_s,5.85811,764935,1
eg_all_s,5.85817,764169,1
eg_all_s,5.8582,763405,1
eg_all_s,5.85825,762642,1
eg_all_s,5.85829,761879,1
eg_all_s,5.85834,761117,1
eg_all_s,5.85837,760356,1
eg_all_s,5.85843,759595,1
eg_all_s,5.85847,758836,1
eg_all_s,5.85853,758077,1
eg_all_s,5.85857,757319,1
eg_all_s,5.85862,756561,1
eg_all_s,5.85866,755804,1
eg_all_s,5.85871,755048,1
eg_all_s,5.85875,754293,1
eg_all_s,5.85881,753539,1
eg_all_s,5.85884,752785,1
eg_all_s,5.8589,752032,1
eg_all_s,5.85893,751280,1
eg_all_s,5.85899,750529,1
eg_all_s,5.85902,749778,1
eg_all_s,5.85908,749028,1
eg_all_s,5.85911,748279,1
eg_all_s,5.85917,747531,1
eg_all_s,5.8592,746783,1
eg_all_s,5.85926,746036,1
eg_all_s,5.85929,745290,1
eg_all_s,5.85935,744545,1
eg_all_s,5.85938,743800,1
eg_all_s,5.85945,743056,1
eg_all_s,5.85948,742313,1
eg_all_s,5.85954,741571,1
eg_all_s,5.85957,740829,1
eg_all_s,5.85963,740088,1
eg_all_s,5.85966,739348,1
eg_all_s,5.85972,738608,1
eg_all_s,5.85975,737870,1
eg_all_s,5.85981,737132,1
eg_all_s,5.85984,736395,1
eg_all_s,5.8599,735658,1
eg_all_s,5.85993,734922,1
eg_all_s,5.85999,734187,1
eg_all_s,5.86002,733453,1
eg_all_s,5.86008,732719,1
eg_all_s,5.86011,731987,1
eg_all_s,5.86017,731255,1
eg_all_s,5.8602,730523,1
eg_all_s,5.86026,729793,1
eg_all_s,5.86029,729063,1
eg_all_s,5.86035,728333,1
eg_all_s,5.86038,727605,1
eg_all_s,5.86045,726877,1
eg_all_s,5.86048,726150,1
eg_all_s,5.86054,725424,1
eg_all_s,5.86057,724699,1
eg_all_s,5.86063,723974,1
eg_all_s,5.86066,723250,1
eg_all_s,5.86072,722526,1
eg_all_s,5.86075,721804,1
eg_all_s,5.86081,721082,1
eg_all_s,5.86084,720361,1
eg_all_s,5.8609,719640,1
eg_all_s,5.86093,718921,1
eg_all_s,5.86099,718201,1
eg_all_s,5.86102,717483,1
eg_all_s,5.86108,716766,1
eg_all_s,5.86111,716049,1
eg_all_s,5.86117,715333,1
eg_all_s,5.8612,714617,1
eg_all_s,5.86126,713902,1
eg_all_s,5.86129,713188,1
eg_all_s,5.86135,712475,1
eg_all_s,5.86138,711763,1
eg_all_s,5.86147,711051,1
eg_all_s,5.86151,710340,1
eg_all_s,5.86157,709629,1
eg_all_s,5.8616,708919,1
eg_all_s,5.86166,708210,1
eg_all_s,5.86169,707502,1
eg_all_s,5.86175,706794,1
eg_all_s,5.86178,706088,1
eg_all_s,5.86184,705381,1
eg_all_s,5.86187,704676,1
eg_all_s,5.86193,703971,1
eg_all_s,5.86196,703267,1
eg_all_s,5.86202,702564,1
eg_all_s,5.86205,701861,1
eg_all_s,5.86211,701159,1
eg_all_s,5.86214,700458,1
eg_all_s,5.8622,699757,1
eg_all_s,5.86223,699057,1
eg_all_s,5.86229,698358,1
eg_all_s,5.86232,697660,1
eg_all_s,5.86238,696962,1
eg_all_s,5.86241,696265,1
eg_all_s,5.86248,695568,1
eg_all_s,5.86251,694873,1
eg_all_s,5.86257,694178,1
eg_all_s,5.8626,693484,1
eg_all_s,5.86266,692790,1
eg_all_s,5.86269,692097,1
eg_all_s,5.86275,691405,1
eg_all_s,5.86278,690713,1
eg_all_s,5.86284,690023,1
eg_all_s,5.86287,689333,1
eg_all_s,5.86293,688643,1
eg_all_s,5.86296,687954,1
eg_all_s,5.86302,687266,1
eg_all_s,5.86305,686579,1
eg_all_s,5.86311,685892,1
eg_all_s,5.86314,685206,1
eg_all_s,5.8632,684521,1
eg_all_s,5.86323,683836,1
eg_all_s,5.86329,683152,1
eg_all_s,5.86332,682469,1
eg_all_s,5.86338,681786,1
eg_all_s,5.86341,681105,1
eg_all_s,5.86348,680423,1
eg_all_s,5.86351,679743,1
eg_all_s,5.86357,679063,1
eg_all_s,5.8636,678384,1
eg_all_s,5.86366,677705,1
eg_all_s,5.86369,677028,1
eg_all_s,5.86375,676350,1
eg_all_s,5.86378,675674,1
eg_all_s,5.86384,674998,1
eg_all_s,5.86387,674323,1
eg_all_s,5.86393,673649,1
eg_all_s,5.86396,672975,1
eg_all_s,5.86402,672302,1
eg_all_s,5.86405,671630,1
eg_all_s,5.86411,670958,1
eg_all_s,5.86414,670287,1
eg_all_s,5.8642,669616,1
eg_all_s,5.86423,668947,1
eg_all_s,5.86429,668278,1
eg_all_s,5.86432,667609,1
eg_all_s,5.86438,666941,1
eg_all_s,5.86441,666274,1
eg_all_s,5.86448,665608,1
eg_all_s,5.86451,664942,1
eg_all_s,5.86457,664277,1
eg_all_s,5.8646,663613,1
eg_all_s,5.86466,662949,1
eg_all_s,5.86469,662286,1
eg_all_s,5.86475,661624,1
eg_all_s,5.86478,660962,1
eg_all_s,5.86484,660301,1
eg_all_s,5.86487,659641,1
eg_all_s,5.86493,658981,1
eg_all_s,5.86496,658322,1
eg_all_s,5.86502,657663,1
eg_all_s,5.86505,657006,1
eg_all_s,5.86511,656348,1
eg_all_s,5.86514,655692,1
eg_all_s,5.8652,655036,1
eg_all_s,5.86523,654381,1
eg_all_s,5.86529,653727,1
eg_all_s,5.86532,653073,1
eg_all_s,5.86538,652420,1
eg_all_s,5.86541,651767,1
eg_all_s,5.86548,651115,1
eg_all_s,5.86551,650464,1
eg_all_s,5.86557,649813,1
eg_all_s,5.8656,649164,1
eg_all_s,5.86566,648514,1
eg_all_s,5.86569,647866,1
eg_all_s,5.86575,647218,1
eg_all_s,5.86578,646570,1
eg_all_s,5.86584,645924,1
eg_all_s,5.86587,645278,1
eg_all_s,5.86593,644632,1
eg_all_s,5.86596,643988,1
eg_all_s,5.86602,643343,1
eg_all_s,5.86605,642700,1
eg_all_s,5.86611,642057,1
eg_all_s,5.86614,641415,1
eg_all_s,5.8662,640773,1
eg_all_s,5.86623,640133,1
eg_all_s,5.86629,639492,1
eg_all_s,5.86632,638853,1
eg_all_s,5.86638,638214,1
eg_all_s,5.86641,637576,1
eg_all_s,5.86648,636938,1
eg_all_s,5.86651,636301,1
eg_all_s,5.86657,635664,1
eg_all_s,5.8666,635029,1
eg_all_s,5.86666,634394,1
eg_all_s,5.86669,633759,1
eg_all_s,5.86675,633125,1
eg_all_s,5.86678,632492,1
eg_all_s,5.86684,631859,1
eg_all_s,5.86687,631227,1
eg_all_s,5.86693,630596,1
eg_all_s,5.86696,629965,1
eg_all_s,5.86702,629335,1
eg_all_s,5.86705,628706,1
eg_all_s,5.86711,628077,1
eg_all_s,5.86714,627449,1
eg_all_s,5.8672,626821,1
eg_all_s,5.86723,626194,1
eg_all_s,5.86729,625568,1
eg_all_s,5.86732,624943,1
eg_all_s,5.86738,624317,1
eg_all_s,5.86741,623693,1
eg_all_s,5.86748,623069,1
eg_all_s,5.86752,622446,1
eg_all_s,5.86758,621823,1
eg_all_s,5.86761,621202,1
eg_all_s,5.86766,620580,1
eg_all_s,5.86769,619960,1
eg_all_s,5.86775,619339,1
eg_all_s,5.86778,618720,1
eg_all_s,5.86784,618101,1
eg_all_s,5.86787,617483,1
eg_all_s,5.86793,616865,1
eg_all_s,5.86796,616249,1
eg_all_s,5.86802,615632,1
eg_all_s,5.86805,615016,1
eg_all_s,5.86811,614401,1
eg_all_s,5.86814,613787,1
eg_all_s,5.8682,613173,1
eg_all_s,5.86823,612560,1
eg_all_s,5.86829,611947,1
eg_all_s,5.86832,611335,1
eg_all_s,5.86838,610723,1
eg_all_s,5.86841,610113,1
eg_all_s,5.86849,609502,1
eg_all_s,5.86852,608893,1
eg_all_s,5.86858,608284,1
eg_all_s,5.86861,607676,1
eg_all_s,5.86867,607068,1
eg_all_s,5.8687,606461,1
eg_all_s,5.86876,605854,1
eg_all_s,5.86879,605248,1
eg_all_s,5.86885,604643,1
eg_all_s,5.86888,604038,1
eg_all_s,5.86894,603434,1
eg_all_s,5.86897,602830,1
eg_all_s,5.86903,602227,1
eg_all_s,5.86906,601625,1
eg_all_s,5.86912,601023,1
eg_all_s,5.86915,600422,1
eg_all_s,5.86921,599822,1
eg_all_s,5.86924,599222,1
eg_all_s,5.8693,598622,1
eg_all_s,5.86933,598024,1
eg_all_s,5.86939,597425,1
eg_all_s,5.86942,596828,1
eg_all_s,5.86949,596231,1
eg_all_s,5.86952,595635,1
eg_all_s,5.86958,595039,1
eg_all_s,5.86961,594444,1
eg_all_s,5.86967,593849,1
eg_all_s,5.8697,593255,1
eg_all_s,5.86976,592662,1
eg_all_s,5.86979,592069,1
eg_all_s,5.86985,591477,1
eg_all_s,5.86988,590886,1
eg_all_s,5.86994,590294,1
eg_all_s,5.86997,589704,1
eg_all_s,5.87003,589114,1
eg_all_s,5.87006,588525,1
eg_all_s,5.87012,587936,1
eg_all_s,5.87015,587348,1
eg_all_s,5.87021,586761,1
eg_all_s,5.87024,586174,1
eg_all_s,5.8703,585588,1
eg_all_s,5.87033,585002,1
eg_all_s,5.87039,584417,1
eg_all_s,5.87042,583833,1
eg_all_s,5.87049,583249,1
eg_all_s,5.87052,582665,1
eg_all_s,5.87058,582082,1
eg_all_s,5.87061,581500,1
eg_all_s,5.87067,580919,1
eg_all_s,5.8707,580338,1
eg_all_s,5.87076,579757,1
eg_all_s,5.87079,579177,1
eg_all_s,5.87085,578598,1
eg_all_s,5.87088,578019,1
eg_all_s,5.87094,577441,1
eg_all_s,5.87097,576864,1
eg_all_s,5.87103,576287,1
eg_all_s,5.87107,575710,1
eg_all_s,5.87112,575135,1
eg_all_s,5.87115,574559,1
eg_all_s,5.87121,573985,1
eg_all_s,5.87124,573411,1
eg_all_s,5.8713,572837,1
eg_all_s,5.87133,572264,1
eg_all_s,5.87139,571692,1
eg_all_s,5.87142,571120,1
eg_all_s,5.87149,570549,1
eg_all_s,5.87152,569978,1
eg_all_s,5.87158,569408,1
eg_all_s,5.87161,568839,1
eg_all_s,5.87167,568270,1
eg_all_s,5.8717,567701,1
eg_all_s,5.87176,567133,1
eg_all_s,5.87179,566566,1
eg_all_s,5.87185,565999,1
eg_all_s,5.87188,565433,1
eg_all_s,5.87194,564868,1
eg_all_s,5.87197,564303,1
eg_all_s,5.87203,563738,1
eg_all_s,5.87206,563175,1
eg_all_s,5.87212,562611,1
eg_all_s,5.87215,562049,1
eg_all_s,5.87221,561486,1
eg_all_s,5.87224,560925,1
eg_all_s,5.8723,560364,1
eg_all_s,5.87233,559804,1
eg_all_s,5.87239,559244,1
eg_all_s,5.87242,558684,1
eg_all_s,5.87249,558125,1
eg_all_s,5.87252,557567,1
eg_all_s,5.87258,557009,1
eg_all_s,5.87261,556452,1
eg_all_s,5.87267,555896,1
eg_all_s,5.8727,555340,1
eg_all_s,5.87276,554784,1
eg_all_s,5.87279,554230,1
eg_all_s,5.87285,553675,1
eg_all_s,5.87288,553121,1
eg_all_s,5.87294,552568,1
eg_all_s,5.87297,552016,1
eg_all_s,5.87303,551463,1
eg_all_s,5.87306,550912,1
eg_all_s,5.87312,550361,1
eg_all_s,5.87315,549810,1
eg_all_s,5.87321,549260,1
eg_all_s,5.87324,548711,1
eg_all_s,5.8733,548162,1
eg_all_s,5.87333,547614,1
eg_all_s,5.87339,547066,1
eg_all_s,5.87342,546519,1
eg_all_s,5.87349,545972,1
eg_all_s,5.87352,545427,1
eg_all_s,5.87358,544881,1
eg_all_s,5.87361,544336,1
eg_all_s,5.87367,543791,1
eg_all_s,5.87371,543248,1
eg_all_s,5.87376,542704,1
eg_all_s,5.8738,542162,1
eg_all_s,5.87385,541619,1
eg_all_s,5.87389,541078,1
eg_all_s,5.87394,540536,1
eg_all_s,5.87398,539996,1
eg_all_s,5.87404,539456,1
eg_all_s,5.87407,538916,1
eg_all_s,5.87413,538377,1
eg_all_s,5.87416,537839,1
eg_all_s,5.87422,537301,1
eg_all_s,5.87425,536763,1
eg_all_s,5.87431,536226,1
eg_all_s,5.87434,535690,1
eg_all_s,5.8744,535154,1
eg_all_s,5.87443,534619,1
eg_all_s,5.8745,534084,1
eg_all_s,5.87453,533550,1
eg_all_s,5.87459,533016,1
eg_all_s,5.87462,532483,1
eg_all_s,5.87468,531951,1
eg_all_s,5.87471,531419,1
eg_all_s,5.87477,530887,1
eg_all_s,5.8748,530356,1
eg_all_s,5.87486,529826,1
eg_all_s,5.87489,529296,1
eg_all_s,5.87495,528766,1
eg_all_s,5.87498,528238,1
eg_all_s,5.87504,527709,1
eg_all_s,5.87507,527181,1
eg_all_s,5.87513,526654,1
eg_all_s,5.87516,526127,1
eg_all_s,5.87522,525601,1
eg_all_s,5.87525,525075,1
eg_all_s,5.87531,524550,1
eg_all_s,5.87534,524026,1
eg_all_s,5.8754,523501,1
eg_all_s,5.87543,522978,1
eg_all_s,5.8755,522455,1
eg_all_s,5.87553,521932,1
eg_all_s,5.87559,521410,1
eg_all_s,5.87562,520889,1
eg_all_s,5.87568,520368,1
eg_all_s,5.87571,519847,1
eg_all_s,5.87577,519327,1
eg_all_s,5.8758,518808,1
eg_all_s,5.87586,518289,1
eg_all_s,5.8759,517771,1
eg_all_s,5.87595,517253,1
eg_all_s,5.87599,516735,1
eg_all_s,5.87604,516218,1
eg_all_s,5.87608,515702,1
eg_all_s,5.87614,515186,1
eg_all_s,5.87617,514671,1
eg_all_s,5.87623,514156,1
eg_all_s,5.87626,513642,1
eg_all_s,5.87631,513128,1
eg_all_s,5.87635,512615,1
eg_all_s,5.8764,512102,1
eg_all_s,5.87644,511590,1
eg_all_s,5.8765,511078,1
eg_all_s,5.87654,510567,1
eg_all_s,5.87659,510057,1
eg_all_s,5.87663,509546,1
eg_all_s,5.87668,509037,1
eg_all_s,5.87672,508528,1
eg_all_s,5.87677,508019,1
eg_all_s,5.8768,507511,1
eg_all_s,5.87686,507003,1
eg_all_s,5.87689,506496,1
eg_all_s,5.87695,505990,1
eg_all_s,5.87699,505484,1
eg_all_s,5.87704,504978,1
eg_all_s,5.87708,504473,1
eg_all_s,5.87713,503968,1
eg_all_s,5.87717,503464,1
eg_all_s,5.87722,502961,1
eg_all_s,5.87726,502458,1
eg_all_s,5.87732,501955,1
eg_all_s,5.87735,501453,1
eg_all_s,5.8774,500951,1
eg_all_s,5.87744,500450,1
eg_all_s,5.87751,499950,1
eg_all_s,5.87754,499450,1
eg_all_s,5.8776,498950,1
eg_all_s,5.87763,498451,1
eg_all_s,5.87769,497953,1
eg_all_s,5.87772,497455,1
eg_all_s,5.87778,496957,1
eg_all_s,5.87781,496460,1
eg_all_s,5.87787,495963,1
eg_all_s,5.8779,495467,1
eg_all_s,5.87796,494972,1
eg_all_s,5.87799,494477,1
eg_all_s,5.87805,493982,1
eg_all_s,5.87808,493488,1
eg_all_s,5.87814,492994,1
eg_all_s,5.87817,492501,1
eg_all_s,5.87823,492009,1
eg_all_s,5.87826,491517,1
eg_all_s,5.87832,491025,1
eg_all_s,5.87835,490534,1
eg_all_s,5.87841,490043,1
eg_all_s,5.87845,489553,1
eg_all_s,5.87851,489063,1
eg_all_s,5.87854,488574,1
eg_all_s,5.8786,488086,1
eg_all_s,5.87863,487597,1
eg_all_s,5.87869,487110,1
eg_all_s,5.87872,486623,1
eg_all_s,5.87878,486136,1
eg_all_s,5.87881,485650,1
eg_all_s,5.87887,485164,1
eg_all_s,5.8789,484679,1
eg_all_s,5.87896,484194,1
eg_all_s,5.87899,483709,1
eg_all_s,5.87905,483226,1
eg_all_s,5.87908,482742,1
eg_all_s,5.87914,482259,1
eg_all_s,5.87917,481777,1
eg_all_s,5.87923,481295,1
eg_all_s,5.87926,480814,1
eg_all_s,5.87932,480333,1
eg_all_s,5.87935,479852,1
eg_all_s,5.87941,479372,1
eg_all_s,5.87945,478893,1
eg_all_s,5.87951,478414,1
eg_all_s,5.87954,477936,1
eg_all_s,5.8796,477457,1
eg_all_s,5.87963,476980,1
eg_all_s,5.87969,476503,1
eg_all_s,5.87972,476026,1
eg_all_s,5.87978,475550,1
eg_all_s,5.87981,475075,1
eg_all_s,5.87987,474599,1
eg_all_s,5.8799,474125,1
eg_all_s,5.87996,473650,1
eg_all_s,5.87999,473177,1
eg_all_s,5.88005,472703,1
eg_all_s,5.88008,472231,1
eg_all_s,5.88014,471758,1
eg_all_s,5.88017,471286,1
eg_all_s,5.88023,470815,1
eg_all_s,5.88026,470344,1
eg_all_s,5.88032,469874,1
eg_all_s,5.88035,469404,1
eg_all_s,5.88041,468934,1
eg_all_s,5.88045,468465,1
eg_all_s,5.88051,467996,1
eg_all_s,5.88054,467528,1
eg_all_s,5.8806,467061,1
eg_all_s,5.88063,466594,1
eg_all_s,5.88069,466127,1
eg_all_s,5.88072,465661,1
eg_all_s,5.88078,465195,1
eg_all_s,5.88081,464730,1
eg_all_s,5.88087,464265,1
eg_all_s,5.8809,463800,1
eg_all_s,5.88096,463336,1
eg_all_s,5.88099,462873,1
eg_all_s,5.88105,462410,1
eg_all_s,5.88108,461948,1
eg_all_s,5.88114,461486,1
eg_all_s,5.88117,461024,1
eg_all_s,5.88123,460563,1
eg_all_s,5.88126,460102,1
eg_all_s,5.88132,459642,1
eg_all_s,5.88135,459182,1
eg_all_s,5.88141,458723,1
eg_all_s,5.88145,458264,1
eg_all_s,5.88151,457806,1
eg_all_s,5.88154,457348,1
eg_all_s,5.8816,456890,1
eg_all_s,5.88163,456433,1
eg_all_s,5.88169,455977,1
eg_all_s,5.88172,455521,1
eg_all_s,5.88178,455065,1
eg_all_s,5.88181,454610,1
eg_all_s,5.88187,454155,1
eg_all_s,5.8819,453701,1
eg_all_s,5.88196,453247,1
eg_all_s,5.88199,452794,1
eg_all_s,5.88205,452341,1
eg_all_s,5.88208,451889,1
eg_all_s,5.88214,451437,1
eg_all_s,5.88217,450985,1
eg_all_s,5.88223,450534,1
eg_all_s,5.88226,450083,1
eg_all_s,5.88232,449633,1
eg_all_s,5.88236,449183,1
eg_all_s,5.88241,448734,1
eg_all_s,5.88245,448285,1
eg_all_s,5.88252,447837,1
eg_all_s,5.88255,447389,1
eg_all_s,5.88261,446941,1
eg_all_s,5.88264,446494,1
eg_all_s,5.88269,446048,1
eg_all_s,5.88273,445602,1
eg_all_s,5.88278,445156,1
eg_all_s,5.88281,444711,1
eg_all_s,5.88288,444266,1
eg_all_s,5.88291,443822,1
eg_all_s,5.88297,443378,1
eg_all_s,5.883,442934,1
eg_all_s,5.88306,442491,1
eg_all_s,5.88309,442049,1
eg_all_s,5.88315,441606,1
eg_all_s,5.88318,441165,1
eg_all_s,5.88324,440723,1
eg_all_s,5.88327,440283,1
eg_all_s,5.88333,439842,1
eg_all_s,5.88336,439402,1
eg_all_s,5.88342,438963,1
eg_all_s,5.88346,438524,1
eg_all_s,5.88352,438085,1
eg_all_s,5.88355,437647,1
eg_all_s,5.88361,437209,1
eg_all_s,5.88364,436772,1
eg_all_s,5.8837,436335,1
eg_all_s,5.88373,435899,1
eg_all_s,5.88379,435462,1
eg_all_s,5.88382,435027,1
eg_all_s,5.88388,434592,1
eg_all_s,5.88391,434157,1
eg_all_s,5.88397,433723,1
eg_all_s,5.884,433289,1
eg_all_s,5.88406,432856,1
eg_all_s,5.88409,432423,1
eg_all_s,5.88415,431990,1
eg_all_s,5.88418,431558,1
eg_all_s,5.88424,431126,1
eg_all_s,5.88427,430695,1
eg_all_s,5.88433,430264,1
eg_all_s,5.88436,429834,1
eg_all_s,5.88442,429404,1
eg_all_s,5.88446,428975,1
eg_all_s,5.88452,428545,1
eg_all_s,5.88455,428117,1
eg_all_s,5.88461,427689,1
eg_all_s,5.88464,427261,1
eg_all_s,5.8847,426833,1
eg_all_s,5.88473,426407,1
eg_all_s,5.88479,425980,1
eg_all_s,5.88482,425554,1
eg_all_s,5.88488,425128,1
eg_all_s,5.88491,424703,1
eg_all_s,5.88497,424278,1
eg_all_s,5.885,423854,1
eg_all_s,5.88506,423430,1
eg_all_s,5.88509,423006,1
eg_all_s,5.88515,422583,1
eg_all_s,5.88518,422161,1
eg_all_s,5.88524,421738,1
eg_all_s,5.88527,421317,1
eg_all_s,5.88533,420895,1
eg_all_s,5.88536,420474,1
eg_all_s,5.88542,420053,1
eg_all_s,5.88546,419633,1
eg_all_s,5.88552,419214,1
eg_all_s,5.88555,418794,1
eg_all_s,5.88561,418375,1
eg_all_s,5.88564,417957,1
eg_all_s,5.8857,417539,1
eg_all_s,5.88573,417121,1
eg_all_s,5.88579,416704,1
eg_all_s,5.88582,416287,1
eg_all_s,5.88588,415871,1
eg_all_s,5.88591,415455,1
eg_all_s,5.88597,415039,1
eg_all_s,5.886,414624,1
eg_all_s,5.88606,414209,1
eg_all_s,5.88609,413795,1
eg_all_s,5.88615,413381,1
eg_all_s,5.88618,412968,1
eg_all_s,5.88624,412555,1
eg_all_s,5.88627,412142,1
eg_all_s,5.88633,411730,1
eg_all_s,5.88636,411318,1
eg_all_s,5.88642,410906,1
eg_all_s,5.88646,410496,1
eg_all_s,5.88652,410085,1
eg_all_s,5.88655,409675,1
eg_all_s,5.88661,409265,1
eg_all_s,5.88665,408856,1
eg_all_s,5.8867,408447,1
eg_all_s,5.88673,408038,1
eg_all_s,5.88679,407630,1
eg_all_s,5.88683,407222,1
eg_all_s,5.88688,406815,1
eg_all_s,5.88692,406408,1
eg_all_s,5.88697,406001,1
eg_all_s,5.88701,405595,1
eg_all_s,5.88706,405190,1
eg_all_s,5.8871,404784,1
eg_all_s,5.88715,404379,1
eg_all_s,5.88719,403975,1
eg_all_s,5.88724,403571,1
eg_all_s,5.88727,403167,1
eg_all_s,5.88733,402764,1
eg_all_s,5.88737,402361,1
eg_all_s,5.88742,401959,1
eg_all_s,5.88746,401557,1
eg_all_s,5.88752,401155,1
eg_all_s,5.88755,400754,1
eg_all_s,5.88761,400353,1
eg_all_s,5.88765,399952,1
eg_all_s,5.8877,399552,1
eg_all_s,5.88774,399153,1
eg_all_s,5.8878,398753,1
eg_all_s,5.88783,398355,1
eg_all_s,5.88788,397956,1
eg_all_s,5.88792,397558,1
eg_all_s,5.88797,397160,1
eg_all_s,5.88801,396763,1
eg_all_s,5.88806,396366,1
eg_all_s,5.8881,395970,1
eg_all_s,5.88816,395574,1
eg_all_s,5.88819,395178,1
eg_all_s,5.88825,394783,1
eg_all_s,5.88828,394388,1
eg_all_s,5.88834,393993,1
eg_all_s,5.88837,393599,1
eg_all_s,5.88843,393206,1
eg_all_s,5.88847,392812,1
eg_all_s,5.88853,392419,1
eg_all_s,5.88856,392027,1
eg_all_s,5.88862,391635,1
eg_all_s,5.88865,391243,1
eg_all_s,5.88871,390852,1
eg_all_s,5.88874,390461,1
eg_all_s,5.8888,390070,1
eg_all_s,5.88883,389680,1
eg_all_s,5.88889,389290,1
eg_all_s,5.88892,388901,1
eg_all_s,5.88898,388512,1
eg_all_s,5.88901,388123,1
eg_all_s,5.88907,387735,1
eg_all_s,5.8891,387347,1
eg_all_s,5.88916,386960,1
eg_all_s,5.88919,386573,1
eg_all_s,5.88925,386186,1
eg_all_s,5.88928,385800,1
eg_all_s,5.88934,385414,1
eg_all_s,5.88937,385028,1
eg_all_s,5.88943,384643,1
eg_all_s,5.88947,384258,1
eg_all_s,5.88953,383874,1
eg_all_s,5.88956,383490,1
eg_all_s,5.88962,383106,1
eg_all_s,5.88965,382723,1
eg_all_s,5.88971,382340,1
eg_all_s,5.88974,381958,1
eg_all_s,5.8898,381576,1
eg_all_s,5.88983,381194,1
eg_all_s,5.88989,380813,1
eg_all_s,5.88992,380432,1
eg_all_s,5.88998,380051,1
eg_all_s,5.89001,379671,1
eg_all_s,5.89007,379292,1
eg_all_s,5.8901,378912,1
eg_all_s,5.89016,378533,1
eg_all_s,5.89019,378155,1
eg_all_s,5.89025,377776,1
eg_all_s,5.89028,377398,1
eg_all_s,5.89034,377021,1
eg_all_s,5.89037,376644,1
eg_all_s,5.89043,376267,1
eg_all_s,5.89047,375891,1
eg_all_s,5.89053,375515,1
eg_all_s,5.89056,375139,1
eg_all_s,5.89062,374764,1
eg_all_s,5.89065,374389,1
eg_all_s,5.89071,374014,1
eg_all_s,5.89074,373640,1
eg_all_s,5.8908,373267,1
eg_all_s,5.89083,372893,1
eg_all_s,5.89089,372520,1
eg_all_s,5.89092,372148,1
eg_all_s,5.89098,371775,1
eg_all_s,5.89101,371404,1
eg_all_s,5.89107,371032,1
eg_all_s,5.8911,370661,1
eg_all_s,5.89116,370290,1
eg_all_s,5.89119,369920,1
eg_all_s,5.89125,369550,1
eg_all_s,5.89129,369180,1
eg_all_s,5.89135,368811,1
eg_all_s,5.89138,368442,1
eg_all_s,5.89144,368073,1
eg_all_s,5.89147,367705,1
eg_all_s,5.89153,367337,1
eg_all_s,5.89157,366970,1
eg_all_s,5.89163,366603,1
eg_all_s,5.89166,366236,1
eg_all_s,5.89171,365870,1
eg_all_s,5.89175,365504,1
eg_all_s,5.8918,365138,1
eg_all_s,5.89184,364773,1
eg_all_s,5.89189,364408,1
eg_all_s,5.89193,364044,1
eg_all_s,5.89199,363679,1
eg_all_s,5.89202,363316,1
eg_all_s,5.89208,362952,1
eg_all_s,5.89211,362589,1
eg_all_s,5.89217,362226,1
eg_all_s,5.8922,361864,1
eg_all_s,5.89226,361502,1
eg_all_s,5.89229,361141,1
eg_all_s,5.89235,360779,1
eg_all_s,5.89238,360419,1
eg_all_s,5.89245,360058,1
eg_all_s,5.89248,359698,1
eg_all_s,5.89254,359338,1
eg_all_s,5.89257,358979,1
eg_all_s,5.89263,358619,1
eg_all_s,5.89266,358261,1
eg_all_s,5.89272,357902,1
eg_all_s,5.89275,357544,1
eg_all_s,5.89281,357187,1
eg_all_s,5.89284,356830,1
eg_all_s,5.8929,356472,1
eg_all_s,5.89293,356116,1
eg_all_s,5.89299,355760,1
eg_all_s,5.89302,355404,1
eg_all_s,5.89308,355048,1
eg_all_s,5.89311,354693,1
eg_all_s,5.89317,354338,1
eg_all_s,5.8932,353984,1
eg_all_s,5.89326,353630,1
eg_all_s,5.89329,353276,1
eg_all_s,5.89335,352923,1
eg_all_s,5.89338,352570,1
eg_all_s,5.89345,352217,1
eg_all_s,5.89348,351865,1
eg_all_s,5.89354,351513,1
eg_all_s,5.89357,351161,1
eg_all_s,5.89363,350810,1
eg_all_s,5.89366,350459,1
eg_all_s,5.89372,350108,1
eg_all_s,5.89375,349758,1
eg_all_s,5.89381,349408,1
eg_all_s,5.89384,349059,1
eg_all_s,5.8939,348710,1
eg_all_s,5.89393,348361,1
eg_all_s,5.89399,348012,1
eg_all_s,5.89402,347664,1
eg_all_s,5.89408,347317,1
eg_all_s,5.89411,346969,1
eg_all_s,5.89417,346622,1
eg_all_s,5.8942,346275,1
eg_all_s,5.89426,345929,1
eg_all_s,5.89429,345583,1
eg_all_s,5.89435,345237,1
eg_all_s,5.89438,344892,1
eg_all_s,5.89445,344547,1
eg_all_s,5.89448,344202,1
eg_all_s,5.89454,343858,1
eg_all_s,5.89457,343514,1
eg_all_s,5.89463,343170,1
eg_all_s,5.89466,342827,1
eg_all_s,5.89472,342484,1
eg_all_s,5.89475,342142,1
eg_all_s,5.89481,341799,1
eg_all_s,5.89484,341458,1
eg_all_s,5.8949,341116,1
eg_all_s,5.89493,340775,1
eg_all_s,5.89499,340434,1
eg_all_s,5.89502,340093,1
eg_all_s,5.89508,339753,1
eg_all_s,5.89511,339413,1
eg_all_s,5.89517,339074,1
eg_all_s,5.8952,338735,1
eg_all_s,5.89526,338396,1
eg_all_s,5.89529,338057,1
eg_all_s,5.89535,337719,1
eg_all_s,5.89538,337381,1
eg_all_s,5.89545,337044,1
eg_all_s,5.89548,336707,1
eg_all_s,5.89554,336370,1
eg_all_s,5.89557,336033,1
eg_all_s,5.89563,335697,1
eg_all_s,5.89566,335361,1
eg_all_s,5.89572,335026,1
eg_all_s,5.89575,334691,1
eg_all_s,5.89581,334356,1
eg_all_s,5.89584,334022,1
eg_all_s,5.8959,333687,1
eg_all_s,5.89593,333354,1
eg_all_s,5.89599,333020,1
eg_all_s,5.89602,332687,1
eg_all_s,5.89608,332354,1
eg_all_s,5.89611,332022,1
eg_all_s,5.89617,331690,1
eg_all_s,5.8962,331358,1
eg_all_s,5.89626,331026,1
eg_all_s,5.89629,330695,1
eg_all_s,5.89635,330365,1
eg_all_s,5.89638,330034,1
eg_all_s,5.89645,329704,1
eg_all_s,5.89648,329374,1
eg_all_s,5.89654,329045,1
eg_all_s,5.89657,328716,1
eg_all_s,5.89663,328387,1
eg_all_s,5.89666,328058,1
eg_all_s,5.89672,327730,1
eg_all_s,5.89675,327402,1
eg_all_s,5.89681,327075,1
eg_all_s,5.89684,326748,1
eg_all_s,5.8969,326421,1
eg_all_s,5.89693,326094,1
eg_all_s,5.89699,325768,1
eg_all_s,5.89702,325442,1
eg_all_s,5.89708,325117,1
eg_all_s,5.89711,324791,1
eg_all_s,5.89717,324466,1
eg_all_s,5.8972,324142,1
eg_all_s,5.89727,323818,1
eg_all_s,5.8973,323494,1
eg_all_s,5.89736,323170,1
eg_all_s,5.89739,322847,1
eg_all_s,5.89746,322524,1
eg_all_s,5.89749,322201,1
eg_all_s,5.89755,321879,1
eg_all_s,5.89758,321557,1
eg_all_s,5.89764,321235,1
eg_all_s,5.89767,320914,1
eg_all_s,5.89773,320593,1
eg_all_s,5.89776,320272,1
eg_all_s,5.89782,319952,1
eg_all_s,5.89785,319632,1
eg_all_s,5.89791,319312,1
eg_all_s,5.89794,318993,1
eg_all_s,5.898,318674,1
eg_all_s,5.89803,318355,1
eg_all_s,5.89809,318036,1
eg_all_s,5.89812,317718,1
eg_all_s,5.89818,317400,1
eg_all_s,5.89821,317083,1
eg_all_s,5.89827,316766,1
eg_all_s,5.8983,316449,1
eg_all_s,5.89836,316132,1
eg_all_s,5.89839,315816,1
eg_all_s,5.89846,315500,1
eg_all_s,5.89849,315185,1
eg_all_s,5.89855,314869,1
eg_all_s,5.89858,314554,1
eg_all_s,5.89864,314240,1
eg_all_s,5.89867,313925,1
eg_all_s,5.89873,313611,1
eg_all_s,5.89876,313298,1
eg_all_s,5.89882,312984,1
eg_all_s,5.89885,312671,1
eg_all_s,5.89891,312358,1
eg_all_s,5.89894,312046,1
eg_all_s,5.899,311734,1
eg_all_s,5.89903,311422,1
eg_all_s,5.89909,311110,1
eg_all_s,5.89912,310799,1
eg_all_s,5.89918,310488,1
eg_all_s,5.89921,310178,1
eg_all_s,5.89927,309867,1
eg_all_s,5.8993,309558,1
eg_all_s,5.89936,309248,1
eg_all_s,5.89939,308939,1
eg_all_s,5.89946,308629,1
eg_all_s,5.89949,308321,1
eg_all_s,5.89955,308012,1
eg_all_s,5.89958,307704,1
eg_all_s,5.89964,307396,1
eg_all_s,5.89967,307089,1
eg_all_s,5.89973,306782,1
eg_all_s,5.89976,306475,1
eg_all_s,5.89982,306168,1
eg_all_s,5.89985,305862,1
eg_all_s,5.89991,305556,1
eg_all_s,5.89994,305250,1
eg_all_s,5.9,304945,1
eg_all_s,5.90003,304640,1
eg_all_s,5.90009,304335,1
eg_all_s,5.90012,304031,1
eg_all_s,5.90018,303727,1
eg_all_s,5.90021,303423,1
eg_all_s,5.90027,303119,1
eg_all_s,5.9003,302816,1
eg_all_s,5.90036,302513,1
eg_all_s,5.90039,302211,1
eg_all_s,5.90046,301908,1
eg_all_s,5.90049,301606,1
eg_all_s,5.90055,301304,1
eg_all_s,5.90058,301003,1
eg_all_s,5.90064,300702,1
eg_all_s,5.90067,300401,1
eg_all_s,5.90073,300101,1
eg_all_s,5.90076,299801,1
eg_all_s,5.90082,299501,1
eg_all_s,5.90085,299201,1
eg_all_s,5.90091,298902,1
eg_all_s,5.90094,298603,1
eg_all_s,5.901,298304,1
eg_all_s,5.90103,298006,1
eg_all_s,5.90109,297707,1
eg_all_s,5.90113,297410,1
eg_all_s,5.90119,297112,1
eg_all_s,5.90122,296815,1
eg_all_s,5.90127,296518,1
eg_all_s,5.90131,296221,1
eg_all_s,5.90137,295925,1
eg_all_s,5.9014,295629,1
eg_all_s,5.90147,295333,1
eg_all_s,5.9015,295038,1
eg_all_s,5.90156,294743,1
eg_all_s,5.90159,294448,1
eg_all_s,5.90165,294153,1
eg_all_s,5.90168,293859,1
eg_all_s,5.90174,293565,1
eg_all_s,5.90177,293271,1
eg_all_s,5.90183,292978,1
eg_all_s,5.90186,292685,1
eg_all_s,5.90192,292392,1
eg_all_s,5.90195,292100,1
eg_all_s,5.90201,291807,1
eg_all_s,5.90204,291516,1
eg_all_s,5.9021,291224,1
eg_all_s,5.90213,290933,1
eg_all_s,5.90219,290642,1
eg_all_s,5.90222,290351,1
eg_all_s,5.90228,290060,1
eg_all_s,5.90231,289770,1
eg_all_s,5.90237,289480,1
eg_all_s,5.9024,289191,1
eg_all_s,5.90247,288901,1
eg_all_s,5.9025,288613,1
eg_all_s,5.90256,288324,1
eg_all_s,5.90259,288035,1
eg_all_s,5.90265,287747,1
eg_all_s,5.90268,287459,1
eg_all_s,5.90274,287172,1
eg_all_s,5.90277,286885,1
eg_all_s,5.90283,286598,1
eg_all_s,5.90286,286311,1
eg_all_s,5.90292,286024,1
eg_all_s,5.90295,285738,1
eg_all_s,5.90301,285452,1
eg_all_s,5.90304,285167,1
eg_all_s,5.9031,284882,1
eg_all_s,5.90313,284597,1
eg_all_s,5.90319,284312,1
eg_all_s,5.90322,284028,1
eg_all_s,5.90328,283743,1
eg_all_s,5.90331,283460,1
eg_all_s,5.90337,283176,1
eg_all_s,5.9034,282893,1
eg_all_s,5.90347,282610,1
eg_all_s,5.9035,282327,1
eg_all_s,5.90356,282045,1
eg_all_s,5.90359,281763,1
eg_all_s,5.90365,281481,1
eg_all_s,5.90368,281199,1
eg_all_s,5.90374,280918,1
eg_all_s,5.90377,280637,1
eg_all_s,5.90383,280356,1
eg_all_s,5.90386,280076,1
eg_all_s,5.90392,279795,1
eg_all_s,5.90395,279516,1
eg_all_s,5.90401,279236,1
eg_all_s,5.90404,278957,1
eg_all_s,5.9041,278677,1
eg_all_s,5.90413,278399,1
eg_all_s,5.90419,278120,1
eg_all_s,5.90422,277842,1
eg_all_s,5.90428,277564,1
eg_all_s,5.90431,277286,1
eg_all_s,5.90437,277009,1
eg_all_s,5.9044,276732,1
eg_all_s,5.90447,276455,1
eg_all_s,5.90451,276179,1
eg_all_s,5.90457,275902,1
eg_all_s,5.9046,275626,1
eg_all_s,5.90466,275350,1
eg_all_s,5.90469,275075,1
eg_all_s,5.90475,274800,1
eg_all_s,5.90478,274525,1
eg_all_s,5.90484,274250,1
eg_all_s,5.90487,273976,1
eg_all_s,5.90493,273702,1
eg_all_s,5.90496,273428,1
eg_all_s,5.90502,273154,1
eg_all_s,5.90505,272881,1
eg_all_s,5.90511,272608,1
eg_all_s,5.90514,272336,1
eg_all_s,5.9052,272063,1
eg_all_s,5.90523,271791,1
eg_all_s,5.90529,271519,1
eg_all_s,5.90532,271248,1
eg_all_s,5.90538,270976,1
eg_all_s,5.90541,270705,1
eg_all_s,5.90548,270434,1
eg_all_s,5.90551,270164,1
eg_all_s,5.90557,269893,1
eg_all_s,5.9056,269624,1
eg_all_s,5.90566,269354,1
eg_all_s,5.90569,269084,1
eg_all_s,5.90575,268815,1
eg_all_s,5.90578,268546,1
eg_all_s,5.90584,268277,1
eg_all_s,5.90587,268009,1
eg_all_s,5.90593,267741,1
eg_all_s,5.90596,267473,1
eg_all_s,5.90602,267206,1
eg_all_s,5.90605,266938,1
eg_all_s,5.90611,266671,1
eg_all_s,5.90614,266405,1
eg_all_s,5.9062,266138,1
eg_all_s,5.90623,265872,1
eg_all_s,5.90629,265606,1
eg_all_s,5.90632,265340,1
eg_all_s,5.90638,265075,1
eg_all_s,5.90641,264810,1
eg_all_s,5.90648,264545,1
eg_all_s,5.90651,264280,1
eg_all_s,5.90657,264015,1
eg_all_s,5.9066,263751,1
eg_all_s,5.90666,263488,1
eg_all_s,5.90669,263224,1
eg_all_s,5.90675,262961,1
eg_all_s,5.90678,262698,1
eg_all_s,5.90684,262435,1
eg_all_s,5.90687,262172,1
eg_all_s,5.90693,261910,1
eg_all_s,5.90696,261648,1
eg_all_s,5.90702,261386,1
eg_all_s,5.90705,261125,1
eg_all_s,5.90711,260863,1
eg_all_s,5.90714,260603,1
eg_all_s,5.9072,260342,1
eg_all_s,5.90723,260081,1
eg_all_s,5.90729,259821,1
eg_all_s,5.90732,259561,1
eg_all_s,5.90738,259302,1
eg_all_s,5.90741,259042,1
eg_all_s,5.90748,258783,1
eg_all_s,5.90752,258524,1
eg_all_s,5.90757,258266,1
eg_all_s,5.90761,258007,1
eg_all_s,5.90766,257749,1
eg_all_s,5.9077,257491,1
eg_all_s,5.90775,257234,1
eg_all_s,5.90779,256976,1
eg_all_s,5.90784,256719,1
eg_all_s,5.90788,256462,1
eg_all_s,5.90793,256206,1
eg_all_s,5.90796,255950,1
eg_all_s,5.90802,255693,1
eg_all_s,5.90805,255438,1
eg_all_s,5.90811,255182,1
eg_all_s,5.90814,254927,1
eg_all_s,5.9082,254672,1
eg_all_s,5.90823,254417,1
eg_all_s,5.90829,254163,1
eg_all_s,5.90832,253908,1
eg_all_s,5.90838,253654,1
eg_all_s,5.90841,253401,1
eg_all_s,5.90848,253147,1
eg_all_s,5.90851,252894,1
eg_all_s,5.90857,252641,1
eg_all_s,5.9086,252388,1
eg_all_s,5.90866,252136,1
eg_all_s,5.90869,251883,1
eg_all_s,5.90875,251631,1
eg_all_s,5.90878,251380,1
eg_all_s,5.90884,251128,1
eg_all_s,5.90887,250877,1
eg_all_s,5.90893,250626,1
eg_all_s,5.90896,250375,1
eg_all_s,5.90902,250125,1
eg_all_s,5.90905,249875,1
eg_all_s,5.90911,249624,1
eg_all_s,5.90914,249375,1
eg_all_s,5.9092,249125,1
eg_all_s,5.90923,248876,1
eg_all_s,5.90929,248627,1
eg_all_s,5.90932,248378,1
eg_all_s,5.90938,248130,1
eg_all_s,5.90941,247882,1
eg_all_s,5.90948,247634,1
eg_all_s,5.90951,247386,1
eg_all_s,5.90957,247138,1
eg_all_s,5.9096,246891,1
eg_all_s,5.90966,246644,1
eg_all_s,5.90969,246398,1
eg_all_s,5.90975,246151,1
eg_all_s,5.90978,245905,1
eg_all_s,5.90984,245659,1
eg_all_s,5.90987,245413,1
eg_all_s,5.90993,245167,1
eg_all_s,5.90996,244922,1
eg_all_s,5.91002,244677,1
eg_all_s,5.91005,244432,1
eg_all_s,5.91011,244188,1
eg_all_s,5.91014,243944,1
eg_all_s,5.9102,243699,1
eg_all_s,5.91023,243456,1
eg_all_s,5.91029,243212,1
eg_all_s,5.91032,242969,1
eg_all_s,5.91038,242726,1
eg_all_s,5.91041,242483,1
eg_all_s,5.91048,242240,1
eg_all_s,5.91051,241998,1
eg_all_s,5.91057,241756,1
eg_all_s,5.9106,241514,1
eg_all_s,5.91066,241272,1
eg_all_s,5.91069,241031,1
eg_all_s,5.91075,240790,1
eg_all_s,5.91078,240549,1
eg_all_s,5.91084,240308,1
eg_all_s,5.91087,240068,1
eg_all_s,5.91093,239828,1
eg_all_s,5.91096,239588,1
eg_all_s,5.91102,239348,1
eg_all_s,5.91105,239109,1
eg_all_s,5.91111,238870,1
eg_all_s,5.91114,238631,1
eg_all_s,5.9112,238392,1
eg_all_s,5.91123,238153,1
eg_all_s,5.91129,237915,1
eg_all_s,5.91132,237677,1
eg_all_s,5.91138,237439,1
eg_all_s,5.91141,237202,1
eg_all_s,5.91148,236964,1
eg_all_s,5.91151,236727,1
eg_all_s,5.91157,236491,1
eg_all_s,5.9116,236254,1
eg_all_s,5.91166,236018,1
eg_all_s,5.9117,235782,1
eg_all_s,5.91176,235546,1
eg_all_s,5.91179,235310,1
eg_all_s,5.91185,235075,1
eg_all_s,5.91188,234839,1
eg_all_s,5.91194,234604,1
eg_all_s,5.91197,234370,1
eg_all_s,5.91203,234135,1
eg_all_s,5.91206,233901,1
eg_all_s,5.91212,233667,1
eg_all_s,5.91215,233433,1
eg_all_s,5.91221,233200,1
eg_all_s,5.91224,232966,1
eg_all_s,5.9123,232733,1
eg_all_s,5.91233,232501,1
eg_all_s,5.91239,232268,1
eg_all_s,5.91242,232036,1
eg_all_s,5.91249,231803,1
eg_all_s,5.91252,231572,1
eg_all_s,5.91258,231340,1
eg_all_s,5.91261,231108,1
eg_all_s,5.91267,230877,1
eg_all_s,5.9127,230646,1
eg_all_s,5.91276,230415,1
eg_all_s,5.91279,230185,1
eg_all_s,5.91285,229955,1
eg_all_s,5.91288,229725,1
eg_all_s,5.91294,229495,1
eg_all_s,5.91297,229265,1
eg_all_s,5.91303,229036,1
eg_all_s,5.91306,228807,1
eg_all_s,5.91312,228578,1
eg_all_s,5.91315,228349,1
eg_all_s,5.91321,228121,1
eg_all_s,5.91324,227892,1
eg_all_s,5.9133,227664,1
eg_all_s,5.91333,227437,1
eg_all_s,5.91339,227209,1
eg_all_s,5.91342,226982,1
eg_all_s,5.91349,226755,1
eg_all_s,5.91352,226528,1
eg_all_s,5.91358,226301,1
eg_all_s,5.91361,226075,1
eg_all_s,5.91367,225849,1
eg_all_s,5.9137,225623,1
eg_all_s,5.91376,225397,1
eg_all_s,5.91379,225172,1
eg_all_s,5.91385,224946,1
eg_all_s,5.91388,224721,1
eg_all_s,5.91394,224496,1
eg_all_s,5.91397,224272,1
eg_all_s,5.91403,224047,1
eg_all_s,5.91406,223823,1
eg_all_s,5.91412,223599,1
eg_all_s,5.91415,223376,1
eg_all_s,5.91421,223152,1
eg_all_s,5.91424,222929,1
eg_all_s,5.9143,222706,1
eg_all_s,5.91433,222483,1
eg_all_s,5.91439,222260,1
eg_all_s,5.91442,222038,1
eg_all_s,5.91449,221816,1
eg_all_s,5.91453,221594,1
eg_all_s,5.91459,221372,1
eg_all_s,5.91462,221151,1
eg_all_s,5.91468,220930,1
eg_all_s,5.91471,220709,1
eg_all_s,5.91477,220488,1
eg_all_s,5.9148,220267,1
eg_all_s,5.91486,220047,1
eg_all_s,5.91489,219827,1
eg_all_s,5.91495,219607,1
eg_all_s,5.91498,219387,1
eg_all_s,5.91504,219168,1
eg_all_s,5.91507,218948,1
eg_all_s,5.91513,218729,1
eg_all_s,5.91516,218510,1
eg_all_s,5.91522,218292,1
eg_all_s,5.91525,218073,1
eg_all_s,5.91531,217855,1
eg_all_s,5.91534,217637,1
eg_all_s,5.9154,217420,1
eg_all_s,5.91543,217202,1
eg_all_s,5.91549,216985,1
eg_all_s,5.91553,216768,1
eg_all_s,5.91559,216551,1
eg_all_s,5.91562,216334,1
eg_all_s,5.91568,216118,1
eg_all_s,5.91571,215902,1
eg_all_s,5.91577,215685,1
eg_all_s,5.9158,215470,1
eg_all_s,5.91586,215254,1
eg_all_s,5.91589,215039,1
eg_all_s,5.91595,214824,1
eg_all_s,5.91598,214609,1
eg_all_s,5.91604,214394,1
eg_all_s,5.91607,214180,1
eg_all_s,5.91613,213965,1
eg_all_s,5.91616,213751,1
eg_all_s,5.91621,213537,1
eg_all_s,5.91625,213324,1
eg_all_s,5.91631,213110,1
eg_all_s,5.91634,212897,1
eg_all_s,5.9164,212684,1
eg_all_s,5.91643,212471,1
eg_all_s,5.91649,212259,1
eg_all_s,5.91653,212046,1
eg_all_s,5.91659,211834,1
eg_all_s,5.91662,211622,1
eg_all_s,5.91668,211410,1
eg_all_s,5.91671,211199,1
eg_all_s,5.91677,210988,1
eg_all_s,5.9168,210777,1
eg_all_s,5.91686,210566,1
eg_all_s,5.91689,210355,1
eg_all_s,5.91695,210145,1
eg_all_s,5.91698,209934,1
eg_all_s,5.91704,209724,1
eg_all_s,5.91707,209515,1
eg_all_s,5.91713,209305,1
eg_all_s,5.91716,209096,1
eg_all_s,5.91722,208886,1
eg_all_s,5.91725,208677,1
eg_all_s,5.91731,208468,1
eg_all_s,5.91734,208260,1
eg_all_s,5.9174,208052,1
eg_all_s,5.91743,207843,1
eg_all_s,5.9175,207635,1
eg_all_s,5.91753,207428,1
eg_all_s,5.91759,207220,1
eg_all_s,5.91762,207013,1
eg_all_s,5.91768,206806,1
eg_all_s,5.91771,206599,1
eg_all_s,5.91777,206392,1
eg_all_s,5.9178,206186,1
eg_all_s,5.91786,205979,1
eg_all_s,5.91789,205773,1
eg_all_s,5.91795,205567,1
eg_all_s,5.91798,205362,1
eg_all_s,5.91804,205156,1
eg_all_s,5.91807,204951,1
eg_all_s,5.91813,204746,1
eg_all_s,5.91816,204541,1
eg_all_s,5.91822,204336,1
eg_all_s,5.91825,204132,1
eg_all_s,5.91831,203928,1
eg_all_s,5.91834,203724,1
eg_all_s,5.9184,203520,1
eg_all_s,5.91843,203316,1
eg_all_s,5.9185,203113,1
eg_all_s,5.91853,202910,1
eg_all_s,5.91859,202707,1
eg_all_s,5.91862,202504,1
eg_all_s,5.91868,202301,1
eg_all_s,5.91871,202099,1
eg_all_s,5.91877,201897,1
eg_all_s,5.9188,201695,1
eg_all_s,5.91886,201493,1
eg_all_s,5.91889,201291,1
eg_all_s,5.91895,201090,1
eg_all_s,5.91898,200889,1
eg_all_s,5.91904,200688,1
eg_all_s,5.91907,200487,1
eg_all_s,5.91913,200286,1
eg_all_s,5.91916,200086,1
eg_all_s,5.91922,199886,1
eg_all_s,5.91925,199686,1
eg_all_s,5.91931,199486,1
eg_all_s,5.91934,199286,1
eg_all_s,5.9194,199087,1
eg_all_s,5.91943,198888,1
eg_all_s,5.9195,198689,1
eg_all_s,5.91953,198490,1
eg_all_s,5.91959,198291,1
eg_all_s,5.91962,198093,1
eg_all_s,5.91968,197895,1
eg_all_s,5.91971,197697,1
eg_all_s,5.91977,197499,1
eg_all_s,5.9198,197302,1
eg_all_s,5.91986,197104,1
eg_all_s,5.91989,196907,1
eg_all_s,5.91995,196710,1
eg_all_s,5.91998,196513,1
eg_all_s,5.92004,196316,1
eg_all_s,5.92007,196120,1
eg_all_s,5.92013,195924,1
eg_all_s,5.92016,195728,1
eg_all_s,5.92022,195532,1
eg_all_s,5.92025,195336,1
eg_all_s,5.92031,195141,1
eg_all_s,5.92034,194946,1
eg_all_s,5.9204,194751,1
eg_all_s,5.92043,194556,1
eg_all_s,5.9205,194361,1
eg_all_s,5.92053,194167,1
eg_all_s,5.92059,193972,1
eg_all_s,5.92062,193778,1
eg_all_s,5.92068,193584,1
eg_all_s,5.92071,193391,1
eg_all_s,5.92077,193197,1
eg_all_s,5.9208,193004,1
eg_all_s,5.92086,192811,1
eg_all_s,5.92089,192618,1
eg_all_s,5.92095,192425,1
eg_all_s,5.92098,192233,1
eg_all_s,5.92104,192040,1
eg_all_s,5.92107,191848,1
eg_all_s,5.92113,191656,1
eg_all_s,5.92116,191465,1
eg_all_s,5.92122,191273,1
eg_all_s,5.92125,191082,1
eg_all_s,5.92131,190890,1
eg_all_s,5.92134,190699,1
eg_all_s,5.9214,190509,1
eg_all_s,5.92143,190318,1
eg_all_s,5.9215,190128,1
eg_all_s,5.92153,189937,1
eg_all_s,5.92159,189747,1
eg_all_s,5.92163,189557,1
eg_all_s,5.92168,189368,1
eg_all_s,5.92171,189178,1
eg_all_s,5.92177,188989,1
eg_all_s,5.92181,188800,1
eg_all_s,5.92187,188611,1
eg_all_s,5.9219,188422,1
eg_all_s,5.92196,188234,1
eg_all_s,5.92199,188046,1
eg_all_s,5.92205,187857,1
eg_all_s,5.92208,187669,1
eg_all_s,5.92214,187482,1
eg_all_s,5.92217,187294,1
eg_all_s,5.92223,187107,1
eg_all_s,5.92226,186919,1
eg_all_s,5.92232,186732,1
eg_all_s,5.92235,186546,1
eg_all_s,5.92241,186359,1
eg_all_s,5.92244,186173,1
eg_all_s,5.92251,185986,1
eg_all_s,5.92254,185800,1
eg_all_s,5.9226,185614,1
eg_all_s,5.92263,185429,1
eg_all_s,5.92269,185243,1
eg_all_s,5.92272,185058,1
eg_all_s,5.92277,184872,1
eg_all_s,5.9228,184688,1
eg_all_s,5.92286,184503,1
eg_all_s,5.92289,184318,1
eg_all_s,5.92295,184134,1
eg_all_s,5.92299,183949,1
eg_all_s,5.92305,183765,1
eg_all_s,5.92308,183582,1
eg_all_s,5.92313,183398,1
eg_all_s,5.92317,183214,1
eg_all_s,5.92323,183031,1
eg_all_s,5.92326,182848,1
eg_all_s,5.92332,182665,1
eg_all_s,5.92335,182482,1
eg_all_s,5.9234,182300,1
eg_all_s,5.92344,182117,1
eg_all_s,5.9235,181935,1
eg_all_s,5.92353,181753,1
eg_all_s,5.92359,181571,1
eg_all_s,5.92362,181389,1
eg_all_s,5.92368,181208,1
eg_all_s,5.92371,181027,1
eg_all_s,5.92377,180845,1
eg_all_s,5.9238,180665,1
eg_all_s,5.92386,180484,1
eg_all_s,5.92389,180303,1
eg_all_s,5.92395,180123,1
eg_all_s,5.92399,179943,1
eg_all_s,5.92404,179762,1
eg_all_s,5.92408,179583,1
eg_all_s,5.92413,179403,1
eg_all_s,5.92417,179224,1
eg_all_s,5.92422,179044,1
eg_all_s,5.92426,178865,1
eg_all_s,5.92431,178686,1
eg_all_s,5.92435,178507,1
eg_all_s,5.9244,178329,1
eg_all_s,5.92445,178150,1
eg_all_s,5.92451,177972,1
eg_all_s,5.92454,177794,1
eg_all_s,5.9246,177616,1
eg_all_s,5.92463,177438,1
eg_all_s,5.92469,177261,1
eg_all_s,5.92472,177083,1
eg_all_s,5.92478,176906,1
eg_all_s,5.92481,176729,1
eg_all_s,5.92487,176552,1
eg_all_s,5.9249,176376,1
eg_all_s,5.92496,176199,1
eg_all_s,5.92499,176023,1
eg_all_s,5.92505,175847,1
eg_all_s,5.92508,175671,1
eg_all_s,5.92514,175495,1
eg_all_s,5.92517,175320,1
eg_all_s,5.92523,175144,1
eg_all_s,5.92526,174969,1
eg_all_s,5.92532,174794,1
eg_all_s,5.92535,174619,1
eg_all_s,5.92541,174444,1
eg_all_s,5.92545,174270,1
eg_all_s,5.92552,174095,1
eg_all_s,5.92555,173921,1
eg_all_s,5.92561,173747,1
eg_all_s,5.92564,173573,1
eg_all_s,5.9257,173399,1
eg_all_s,5.92573,173226,1
eg_all_s,5.92579,173053,1
eg_all_s,5.92582,172880,1
eg_all_s,5.92588,172706,1
eg_all_s,5.92591,172534,1
eg_all_s,5.92597,172361,1
eg_all_s,5.926,172189,1
eg_all_s,5.92606,172016,1
eg_all_s,5.92609,171844,1
eg_all_s,5.92615,171672,1
eg_all_s,5.92619,171501,1
eg_all_s,5.92624,171329,1
eg_all_s,5.92627,171157,1
eg_all_s,5.92633,170986,1
eg_all_s,5.92636,170815,1
eg_all_s,5.92642,170644,1
eg_all_s,5.92647,170473,1
eg_all_s,5.92653,170303,1
eg_all_s,5.92656,170133,1
eg_all_s,5.92662,169962,1
eg_all_s,5.92665,169792,1
eg_all_s,5.92671,169622,1
eg_all_s,5.92674,169453,1
eg_all_s,5.9268,169283,1
eg_all_s,5.92683,169114,1
eg_all_s,5.92689,168944,1
eg_all_s,5.92692,168775,1
eg_all_s,5.92698,168606,1
eg_all_s,5.92701,168438,1
eg_all_s,5.92707,168269,1
eg_all_s,5.9271,168101,1
eg_all_s,5.92716,167933,1
eg_all_s,5.92719,167765,1
eg_all_s,5.92725,167597,1
eg_all_s,5.92728,167429,1
eg_all_s,5.92734,167261,1
eg_all_s,5.92737,167094,1
eg_all_s,5.92743,166927,1
eg_all_s,5.92747,166760,1
eg_all_s,5.92753,166593,1
eg_all_s,5.92756,166426,1
eg_all_s,5.92762,166260,1
eg_all_s,5.92765,166094,1
eg_all_s,5.92771,165927,1
eg_all_s,5.92774,165761,1
eg_all_s,5.9278,165595,1
eg_all_s,5.92783,165430,1
eg_all_s,5.92789,165264,1
eg_all_s,5.92792,165099,1
eg_all_s,5.92798,164934,1
eg_all_s,5.92801,164769,1
eg_all_s,5.92807,164604,1
eg_all_s,5.9281,164439,1
eg_all_s,5.92816,164274,1
eg_all_s,5.92819,164110,1
eg_all_s,5.92825,163946,1
eg_all_s,5.92828,163782,1
eg_all_s,5.92834,163618,1
eg_all_s,5.92837,163454,1
eg_all_s,5.92843,163291,1
eg_all_s,5.92847,163127,1
eg_all_s,5.92853,162964,1
eg_all_s,5.92856,162801,1
eg_all_s,5.92862,162638,1
eg_all_s,5.92865,162475,1
eg_all_s,5.92871,162313,1
eg_all_s,5.92874,162150,1
eg_all_s,5.9288,161988,1
eg_all_s,5.92883,161826,1
eg_all_s,5.92889,161664,1
eg_all_s,5.92892,161502,1
eg_all_s,5.92898,161341,1
eg_all_s,5.92901,161179,1
eg_all_s,5.92907,161018,1
eg_all_s,5.9291,160857,1
eg_all_s,5.92916,160696,1
eg_all_s,5.92919,160535,1
eg_all_s,5.92925,160374,1
eg_all_s,5.92928,160214,1
eg_all_s,5.92934,160054,1
eg_all_s,5.92937,159894,1
eg_all_s,5.92943,159734,1
eg_all_s,5.92947,159574,1
eg_all_s,5.92953,159414,1
eg_all_s,5.92957,159255,1
eg_all_s,5.92962,159095,1
eg_all_s,5.92966,158936,1
eg_all_s,5.92971,158777,1
eg_all_s,5.92975,158618,1
eg_all_s,5.9298,158459,1
eg_all_s,5.92984,158301,1
eg_all_s,5.92989,158142,1
eg_all_s,5.92993,157984,1
eg_all_s,5.92998,157826,1
eg_all_s,5.93002,157668,1
eg_all_s,5.93007,157510,1
eg_all_s,5.93011,157353,1
eg_all_s,5.93016,157195,1
eg_all_s,5.9302,157038,1
eg_all_s,5.93025,156881,1
eg_all_s,5.93029,156724,1
eg_all_s,5.93035,156567,1
eg_all_s,5.93038,156410,1
eg_all_s,5.93044,156254,1
eg_all_s,5.93048,156098,1
eg_all_s,5.93054,155941,1
eg_all_s,5.93057,155785,1
eg_all_s,5.93063,155629,1
eg_all_s,5.93066,155474,1
eg_all_s,5.93072,155318,1
eg_all_s,5.93075,155163,1
eg_all_s,5.93081,155007,1
eg_all_s,5.93084,154852,1
eg_all_s,5.9309,154697,1
eg_all_s,5.93093,154543,1
eg_all_s,5.93099,154388,1
eg_all_s,5.93102,154233,1
eg_all_s,5.93108,154079,1
eg_all_s,5.93111,153925,1
eg_all_s,5.93117,153771,1
eg_all_s,5.9312,153617,1
eg_all_s,5.93126,153463,1
eg_all_s,5.93129,153310,1
eg_all_s,5.93135,153156,1
eg_all_s,5.93138,153003,1
eg_all_s,5.93145,152850,1
eg_all_s,5.93148,152697,1
eg_all_s,5.93154,152544,1
eg_all_s,5.93157,152392,1
eg_all_s,5.93163,152239,1
eg_all_s,5.93166,152087,1
eg_all_s,5.93172,151934,1
eg_all_s,5.93175,151783,1
eg_all_s,5.93181,151631,1
eg_all_s,5.93184,151479,1
eg_all_s,5.9319,151327,1
eg_all_s,5.93193,151176,1
eg_all_s,5.93199,151025,1
eg_all_s,5.93202,150874,1
eg_all_s,5.93208,150722,1
eg_all_s,5.93211,150572,1
eg_all_s,5.93217,150421,1
eg_all_s,5.9322,150271,1
eg_all_s,5.93226,150120,1
eg_all_s,5.93229,149970,1
eg_all_s,5.93235,149820,1
eg_all_s,5.93238,149670,1
eg_all_s,5.93245,149520,1
eg_all_s,5.93248,149371,1
eg_all_s,5.93254,149221,1
eg_all_s,5.93257,149072,1
eg_all_s,5.93263,148922,1
eg_all_s,5.93266,148774,1
eg_all_s,5.93272,148625,1
eg_all_s,5.93275,148476,1
eg_all_s,5.93281,148327,1
eg_all_s,5.93284,148179,1
eg_all_s,5.9329,148031,1
eg_all_s,5.93293,147883,1
eg_all_s,5.93299,147734,1
eg_all_s,5.93302,147587,1
eg_all_s,5.93308,147439,1
eg_all_s,5.93311,147291,1
eg_all_s,5.93317,147144,1
eg_all_s,5.9332,146997,1
eg_all_s,5.93326,146850,1
eg_all_s,5.93329,146703,1
eg_all_s,5.93336,146556,1
eg_all_s,5.93339,146409,1
eg_all_s,5.93346,146263,1
eg_all_s,5.93349,146116,1
eg_all_s,5.93355,145970,1
eg_all_s,5.93358,145824,1
eg_all_s,5.93364,145678,1
eg_all_s,5.93367,145532,1
eg_all_s,5.93373,145387,1
eg_all_s,5.93376,145241,1
eg_all_s,5.93382,145096,1
eg_all_s,5.93385,144951,1
eg_all_s,5.93391,144806,1
eg_all_s,5.93394,144661,1
eg_all_s,5.934,144516,1
eg_all_s,5.93403,144371,1
eg_all_s,5.93409,144227,1
eg_all_s,5.93412,144083,1
eg_all_s,5.93418,143938,1
eg_all_s,5.93421,143794,1
eg_all_s,5.93427,143650,1
eg_all_s,5.9343,143507,1
eg_all_s,5.93436,143363,1
eg_all_s,5.93439,143220,1
eg_all_s,5.93446,143076,1
eg_all_s,5.93449,142933,1
eg_all_s,5.93455,142790,1
eg_all_s,5.93458,142647,1
eg_all_s,5.93464,142504,1
eg_all_s,5.93467,142362,1
eg_all_s,5.93473,142219,1
eg_all_s,5.93476,142077,1
eg_all_s,5.93482,141935,1
eg_all_s,5.93485,141793,1
eg_all_s,5.93491,141651,1
eg_all_s,5.93494,141509,1
eg_all_s,5.935,141368,1
eg_all_s,5.93503,141226,1
eg_all_s,5.93509,141085,1
eg_all_s,5.93512,140944,1
eg_all_s,5.93518,140803,1
eg_all_s,5.93521,140662,1
eg_all_s,5.93527,140521,1
eg_all_s,5.9353,140380,1
eg_all_s,5.93536,140240,1
eg_all_s,5.93539,140100,1
eg_all_s,5.93546,139959,1
eg_all_s,5.93549,139819,1
eg_all_s,5.93555,139679,1
eg_all_s,5.93558,139540,1
eg_all_s,5.93564,139400,1
eg_all_s,5.93567,139260,1
eg_all_s,5.93573,139121,1
eg_all_s,5.93576,138982,1
eg_all_s,5.93582,138843,1
eg_all_s,5.93585,138704,1
eg_all_s,5.93591,138565,1
eg_all_s,5.93594,138426,1
eg_all_s,5.936,138288,1
eg_all_s,5.93603,138149,1
eg_all_s,5.93609,138011,1
eg_all_s,5.93613,137873,1
eg_all_s,5.93618,137735,1
eg_all_s,5.93622,137597,1
eg_all_s,5.93628,137460,1
eg_all_s,5.93631,137322,1
eg_all_s,5.93637,137185,1
eg_all_s,5.9364,137047,1
eg_all_s,5.93646,136910,1
eg_all_s,5.9365,136773,1
eg_all_s,5.93656,136636,1
eg_all_s,5.93659,136500,1
eg_all_s,5.93665,136363,1
eg_all_s,5.93668,136226,1
eg_all_s,5.93674,136090,1
eg_all_s,5.93677,135954,1
eg_all_s,5.93683,135818,1
eg_all_s,5.93686,135682,1
eg_all_s,5.93692,135546,1
eg_all_s,5.93695,135411,1
eg_all_s,5.93701,135275,1
eg_all_s,5.93704,135140,1
eg_all_s,5.9371,135004,1
eg_all_s,5.93713,134869,1
eg_all_s,5.93719,134734,1
eg_all_s,5.93722,134600,1
eg_all_s,5.93728,134465,1
eg_all_s,5.93731,134330,1
eg_all_s,5.93737,134196,1
eg_all_s,5.9374,134062,1
eg_all_s,5.93747,133927,1
eg_all_s,5.9375,133793,1
eg_all_s,5.93756,133659,1
eg_all_s,5.93759,133526,1
eg_all_s,5.93765,133392,1
eg_all_s,5.93768,133259,1
eg_all_s,5.93774,133125,1
eg_all_s,5.93777,132992,1
eg_all_s,5.93783,132859,1
eg_all_s,5.93786,132726,1
eg_all_s,5.93792,132593,1
eg_all_s,5.93795,132460,1
eg_all_s,5.93801,132328,1
eg_all_s,5.93804,132195,1
eg_all_s,5.9381,132063,1
eg_all_s,5.93813,131931,1
eg_all_s,5.93819,131799,1
eg_all_s,5.93822,131667,1
eg_all_s,5.93828,131535,1
eg_all_s,5.93831,131404,1
eg_all_s,5.93837,131272,1
eg_all_s,5.9384,131141,1
eg_all_s,5.93846,131009,1
eg_all_s,5.9385,130878,1
eg_all_s,5.93856,130747,1
eg_all_s,5.93859,130617,1
eg_all_s,5.93865,130486,1
eg_all_s,5.93868,130355,1
eg_all_s,5.93874,130225,1
eg_all_s,5.93877,130094,1
eg_all_s,5.93883,129964,1
eg_all_s,5.93886,129834,1
eg_all_s,5.93892,129704,1
eg_all_s,5.93895,129574,1
eg_all_s,5.93901,129445,1
eg_all_s,5.93904,129315,1
eg_all_s,5.9391,129186,1
eg_all_s,5.93913,129057,1
eg_all_s,5.93919,128927,1
eg_all_s,5.93922,128798,1
eg_all_s,5.93928,128669,1
eg_all_s,5.93931,128541,1
eg_all_s,5.93937,128412,1
eg_all_s,5.9394,128284,1
eg_all_s,5.93947,128155,1
eg_all_s,5.9395,128027,1
eg_all_s,5.93956,127899,1
eg_all_s,5.93959,127771,1
eg_all_s,5.93965,127643,1
eg_all_s,5.93968,127515,1
eg_all_s,5.93974,127387,1
eg_all_s,5.93977,127260,1
eg_all_s,5.93983,127133,1
eg_all_s,5.93986,127005,1
eg_all_s,5.93992,126878,1
eg_all_s,5.93995,126751,1
eg_all_s,5.94001,126624,1
eg_all_s,5.94004,126498,1
eg_all_s,5.9401,126371,1
eg_all_s,5.94013,126245,1
eg_all_s,5.94019,126118,1
eg_all_s,5.94022,125992,1
eg_all_s,5.94028,125866,1
eg_all_s,5.94031,125740,1
eg_all_s,5.94037,125614,1
eg_all_s,5.9404,125489,1
eg_all_s,5.94047,125363,1
eg_all_s,5.9405,125237,1
eg_all_s,5.94056,125112,1
eg_all_s,5.94059,124987,1
eg_all_s,5.94065,124862,1
eg_all_s,5.94068,124737,1
eg_all_s,5.94074,124612,1
eg_all_s,5.94077,124487,1
eg_all_s,5.94083,124363,1
eg_all_s,5.94086,124238,1
eg_all_s,5.94092,124114,1
eg_all_s,5.94095,123990,1
eg_all_s,5.94101,123866,1
eg_all_s,5.94104,123742,1
eg_all_s,5.9411,123618,1
eg_all_s,5.94113,123494,1
eg_all_s,5.94119,123370,1
eg_all_s,5.94122,123247,1
eg_all_s,5.94128,123124,1
eg_all_s,5.94131,123000,1
eg_all_s,5.94137,122877,1
eg_all_s,5.9414,122754,1
eg_all_s,5.94147,122631,1
eg_all_s,5.9415,122509,1
eg_all_s,5.94156,122386,1
eg_all_s,5.94159,122264,1
eg_all_s,5.94165,122141,1
eg_all_s,5.94168,122019,1
eg_all_s,5.94174,121897,1
eg_all_s,5.94177,121775,1
eg_all_s,5.94183,121653,1
eg_all_s,5.94186,121531,1
eg_all_s,5.94192,121410,1
eg_all_s,5.94196,121288,1
eg_all_s,5.94202,121167,1
eg_all_s,5.94205,121046,1
eg_all_s,5.9421,120924,1
eg_all_s,5.94214,120803,1
eg_all_s,5.94219,120682,1
eg_all_s,5.94223,120562,1
eg_all_s,5.94228,120441,1
eg_all_s,5.94232,120320,1
eg_all_s,5.94237,120200,1
eg_all_s,5.9424,120080,1
eg_all_s,5.94247,119959,1
eg_all_s,5.9425,119840,1
eg_all_s,5.94256,119719,1
eg_all_s,5.94259,119600,1
eg_all_s,5.94265,119480,1
eg_all_s,5.94268,119360,1
eg_all_s,5.94274,119241,1
eg_all_s,5.94277,119122,1
eg_all_s,5.94283,119002,1
eg_all_s,5.94286,118883,1
eg_all_s,5.94292,118764,1
eg_all_s,5.94295,118646,1
eg_all_s,5.94301,118527,1
eg_all_s,5.94304,118408,1
eg_all_s,5.9431,118290,1
eg_all_s,5.94313,118171,1
eg_all_s,5.94319,118053,1
eg_all_s,5.94322,117935,1
eg_all_s,5.94328,117817,1
eg_all_s,5.94331,117699,1
eg_all_s,5.94337,117581,1
eg_all_s,5.9434,117463,1
eg_all_s,5.94347,117346,1
eg_all_s,5.9435,117228,1
eg_all_s,5.94356,117111,1
eg_all_s,5.94359,116994,1
eg_all_s,5.94365,116877,1
eg_all_s,5.94369,116760,1
eg_all_s,5.94374,116643,1
eg_all_s,5.94378,116526,1
eg_all_s,5.94383,116409,1
eg_all_s,5.94387,116293,1
eg_all_s,5.94392,116177,1
eg_all_s,5.94396,116060,1
eg_all_s,5.94401,115944,1
eg_all_s,5.94405,115828,1
eg_all_s,5.9441,115712,1
eg_all_s,5.94414,115596,1
eg_all_s,5.94419,115481,1
eg_all_s,5.94422,115365,1
eg_all_s,5.94428,115250,1
eg_all_s,5.94432,115134,1
eg_all_s,5.94437,115019,1
eg_all_s,5.94441,114904,1
eg_all_s,5.94447,114789,1
eg_all_s,5.94451,114674,1
eg_all_s,5.94457,114559,1
eg_all_s,5.9446,114445,1
eg_all_s,5.94466,114330,1
eg_all_s,5.94469,114216,1
eg_all_s,5.94475,114101,1
eg_all_s,5.94478,113987,1
eg_all_s,5.94484,113873,1
eg_all_s,5.94487,113759,1
eg_all_s,5.94493,113645,1
eg_all_s,5.94496,113531,1
eg_all_s,5.94502,113418,1
eg_all_s,5.94505,113304,1
eg_all_s,5.94511,113191,1
eg_all_s,5.94514,113078,1
eg_all_s,5.9452,112964,1
eg_all_s,5.94523,112851,1
eg_all_s,5.94529,112738,1
eg_all_s,5.94532,112626,1
eg_all_s,5.94538,112513,1
eg_all_s,5.94541,112400,1
eg_all_s,5.94548,112288,1
eg_all_s,5.94551,112175,1
eg_all_s,5.94557,112063,1
eg_all_s,5.9456,111951,1
eg_all_s,5.94566,111839,1
eg_all_s,5.94569,111727,1
eg_all_s,5.94575,111615,1
eg_all_s,5.94578,111503,1
eg_all_s,5.94584,111392,1
eg_all_s,5.94587,111280,1
eg_all_s,5.94593,111169,1
eg_all_s,5.94596,111058,1
eg_all_s,5.94602,110946,1
eg_all_s,5.94605,110835,1
eg_all_s,5.94611,110724,1
eg_all_s,5.94614,110614,1
eg_all_s,5.9462,110503,1
eg_all_s,5.94623,110392,1
eg_all_s,5.94629,110282,1
eg_all_s,5.94632,110171,1
eg_all_s,5.94638,110061,1
eg_all_s,5.94641,109951,1
eg_all_s,5.94648,109841,1
eg_all_s,5.94651,109731,1
eg_all_s,5.94657,109621,1
eg_all_s,5.9466,109511,1
eg_all_s,5.94666,109402,1
eg_all_s,5.94669,109292,1
eg_all_s,5.94675,109183,1
eg_all_s,5.94678,109074,1
eg_all_s,5.94684,108964,1
eg_all_s,5.94687,108855,1
eg_all_s,5.94693,108746,1
eg_all_s,5.94696,108638,1
eg_all_s,5.94702,108529,1
eg_all_s,5.94705,108420,1
eg_all_s,5.94711,108312,1
eg_all_s,5.94714,108203,1
eg_all_s,5.9472,108095,1
eg_all_s,5.94723,107987,1
eg_all_s,5.94729,107879,1
eg_all_s,5.94732,107771,1
eg_all_s,5.94738,107663,1
eg_all_s,5.94741,107555,1
eg_all_s,5.94748,107447,1
eg_all_s,5.94751,107340,1
eg_all_s,5.94757,107232,1
eg_all_s,5.94761,107125,1
eg_all_s,5.94766,107018,1
eg_all_s,5.9477,106911,1
eg_all_s,5.94776,106804,1
eg_all_s,5.94779,106697,1
eg_all_s,5.94785,106590,1
eg_all_s,5.94788,106483,1
eg_all_s,5.94794,106377,1
eg_all_s,5.94797,106270,1
eg_all_s,5.94803,106164,1
eg_all_s,5.94806,106058,1
eg_all_s,5.94812,105951,1
eg_all_s,5.94815,105845,1
eg_all_s,5.94821,105739,1
eg_all_s,5.94824,105634,1
eg_all_s,5.9483,105528,1
eg_all_s,5.94833,105422,1
eg_all_s,5.94839,105317,1
eg_all_s,5.94842,105211,1
eg_all_s,5.94849,105106,1
eg_all_s,5.94852,105001,1
eg_all_s,5.94858,104896,1
eg_all_s,5.94861,104791,1
eg_all_s,5.94867,104686,1
eg_all_s,5.9487,104581,1
eg_all_s,5.94876,104476,1
eg_all_s,5.94879,104372,1
eg_all_s,5.94885,104267,1
eg_all_s,5.94888,104163,1
eg_all_s,5.94894,104059,1
eg_all_s,5.94897,103955,1
eg_all_s,5.94903,103850,1
eg_all_s,5.94906,103747,1
eg_all_s,5.94912,103643,1
eg_all_s,5.94915,103539,1
eg_all_s,5.94921,103435,1
eg_all_s,5.94924,103332,1
eg_all_s,5.9493,103228,1
eg_all_s,5.94933,103125,1
eg_all_s,5.94939,103022,1
eg_all_s,5.94942,102919,1
eg_all_s,5.94949,102816,1
eg_all_s,5.94952,102713,1
eg_all_s,5.94958,102610,1
eg_all_s,5.94961,102507,1
eg_all_s,5.94967,102405,1
eg_all_s,5.9497,102302,1
eg_all_s,5.94976,102200,1
eg_all_s,5.9498,102097,1
eg_all_s,5.94985,101995,1
eg_all_s,5.94989,101893,1
eg_all_s,5.94994,101791,1
eg_all_s,5.94997,101689,1
eg_all_s,5.95003,101587,1
eg_all_s,5.95007,101486,1
eg_all_s,5.95012,101384,1
eg_all_s,5.95016,101283,1
eg_all_s,5.95021,101181,1
eg_all_s,5.95025,101080,1
eg_all_s,5.9503,100979,1
eg_all_s,5.95034,100878,1
eg_all_s,5.95039,100777,1
eg_all_s,5.95043,100676,1
eg_all_s,5.95049,100575,1
eg_all_s,5.95053,100474,1
eg_all_s,5.95058,100374,1
eg_all_s,5.95062,100273,1
eg_all_s,5.95068,100173,1
eg_all_s,5.95071,100073,1
eg_all_s,5.95077,99972.5,1
eg_all_s,5.9508,99872.5,1
eg_all_s,5.95086,99772.4,1
eg_all_s,5.95089,99672.6,1
eg_all_s,5.95095,99572.8,1
eg_all_s,5.95098,99473.2,1
eg_all_s,5.95104,99373.5,1
eg_all_s,5.95107,99274.2,1
eg_all_s,5.95113,99174.7,1
eg_all_s,5.95116,99075.5,1
eg_all_s,5.95122,98976.2,1
eg_all_s,5.95125,98877.2,1
eg_all_s,5.95131,98778.2,1
eg_all_s,5.95134,98679.4,1
eg_all_s,5.9514,98580.5,1
eg_all_s,5.95143,98481.9,1
eg_all_s,5.9515,98383.2,1
eg_all_s,5.95153,98284.9,1
eg_all_s,5.95159,98186.4,1
eg_all_s,5.95162,98088.2,1
eg_all_s,5.95168,97989.9,1
eg_all_s,5.95171,97891.9,1
eg_all_s,5.95177,97793.8,1
eg_all_s,5.9518,97696,1
eg_all_s,5.95186,97598.1,1
eg_all_s,5.95189,97500.5,1
eg_all_s,5.95195,97402.8,1
eg_all_s,5.95198,97305.4,1
eg_all_s,5.95204,97207.9,1
eg_all_s,5.95207,97110.7,1
eg_all_s,5.95213,97013.4,1
eg_all_s,5.95216,96916.4,1
eg_all_s,5.95222,96819.3,1
eg_all_s,5.95225,96722.4,1
eg_all_s,5.95231,96625.5,1
eg_all_s,5.95234,96528.9,1
eg_all_s,5.9524,96432.2,1
eg_all_s,5.95243,96335.7,1
eg_all_s,5.9525,96239.2,1
eg_all_s,5.95253,96142.9,1
eg_all_s,5.95259,96046.6,1
eg_all_s,5.95262,95950.6,1
eg_all_s,5.95268,95854.4,1
eg_all_s,5.95271,95758.5,1
eg_all_s,5.95277,95662.6,1
eg_all_s,5.9528,95566.9,1
eg_all_s,5.95286,95471.2,1
eg_all_s,5.95289,95375.7,1
eg_all_s,5.95295,95280.1,1
eg_all_s,5.95298,95184.8,1
eg_all_s,5.95304,95089.4,1
eg_all_s,5.95307,94994.4,1
eg_all_s,5.95313,94899.2,1
eg_all_s,5.95317,94804.3,1
eg_all_s,5.95322,94709.3,1
eg_all_s,5.95326,94614.5,1
eg_all_s,5.95331,94519.7,1
eg_all_s,5.95335,94425.2,1
eg_all_s,5.9534,94330.6,1
eg_all_s,5.95344,94236.2,1
eg_all_s,5.9535,94141.8,1
eg_all_s,5.95353,94047.7,1
eg_all_s,5.95359,93953.4,1
eg_all_s,5.95363,93859.5,1
eg_all_s,5.95369,93765.4,1
eg_all_s,5.95372,93671.6,1
eg_all_s,5.95378,93577.8,1
eg_all_s,5.95381,93484.2,1
eg_all_s,5.95387,93390.5,1
eg_all_s,5.9539,93297.1,1
eg_all_s,5.95396,93203.6,1
eg_all_s,5.95399,93110.4,1
eg_all_s,5.95405,93017.1,1
eg_all_s,5.95408,92924.1,1
eg_all_s,5.95414,92831,1
eg_all_s,5.95417,92738.1,1
eg_all_s,5.95423,92645.2,1
eg_all_s,5.95426,92552.5,1
eg_all_s,5.95432,92459.8,1
eg_all_s,5.95435,92367.3,1
eg_all_s,5.95441,92274.8,1
eg_all_s,5.95445,92182.5,1
eg_all_s,5.95451,92090.1,1
eg_all_s,5.95454,91998,1
eg_all_s,5.9546,91905.8,1
eg_all_s,5.95463,91813.9,1
eg_all_s,5.95469,91721.9,1
eg_all_s,5.95472,91630.2,1
eg_all_s,5.95478,91538.3,1
eg_all_s,5.95481,91446.8,1
eg_all_s,5.95487,91355.1,1
eg_all_s,5.9549,91263.8,1
eg_all_s,5.95496,91172.3,1
eg_all_s,5.95499,91081.1,1
eg_all_s,5.95505,90989.9,1
eg_all_s,5.95508,90898.9,1
eg_all_s,5.95514,90807.8,1
eg_all_s,5.95517,90717,1
eg_all_s,5.95523,90626,1
eg_all_s,5.95526,90535.4,1
eg_all_s,5.95532,90444.7,1
eg_all_s,5.95535,90354.2,1
eg_all_s,5.95541,90263.7,1
eg_all_s,5.95545,90173.4,1
eg_all_s,5.95551,90083,1
eg_all_s,5.95554,89993,1
eg_all_s,5.9556,89902.8,1
eg_all_s,5.95563,89812.9,1
eg_all_s,5.95569,89722.8,1
eg_all_s,5.95572,89633.1,1
eg_all_s,5.95578,89543.3,1
eg_all_s,5.95581,89453.7,1
eg_all_s,5.95587,89364.1,1
eg_all_s,5.9559,89274.7,1
eg_all_s,5.95596,89185.2,1
eg_all_s,5.95599,89096.1,1
eg_all_s,5.95605,89006.8,1
eg_all_s,5.95608,88917.8,1
eg_all_s,5.95614,88828.6,1
eg_all_s,5.95617,88739.8,1
eg_all_s,5.95623,88650.9,1
eg_all_s,5.95627,88562.2,1
eg_all_s,5.95632,88473.5,1
eg_all_s,5.95636,88385,1
eg_all_s,5.95642,88296.4,1
eg_all_s,5.95645,88208.1,1
eg_all_s,5.95652,88119.7,1
eg_all_s,5.95655,88031.6,1
eg_all_s,5.95661,87943.3,1
eg_all_s,5.95664,87855.4,1
eg_all_s,5.9567,87767.3,1
eg_all_s,5.95673,87679.6,1
eg_all_s,5.95679,87591.7,1
eg_all_s,5.95682,87504.1,1
eg_all_s,5.95688,87416.4,1
eg_all_s,5.95691,87329,1
eg_all_s,5.95697,87241.4,1
eg_all_s,5.957,87154.2,1
eg_all_s,5.95706,87066.8,1
eg_all_s,5.95709,86979.8,1
eg_all_s,5.95715,86892.6,1
eg_all_s,5.95718,86805.7,1
eg_all_s,5.95724,86718.7,1
eg_all_s,5.95727,86632,1
eg_all_s,5.95733,86545.1,1
eg_all_s,5.95736,86458.6,1
eg_all_s,5.95742,86371.9,1
eg_all_s,5.95746,86285.6,1
eg_all_s,5.95752,86199.1,1
eg_all_s,5.95755,86112.9,1
eg_all_s,5.95761,86026.6,1
eg_all_s,5.95764,85940.5,1
eg_all_s,5.9577,85854.4,1
eg_all_s,5.95773,85768.5,1
eg_all_s,5.95779,85682.6,1
eg_all_s,5.95782,85596.9,1
eg_all_s,5.95788,85511.1,1
eg_all_s,5.95791,85425.6,1
eg_all_s,5.95797,85339.9,1
eg_all_s,5.958,85254.6,1
eg_all_s,5.95806,85169.1,1
eg_all_s,5.95809,85084,1
eg_all_s,5.95815,84998.7,1
eg_all_s,5.95818,84913.7,1
eg_all_s,5.95824,84828.6,1
eg_all_s,5.95827,84743.8,1
eg_all_s,5.95833,84658.8,1
eg_all_s,5.95836,84574.1,1
eg_all_s,5.95842,84489.4,1
eg_all_s,5.95846,84404.9,1
eg_all_s,5.95852,84320.3,1
eg_all_s,5.95855,84236,1
eg_all_s,5.95861,84151.5,1
eg_all_s,5.95864,84067.4,1
eg_all_s,5.9587,83983.1,1
eg_all_s,5.95873,83899.1,1
eg_all_s,5.95879,83815,1
eg_all_s,5.95882,83731.2,1
eg_all_s,5.95888,83647.3,1
eg_all_s,5.95891,83563.6,1
eg_all_s,5.95897,83479.9,1
eg_all_s,5.959,83396.4,1
eg_all_s,5.95906,83312.8,1
eg_all_s,5.95909,83229.5,1
eg_all_s,5.95915,83146,1
eg_all_s,5.95918,83062.9,1
eg_all_s,5.95924,82979.6,1
eg_all_s,5.95927,82896.6,1
eg_all_s,5.95933,82813.5,1
eg_all_s,5.95936,82730.7,1
eg_all_s,5.95942,82647.8,1
eg_all_s,5.95946,82565.1,1
eg_all_s,5.95952,82482.4,1
eg_all_s,5.95956,82399.9,1
eg_all_s,5.95962,82317.3,1
eg_all_s,5.95965,82235,1
eg_all_s,5.95971,82152.5,1
eg_all_s,5.95974,82070.4,1
eg_all_s,5.9598,81988.1,1
eg_all_s,5.95983,81906.1,1
eg_all_s,5.95989,81824,1
eg_all_s,5.95992,81742.2,1
eg_all_s,5.95998,81660.2,1
eg_all_s,5.96001,81578.6,1
eg_all_s,5.96007,81496.8,1
eg_all_s,5.9601,81415.3,1
eg_all_s,5.96016,81333.7,1
eg_all_s,5.96019,81252.4,1
eg_all_s,5.96025,81170.9,1
eg_all_s,5.96028,81089.7,1
eg_all_s,5.96034,81008.4,1
eg_all_s,5.96037,80927.4,1
eg_all_s,5.96043,80846.3,1
eg_all_s,5.96047,80765.5,1
eg_all_s,5.96053,80684.5,1
eg_all_s,5.96056,80603.8,1
eg_all_s,5.96062,80523,1
eg_all_s,5.96065,80442.5,1
eg_all_s,5.96071,80361.8,1
eg_all_s,5.96074,80281.5,1
eg_all_s,5.9608,80201,1
eg_all_s,5.96083,80120.8,1
eg_all_s,5.96089,80040.5,1
eg_all_s,5.96092,79960.4,1
eg_all_s,5.96098,79880.3,1
eg_all_s,5.96101,79800.4,1
eg_all_s,5.96107,79720.4,1
eg_all_s,5.9611,79640.7,1
eg_all_s,5.96116,79560.8,1
eg_all_s,5.96119,79481.3,1
eg_all_s,5.96125,79401.6,1
eg_all_s,5.96128,79322.2,1
eg_all_s,5.96134,79242.6,1
eg_all_s,5.96137,79163.4,1
eg_all_s,5.96143,79084,1
eg_all_s,5.96147,79005,1
eg_all_s,5.96153,78925.7,1
eg_all_s,5.96156,78846.8,1
eg_all_s,5.96162,78767.8,1
eg_all_s,5.96165,78689,1
eg_all_s,5.96171,78610.1,1
eg_all_s,5.96174,78531.5,1
eg_all_s,5.9618,78452.8,1
eg_all_s,5.96183,78374.3,1
eg_all_s,5.96189,78295.7,1
eg_all_s,5.96192,78217.4,1
eg_all_s,5.96198,78139,1
eg_all_s,5.96201,78060.9,1
eg_all_s,5.96207,77982.6,1
eg_all_s,5.9621,77904.6,1
eg_all_s,5.96216,77826.5,1
eg_all_s,5.96219,77748.7,1
eg_all_s,5.96225,77670.8,1
eg_all_s,5.96228,77593.1,1
eg_all_s,5.96234,77515.3,1
eg_all_s,5.96237,77437.8,1
eg_all_s,5.96243,77360.1,1
eg_all_s,5.96247,77282.8,1
eg_all_s,5.96253,77205.3,1
eg_all_s,5.96256,77128.1,1
eg_all_s,5.96262,77050.8,1
eg_all_s,5.96265,76973.7,1
eg_all_s,5.96271,76896.5,1
eg_all_s,5.96274,76819.6,1
eg_all_s,5.9628,76742.6,1
eg_all_s,5.96283,76665.9,1
eg_all_s,5.96289,76589,1
eg_all_s,5.96292,76512.4,1
eg_all_s,5.96298,76435.7,1
eg_all_s,5.96301,76359.3,1
eg_all_s,5.96307,76282.7,1
eg_all_s,5.9631,76206.4,1
eg_all_s,5.96316,76130,1
eg_all_s,5.96319,76053.9,1
eg_all_s,5.96325,75977.6,1
eg_all_s,5.96328,75901.6,1
eg_all_s,5.96334,75825.5,1
eg_all_s,5.96337,75749.7,1
eg_all_s,5.96343,75673.8,1
eg_all_s,5.96347,75598.1,1
eg_all_s,5.96353,75522.3,1
eg_all_s,5.96356,75446.8,1
eg_all_s,5.96362,75371.1,1
eg_all_s,5.96365,75295.7,1
eg_all_s,5.96371,75220.3,1
eg_all_s,5.96374,75145,1
eg_all_s,5.9638,75069.7,1
eg_all_s,5.96383,74994.6,1
eg_all_s,5.96389,74919.4,1
eg_all_s,5.96392,74844.5,1
eg_all_s,5.96398,74769.5,1
eg_all_s,5.96401,74694.7,1
eg_all_s,5.96407,74619.8,1
eg_all_s,5.9641,74545.2,1
eg_all_s,5.96416,74470.4,1
eg_all_s,5.96419,74395.9,1
eg_all_s,5.96425,74321.4,1
eg_all_s,5.96428,74247,1
eg_all_s,5.96434,74172.6,1
eg_all_s,5.96437,74098.4,1
eg_all_s,5.96443,74024.1,1
eg_all_s,5.96447,73950.1,1
eg_all_s,5.96453,73875.9,1
eg_all_s,5.96457,73802.1,1
eg_all_s,5.96462,73728.1,1
eg_all_s,5.96466,73654.3,1
eg_all_s,5.96471,73580.5,1
eg_all_s,5.96475,73506.9,1
eg_all_s,5.9648,73433.2,1
eg_all_s,5.96484,73359.7,1
eg_all_s,5.9649,73286.2,1
eg_all_s,5.96493,73212.9,1
eg_all_s,5.96499,73139.5,1
eg_all_s,5.96502,73066.3,1
eg_all_s,5.96508,72993.1,1
eg_all_s,5.96511,72920.1,1
eg_all_s,5.96517,72847,1
eg_all_s,5.9652,72774.1,1
eg_all_s,5.96526,72701.1,1
eg_all_s,5.96529,72628.4,1
eg_all_s,5.96535,72555.6,1
eg_all_s,5.96538,72483,1
eg_all_s,5.96545,72410.4,1
eg_all_s,5.96548,72338,1
eg_all_s,5.96554,72265.4,1
eg_all_s,5.96557,72193.1,1
eg_all_s,5.96563,72120.8,1
eg_all_s,5.96566,72048.6,1
eg_all_s,5.96572,71976.4,1
eg_all_s,5.96575,71904.4,1
eg_all_s,5.96581,71832.3,1
eg_all_s,5.96584,71760.5,1
eg_all_s,5.9659,71688.5,1
eg_all_s,5.96593,71616.8,1
eg_all_s,5.96599,71545,1
eg_all_s,5.96602,71473.5,1
eg_all_s,5.96608,71401.8,1
eg_all_s,5.96611,71330.4,1
eg_all_s,5.96617,71258.8,1
eg_all_s,5.9662,71187.6,1
eg_all_s,5.96626,71116.2,1
eg_all_s,5.96629,71045.1,1
eg_all_s,5.96635,70973.8,1
eg_all_s,5.96638,70902.9,1
eg_all_s,5.96645,70831.8,1
eg_all_s,5.96648,70760.9,1
eg_all_s,5.96654,70690,1
eg_all_s,5.96657,70619.3,1
eg_all_s,5.96663,70548.4,1
eg_all_s,5.96666,70477.9,1
eg_all_s,5.96672,70407.2,1
eg_all_s,5.96675,70336.8,1
eg_all_s,5.96681,70266.3,1
eg_all_s,5.96684,70196,1
eg_all_s,5.9669,70125.6,1
eg_all_s,5.96693,70055.5,1
eg_all_s,5.96699,69985.2,1
eg_all_s,5.96702,69915.2,1
eg_all_s,5.96708,69845.1,1
eg_all_s,5.96711,69775.3,1
eg_all_s,5.96717,69705.3,1
eg_all_s,5.9672,69635.6,1
eg_all_s,5.96726,69565.8,1
eg_all_s,5.96729,69496.2,1
eg_all_s,5.96735,69426.5,1
eg_all_s,5.96738,69357.1,1
eg_all_s,5.96745,69287.5,1
eg_all_s,5.96748,69218.2,1
eg_all_s,5.96754,69148.8,1
eg_all_s,5.96757,69079.6,1
eg_all_s,5.96763,69010.4,1
eg_all_s,5.96766,68941.4,1
eg_all_s,5.96772,68872.2,1
eg_all_s,5.96775,68803.3,1
eg_all_s,5.96781,68734.3,1
eg_all_s,5.96784,68665.6,1
eg_all_s,5.9679,68596.7,1
eg_all_s,5.96793,68528.1,1
eg_all_s,5.96799,68459.4,1
eg_all_s,5.96802,68390.9,1
eg_all_s,5.96808,68322.4,1
eg_all_s,5.96811,68254,1
eg_all_s,5.96817,68185.6,1
eg_all_s,5.9682,68117.4,1
eg_all_s,5.96826,68049.1,1
eg_all_s,5.96829,67981,1
eg_all_s,5.96835,67912.8,1
eg_all_s,5.96838,67844.9,1
eg_all_s,5.96845,67776.9,1
eg_all_s,5.96848,67709.1,1
eg_all_s,5.96854,67641.2,1
eg_all_s,5.96857,67573.6,1
eg_all_s,5.96863,67505.8,1
eg_all_s,5.96866,67438.3,1
eg_all_s,5.96872,67370.6,1
eg_all_s,5.96875,67303.3,1
eg_all_s,5.96881,67235.8,1
eg_all_s,5.96885,67168.5,1
eg_all_s,5.9689,67101.1,1
eg_all_s,5.96894,67034,1
eg_all_s,5.969,66966.8,1
eg_all_s,5.96903,66899.8,1
eg_all_s,5.96909,66832.7,1
eg_all_s,5.96912,66765.9,1
eg_all_s,5.96918,66698.9,1
eg_all_s,5.96921,66632.2,1
eg_all_s,5.96927,66565.4,1
eg_all_s,5.9693,66498.8,1
eg_all_s,5.96936,66432.1,1
eg_all_s,5.96939,66365.7,1
eg_all_s,5.96945,66299.1,1
eg_all_s,5.96949,66232.8,1
eg_all_s,5.96955,66166.4,1
eg_all_s,5.96958,66100.2,1
eg_all_s,5.96964,66033.9,1
eg_all_s,5.96967,65967.9,1
eg_all_s,5.96973,65901.7,1
eg_all_s,5.96976,65835.8,1
eg_all_s,5.96982,65769.8,1
eg_all_s,5.96985,65704,1
eg_all_s,5.96991,65638.1,1
eg_all_s,5.96994,65572.5,1
eg_all_s,5.97,65506.7,1
eg_all_s,5.97003,65441.2,1
eg_all_s,5.97009,65375.6,1
eg_all_s,5.97012,65310.2,1
eg_all_s,5.97018,65244.7,1
eg_all_s,5.97021,65179.4,1
eg_all_s,5.97027,65114,1
eg_all_s,5.9703,65048.9,1
eg_all_s,5.97036,64983.7,1
eg_all_s,5.97039,64918.7,1
eg_all_s,5.97045,64853.6,1
eg_all_s,5.97049,64788.7,1
eg_all_s,5.97055,64723.7,1
eg_all_s,5.97058,64659,1
eg_all_s,5.97064,64594.1,1
eg_all_s,5.97067,64529.6,1
eg_all_s,5.97073,64464.8,1
eg_all_s,5.97076,64400.4,1
eg_all_s,5.97082,64335.8,1
eg_all_s,5.97085,64271.4,1
eg_all_s,5.97091,64206.9,1
eg_all_s,5.97094,64142.7,1
eg_all_s,5.971,64078.4,1
eg_all_s,5.97103,64014.3,1
eg_all_s,5.97109,63950.1,1
eg_all_s,5.97112,63886.1,1
eg_all_s,5.97118,63822.1,1
eg_all_s,5.97121,63758.2,1
eg_all_s,5.97127,63694.3,1
eg_all_s,5.9713,63630.6,1
eg_all_s,5.97136,63566.7,1
eg_all_s,5.97139,63503.2,1
eg_all_s,5.97146,63439.5,1
eg_all_s,5.97149,63376,1
eg_all_s,5.97155,63312.5,1
eg_all_s,5.97158,63249.1,1
eg_all_s,5.97164,63185.7,1
eg_all_s,5.97167,63122.5,1
eg_all_s,5.97173,63059.2,1
eg_all_s,5.97176,62996.1,1
eg_all_s,5.97182,62932.9,1
eg_all_s,5.97185,62870,1
eg_all_s,5.97191,62806.9,1
eg_all_s,5.97194,62744.1,1
eg_all_s,5.972,62681.2,1
eg_all_s,5.97203,62618.5,1
eg_all_s,5.97209,62555.7,1
eg_all_s,5.97212,62493.1,1
eg_all_s,5.97218,62430.4,1
eg_all_s,5.97221,62368,1
eg_all_s,5.97227,62305.4,1
eg_all_s,5.9723,62243.1,1
eg_all_s,5.97236,62180.7,1
eg_all_s,5.97239,62118.5,1
eg_all_s,5.97246,62056.2,1
eg_all_s,5.97249,61994.1,1
eg_all_s,5.97255,61931.9,1
eg_all_s,5.97258,61870,1
eg_all_s,5.97264,61807.9,1
eg_all_s,5.97267,61746.1,1
eg_all_s,5.97273,61684.2,1
eg_all_s,5.97276,61622.5,1
eg_all_s,5.97282,61560.6,1
eg_all_s,5.97285,61499.1,1
eg_all_s,5.97291,61437.4,1
eg_all_s,5.97294,61375.9,1
eg_all_s,5.973,61314.4,1
eg_all_s,5.97303,61253.1,1
eg_all_s,5.97309,61191.6,1
eg_all_s,5.97312,61130.4,1
eg_all_s,5.97318,61069.1,1
eg_all_s,5.97321,61008,1
eg_all_s,5.97327,60946.8,1
eg_all_s,5.9733,60885.8,1
eg_all_s,5.97336,60824.8,1
eg_all_s,5.97339,60763.9,1
eg_all_s,5.97346,60703,1
eg_all_s,5.97349,60642.3,1
eg_all_s,5.97355,60581.4,1
eg_all_s,5.97359,60520.8,1
eg_all_s,5.97365,60460.1,1
eg_all_s,5.97368,60399.7,1
eg_all_s,5.97374,60339.1,1
eg_all_s,5.97377,60278.7,1
eg_all_s,5.97383,60218.2,1
eg_all_s,5.97386,60158,1
eg_all_s,5.97392,60097.7,1
eg_all_s,5.97395,60037.6,1
eg_all_s,5.97401,59977.3,1
eg_all_s,5.97404,59917.3,1
eg_all_s,5.9741,59857.2,1
eg_all_s,5.97413,59797.4,1
eg_all_s,5.97419,59737.4,1
eg_all_s,5.97422,59677.6,1
eg_all_s,5.97428,59617.8,1
eg_all_s,5.97431,59558.1,1
eg_all_s,5.97437,59498.4,1
eg_all_s,5.9744,59438.9,1
eg_all_s,5.97447,59379.2,1
eg_all_s,5.9745,59319.9,1
eg_all_s,5.97456,59260.3,1
eg_all_s,5.97459,59201.1,1
eg_all_s,5.97465,59141.7,1
eg_all_s,5.97468,59082.5,1
eg_all_s,5.97474,59023.2,1
eg_all_s,5.97477,58964.2,1
eg_all_s,5.97483,58905.1,1
eg_all_s,5.97486,58846.1,1
eg_all_s,5.97492,58787.1,1
eg_all_s,5.97495,58728.3,1
eg_all_s,5.97501,58669.4,1
eg_all_s,5.97504,58610.7,1
eg_all_s,5.9751,58551.9,1
eg_all_s,5.97513,58493.3,1
eg_all_s,5.97519,58434.7,1
eg_all_s,5.97522,58376.2,1
eg_all_s,5.97528,58317.6,1
eg_all_s,5.97531,58259.3,1
eg_all_s,5.97537,58200.9,1
eg_all_s,5.9754,58142.7,1
eg_all_s,5.97547,58084.3,1
eg_all_s,5.9755,58026.2,1
eg_all_s,5.97556,57968,1
eg_all_s,5.97559,57910,1
eg_all_s,5.97565,57851.9,1
eg_all_s,5.97568,57794.1,1
eg_all_s,5.97574,57736.1,1
eg_all_s,5.97577,57678.3,1
eg_all_s,5.97583,57620.5,1
eg_all_s,5.97586,57562.8,1
eg_all_s,5.97592,57505.1,1
eg_all_s,5.97595,57447.6,1
eg_all_s,5.97601,57389.9,1
eg_all_s,5.97604,57332.5,1
eg_all_s,5.9761,57275,1
eg_all_s,5.97613,57217.7,1
eg_all_s,5.97619,57160.3,1
eg_all_s,5.97622,57103.1,1
eg_all_s,5.97628,57045.8,1
eg_all_s,5.97631,56988.8,1
eg_all_s,5.97637,56931.6,1
eg_all_s,5.9764,56874.7,1
eg_all_s,5.97647,56817.6,1
eg_all_s,5.9765,56760.8,1
eg_all_s,5.97656,56703.8,1
eg_all_s,5.97659,56647.1,1
eg_all_s,5.97665,56590.3,1
eg_all_s,5.97668,56533.7,1
eg_all_s,5.97674,56476.9,1
eg_all_s,5.97677,56420.5,1
eg_all_s,5.97683,56363.8,1
eg_all_s,5.97686,56307.5,1
eg_all_s,5.97692,56251,1
eg_all_s,5.97695,56194.7,1
eg_all_s,5.97701,56138.3,1
eg_all_s,5.97704,56082.2,1
eg_all_s,5.9771,56025.9,1
eg_all_s,5.97713,55969.9,1
eg_all_s,5.97719,55913.7,1
eg_all_s,5.97722,55857.8,1
eg_all_s,5.97728,55801.7,1
eg_all_s,5.97731,55745.9,1
eg_all_s,5.97737,55690,1
eg_all_s,5.9774,55634.3,1
eg_all_s,5.97747,55578.4,1
eg_all_s,5.9775,55522.9,1
eg_all_s,5.97756,55467.1,1
eg_all_s,5.97759,55411.7,1
eg_all_s,5.97765,55356.1,1
eg_all_s,5.97769,55300.7,1
eg_all_s,5.97774,55245.2,1
eg_all_s,5.97778,55190,1
eg_all_s,5.97784,55134.6,1
eg_all_s,5.97787,55079.4,1
eg_all_s,5.97793,55024.1,1
eg_all_s,5.97796,54969.1,1
eg_all_s,5.97802,54914,1
eg_all_s,5.97805,54859,1
eg_all_s,5.97811,54804,1
eg_all_s,5.97814,54749.2,1
eg_all_s,5.9782,54694.2,1
eg_all_s,5.97823,54639.5,1
eg_all_s,5.97829,54584.7,1
eg_all_s,5.97832,54530.1,1
eg_all_s,5.97838,54475.4,1
eg_all_s,5.97841,54420.9,1
eg_all_s,5.97848,54366.3,1
eg_all_s,5.97851,54311.9,1
eg_all_s,5.97857,54257.4,1
eg_all_s,5.9786,54203.1,1
eg_all_s,5.97866,54148.7,1
eg_all_s,5.97869,54094.6,1
eg_all_s,5.97875,54040.3,1
eg_all_s,5.97878,53986.2,1
eg_all_s,5.97884,53932.1,1
eg_all_s,5.97887,53878.1,1
eg_all_s,5.97893,53824,1
eg_all_s,5.97896,53770.2,1
eg_all_s,5.97902,53716.2,1
eg_all_s,5.97905,53662.5,1
eg_all_s,5.97911,53608.7,1
eg_all_s,5.97914,53555.1,1
eg_all_s,5.9792,53501.3,1
eg_all_s,5.97923,53447.8,1
eg_all_s,5.97929,53394.1,1
eg_all_s,5.97932,53340.8,1
eg_all_s,5.97938,53287.2,1
eg_all_s,5.97941,53233.9,1
eg_all_s,5.97948,53180.5,1
eg_all_s,5.97951,53127.3,1
eg_all_s,5.97957,53074,1
eg_all_s,5.9796,53020.9,1
eg_all_s,5.97966,52967.7,1
eg_all_s,5.97969,52914.7,1
eg_all_s,5.97975,52861.6,1
eg_all_s,5.97978,52808.7,1
eg_all_s,5.97984,52755.7,1
eg_all_s,5.97987,52703,1
eg_all_s,5.97993,52650.1,1
eg_all_s,5.97996,52597.4,1
eg_all_s,5.98002,52544.6,1
eg_all_s,5.98005,52492.1,1
eg_all_s,5.98011,52439.4,1
eg_all_s,5.98014,52386.9,1
eg_all_s,5.9802,52334.3,1
eg_all_s,5.98023,52282,1
eg_all_s,5.98029,52229.5,1
eg_all_s,5.98032,52177.3,1
eg_all_s,5.98038,52124.9,1
eg_all_s,5.98041,52072.8,1
eg_all_s,5.98048,52020.5,1
eg_all_s,5.98051,51968.5,1
eg_all_s,5.98057,51916.3,1
eg_all_s,5.9806,51864.4,1
eg_all_s,5.98066,51812.3,1
eg_all_s,5.98069,51760.5,1
eg_all_s,5.98075,51708.6,1
eg_all_s,5.98078,51656.9,1
eg_all_s,5.98084,51605,1
eg_all_s,5.98087,51553.4,1
eg_all_s,5.98093,51501.6,1
eg_all_s,5.98096,51450.1,1
eg_all_s,5.98102,51398.5,1
eg_all_s,5.98105,51347.1,1
eg_all_s,5.98111,51295.5,1
eg_all_s,5.98114,51244.2,1
eg_all_s,5.9812,51192.8,1
eg_all_s,5.98123,51141.6,1
eg_all_s,5.98129,51090.3,1
eg_all_s,5.98132,51039.2,1
eg_all_s,5.98138,50987.9,1
eg_all_s,5.98141,50936.9,1
eg_all_s,5.98148,50885.8,1
eg_all_s,5.98151,50834.9,1
eg_all_s,5.98157,50783.9,1
eg_all_s,5.9816,50733.1,1
eg_all_s,5.98166,50682.2,1
eg_all_s,5.98169,50631.5,1
eg_all_s,5.98175,50580.6,1
eg_all_s,5.98178,50530.1,1
eg_all_s,5.98184,50479.3,1
eg_all_s,5.98187,50428.9,1
eg_all_s,5.98193,50378.2,1
eg_all_s,5.98196,50327.8,1
eg_all_s,5.98202,50277.3,1
eg_all_s,5.98205,50227,1
eg_all_s,5.98211,50176.6,1
eg_all_s,5.98214,50126.4,1
eg_all_s,5.9822,50076.1,1
eg_all_s,5.98223,50026,1
eg_all_s,5.98229,49975.8,1
eg_all_s,5.98232,49925.8,1
eg_all_s,5.98238,49875.7,1
eg_all_s,5.98241,49825.8,1
eg_all_s,5.98248,49775.8,1
eg_all_s,5.98251,49726,1
eg_all_s,5.98257,49676.1,1
eg_all_s,5.9826,49626.4,1
eg_all_s,5.98266,49576.6,1
eg_all_s,5.98269,49527,1
eg_all_s,5.98275,49477.3,1
eg_all_s,5.98279,49427.8,1
eg_all_s,5.98285,49378.2,1
eg_all_s,5.98288,49328.8,1
eg_all_s,5.98294,49279.3,1
eg_all_s,5.98297,49230,1
eg_all_s,5.98303,49180.6,1
eg_all_s,5.98306,49131.4,1
eg_all_s,5.98312,49082,1
eg_all_s,5.98315,49033,1
eg_all_s,5.98321,48983.7,1
eg_all_s,5.98324,48934.7,1
eg_all_s,5.9833,48885.6,1
eg_all_s,5.98333,48836.7,1
eg_all_s,5.98339,48787.7,1
eg_all_s,5.98342,48738.9,1
eg_all_s,5.98348,48689.9,1
eg_all_s,5.98352,48641.3,1
eg_all_s,5.98358,48592.4,1
eg_all_s,5.98361,48543.8,1
eg_all_s,5.98367,48495.1,1
eg_all_s,5.9837,48446.6,1
eg_all_s,5.98376,48397.9,1
eg_all_s,5.98379,48349.5,1
eg_all_s,5.98385,48301,1
eg_all_s,5.98388,48252.7,1
eg_all_s,5.98394,48204.2,1
eg_all_s,5.98397,48156,1
eg_all_s,5.98403,48107.7,1
eg_all_s,5.98406,48059.6,1
eg_all_s,5.98412,48011.3,1
eg_all_s,5.98415,47963.3,1
eg_all_s,5.98421,47915.1,1
eg_all_s,5.98424,47867.2,1
eg_all_s,5.9843,47819.1,1
eg_all_s,5.98433,47771.3,1
eg_all_s,5.98439,47723.3,1
eg_all_s,5.98442,47675.6,1
eg_all_s,5.98449,47627.7,1
eg_all_s,5.98452,47580.1,1
eg_all_s,5.98458,47532.3,1
eg_all_s,5.98461,47484.8,1
eg_all_s,5.98467,47437.1,1
eg_all_s,5.9847,47389.7,1
eg_all_s,5.98476,47342.1,1
eg_all_s,5.98479,47294.7,1
eg_all_s,5.98485,47247.2,1
eg_all_s,5.98488,47200,1
eg_all_s,5.98494,47152.6,1
eg_all_s,5.98497,47105.4,1
eg_all_s,5.98503,47058.1,1
eg_all_s,5.98506,47011.1,1
eg_all_s,5.98512,46963.9,1
eg_all_s,5.98515,46916.9,1
eg_all_s,5.98521,46869.8,1
eg_all_s,5.98524,46822.9,1
eg_all_s,5.9853,46775.9,1
eg_all_s,5.98533,46729.1,1
eg_all_s,5.98539,46682.2,1
eg_all_s,5.98542,46635.5,1
eg_all_s,5.98549,46588.7,1
eg_all_s,5.98552,46542.1,1
eg_all_s,5.98558,46495.3,1
eg_all_s,5.98561,46448.8,1
eg_all_s,5.98567,46402.2,1
eg_all_s,5.9857,46355.8,1
eg_all_s,5.98576,46309.2,1
eg_all_s,5.98579,46262.9,1
eg_all_s,5.98585,46216.4,1
eg_all_s,5.98588,46170.2,1
eg_all_s,5.98594,46123.9,1
eg_all_s,5.98597,46077.7,1
eg_all_s,5.98603,46031.5,1
eg_all_s,5.98606,45985.4,1
eg_all_s,5.98612,45939.2,1
eg_all_s,5.98615,45893.3,1
eg_all_s,5.98621,45847.2,1
eg_all_s,5.98624,45801.4,1
eg_all_s,5.9863,45755.4,1
eg_all_s,5.98633,45709.6,1
eg_all_s,5.98639,45663.7,1
eg_all_s,5.98642,45618,1
eg_all_s,5.98649,45572.2,1
eg_all_s,5.98652,45526.6,1
eg_all_s,5.98658,45480.9,1
eg_all_s,5.98661,45435.4,1
eg_all_s,5.98667,45389.8,1
eg_all_s,5.9867,45344.4,1
eg_all_s,5.98676,45298.8,1
eg_all_s,5.98679,45253.5,1
eg_all_s,5.98685,45208.1,1
eg_all_s,5.98688,45162.9,1
eg_all_s,5.98694,45117.5,1
eg_all_s,5.98697,45072.4,1
eg_all_s,5.98703,45027.1,1
eg_all_s,5.98706,44982.1,1
eg_all_s,5.98712,44936.9,1
eg_all_s,5.98715,44892,1
eg_all_s,5.98721,44846.9,1
eg_all_s,5.98724,44802,1
eg_all_s,5.9873,44757,1
eg_all_s,5.98733,44712.3,1
eg_all_s,5.98739,44667.4,1
eg_all_s,5.98742,44622.7,1
eg_all_s,5.98749,44577.9,1
eg_all_s,5.98752,44533.3,1
eg_all_s,5.98758,44488.6,1
eg_all_s,5.98761,44444.1,1
eg_all_s,5.98767,44399.4,1
eg_all_s,5.9877,44355,1
eg_all_s,5.98776,44310.5,1
eg_all_s,5.98779,44266.2,1
eg_all_s,5.98785,44221.7,1
eg_all_s,5.98788,44177.5,1
eg_all_s,5.98794,44133.1,1
eg_all_s,5.98797,44089,1
eg_all_s,5.98803,44044.7,1
eg_all_s,5.98806,44000.6,1
eg_all_s,5.98812,43956.4,1
eg_all_s,5.98815,43912.5,1
eg_all_s,5.98821,43868.3,1
eg_all_s,5.98824,43824.5,1
eg_all_s,5.9883,43780.4,1
eg_all_s,5.98833,43736.7,1
eg_all_s,5.98839,43692.7,1
eg_all_s,5.98842,43649,1
eg_all_s,5.98849,43605.2,1
eg_all_s,5.98852,43561.6,1
eg_all_s,5.98858,43517.8,1
eg_all_s,5.98862,43474.3,1
eg_all_s,5.98867,43430.6,1
eg_all_s,5.9887,43387.2,1
eg_all_s,5.98876,43343.6,1
eg_all_s,5.9888,43300.3,1
eg_all_s,5.98886,43256.8,1
eg_all_s,5.98889,43213.5,1
eg_all_s,5.98895,43170.1,1
eg_all_s,5.98898,43126.9,1
eg_all_s,5.98904,43083.6,1
eg_all_s,5.98907,43040.5,1
eg_all_s,5.98913,42997.3,1
eg_all_s,5.98916,42954.3,1
eg_all_s,5.98922,42911.1,1
eg_all_s,5.98925,42868.2,1
eg_all_s,5.98931,42825.1,1
eg_all_s,5.98934,42782.3,1
eg_all_s,5.9894,42739.3,1
eg_all_s,5.98943,42696.6,1
eg_all_s,5.9895,42653.7,1
eg_all_s,5.98953,42611,1
eg_all_s,5.98959,42568.2,1
eg_all_s,5.98963,42525.6,1
eg_all_s,5.98968,42482.9,1
eg_all_s,5.98972,42440.4,1
eg_all_s,5.98978,42397.8,1
eg_all_s,5.98981,42355.4,1
eg_all_s,5.98987,42312.8,1
eg_all_s,5.9899,42270.5,1
eg_all_s,5.98996,42228.1,1
eg_all_s,5.98999,42185.8,1
eg_all_s,5.99005,42143.4,1
eg_all_s,5.99008,42101.3,1
eg_all_s,5.99014,42059,1
eg_all_s,5.99017,42016.9,1
eg_all_s,5.99023,41974.7,1
eg_all_s,5.99026,41932.7,1
eg_all_s,5.99032,41890.6,1
eg_all_s,5.99035,41848.7,1
eg_all_s,5.99041,41806.7,1
eg_all_s,5.99045,41764.9,1
eg_all_s,5.99051,41722.9,1
eg_all_s,5.99054,41681.2,1
eg_all_s,5.9906,41639.3,1
eg_all_s,5.99063,41597.6,1
eg_all_s,5.99069,41555.8,1
eg_all_s,5.99072,41514.3,1
eg_all_s,5.99078,41472.6,1
eg_all_s,5.99081,41431.1,1
eg_all_s,5.99087,41389.5,1
eg_all_s,5.9909,41348.1,1
eg_all_s,5.99096,41306.5,1
eg_all_s,5.99099,41265.2,1
eg_all_s,5.99105,41223.7,1
eg_all_s,5.99108,41182.5,1
eg_all_s,5.99114,41141.1,1
eg_all_s,5.99117,41100,1
eg_all_s,5.99123,41058.7,1
eg_all_s,5.99126,41017.6,1
eg_all_s,5.99132,40976.4,1
eg_all_s,5.99135,40935.4,1
eg_all_s,5.99141,40894.3,1
eg_all_s,5.99145,40853.4,1
eg_all_s,5.99151,40812.4,1
eg_all_s,5.99154,40771.5,1
eg_all_s,5.9916,40730.6,1
eg_all_s,5.99163,40689.8,1
eg_all_s,5.99169,40648.9,1
eg_all_s,5.99172,40608.3,1
eg_all_s,5.99178,40567.5,1
eg_all_s,5.99181,40526.9,1
eg_all_s,5.99187,40486.2,1
eg_all_s,5.9919,40445.7,1
eg_all_s,5.99196,40405.1,1
eg_all_s,5.99199,40364.7,1
eg_all_s,5.99205,40324.1,1
eg_all_s,5.99208,40283.8,1
eg_all_s,5.99214,40243.3,1
eg_all_s,5.99217,40203,1
eg_all_s,5.99223,40162.6,1
eg_all_s,5.99226,40122.5,1
eg_all_s,5.99232,40082.1,1
eg_all_s,5.99235,40042.1,1
eg_all_s,5.99241,40001.8,1
eg_all_s,5.99245,39961.8,1
eg_all_s,5.99251,39921.6,1
eg_all_s,5.99254,39881.7,1
eg_all_s,5.9926,39841.6,1
eg_all_s,5.99263,39801.8,1
eg_all_s,5.99269,39761.8,1
eg_all_s,5.99272,39722,1
eg_all_s,5.99278,39682.1,1
eg_all_s,5.99281,39642.4,1
eg_all_s,5.99287,39602.6,1
eg_all_s,5.9929,39563,1
eg_all_s,5.99296,39523.2,1
eg_all_s,5.99299,39483.7,1
eg_all_s,5.99305,39444,1
eg_all_s,5.99308,39404.6,1
eg_all_s,5.99314,39365,1
eg_all_s,5.99317,39325.6,1
eg_all_s,5.99323,39286.1,1
eg_all_s,5.99326,39246.8,1
eg_all_s,5.99332,39207.3,1
eg_all_s,5.99335,39168.1,1
eg_all_s,5.99341,39128.8,1
eg_all_s,5.99345,39089.6,1
eg_all_s,5.99351,39050.3,1
eg_all_s,5.99354,39011.3,1
eg_all_s,5.9936,38972.1,1
eg_all_s,5.99363,38933.1,1
eg_all_s,5.99369,38894,1
eg_all_s,5.99373,38855.1,1
eg_all_s,5.99378,38816,1
eg_all_s,5.99381,38777.2,1
eg_all_s,5.99387,38738.2,1
eg_all_s,5.99391,38699.5,1
eg_all_s,5.99397,38660.6,1
eg_all_s,5.994,38621.9,1
eg_all_s,5.99406,38583.1,1
eg_all_s,5.99409,38544.5,1
eg_all_s,5.99415,38505.8,1
eg_all_s,5.99418,38467.3,1
eg_all_s,5.99423,38428.6,1
eg_all_s,5.99427,38390.2,1
eg_all_s,5.99432,38351.6,1
eg_all_s,5.99436,38313.2,1
eg_all_s,5.99442,38274.7,1
eg_all_s,5.99446,38236.4,1
eg_all_s,5.99452,38198,1
eg_all_s,5.99455,38159.8,1
eg_all_s,5.99461,38121.4,1
eg_all_s,5.99464,38083.3,1
eg_all_s,5.9947,38045,1
eg_all_s,5.99473,38007,1
eg_all_s,5.99479,37968.8,1
eg_all_s,5.99482,37930.8,1
eg_all_s,5.99488,37892.7,1
eg_all_s,5.99491,37854.8,1
eg_all_s,5.99497,37816.7,1
eg_all_s,5.995,37778.9,1
eg_all_s,5.99506,37740.9,1
eg_all_s,5.99509,37703.2,1
eg_all_s,5.99515,37665.3,1
eg_all_s,5.99518,37627.6,1
eg_all_s,5.99524,37589.8,1
eg_all_s,5.99527,37552.2,1
eg_all_s,5.99533,37514.4,1
eg_all_s,5.99536,37476.9,1
eg_all_s,5.99542,37439.2,1
eg_all_s,5.99546,37401.8,1
eg_all_s,5.99552,37364.2,1
eg_all_s,5.99555,37326.8,1
eg_all_s,5.99561,37289.3,1
eg_all_s,5.99564,37252,1
eg_all_s,5.9957,37214.6,1
eg_all_s,5.99573,37177.3,1
eg_all_s,5.99579,37140,1
eg_all_s,5.99582,37102.8,1
eg_all_s,5.99588,37065.5,1
eg_all_s,5.99591,37028.5,1
eg_all_s,5.99597,36991.2,1
eg_all_s,5.996,36954.2,1
eg_all_s,5.99606,36917.1,1
eg_all_s,5.99609,36880.2,1
eg_all_s,5.99615,36843.1,1
eg_all_s,5.99618,36806.2,1
eg_all_s,5.99624,36769.2,1
eg_all_s,5.99627,36732.5,1
eg_all_s,5.99633,36695.5,1
eg_all_s,5.99636,36658.8,1
eg_all_s,5.99642,36622,1
eg_all_s,5.99646,36585.3,1
eg_all_s,5.99652,36548.6,1
eg_all_s,5.99655,36512,1
eg_all_s,5.99661,36475.3,1
eg_all_s,5.99664,36438.8,1
eg_all_s,5.9967,36402.2,1
eg_all_s,5.99673,36365.8,1
eg_all_s,5.99679,36329.2,1
eg_all_s,5.99683,36292.9,1
eg_all_s,5.99688,36256.4,1
eg_all_s,5.99692,36220.1,1
eg_all_s,5.99697,36183.7,1
eg_all_s,5.997,36147.5,1
eg_all_s,5.99706,36111.2,1
eg_all_s,5.99709,36075.1,1
eg_all_s,5.99715,36038.8,1
eg_all_s,5.99718,36002.7,1
eg_all_s,5.99724,35966.5,1
eg_all_s,5.99728,35930.6,1
eg_all_s,5.99734,35894.4,1
eg_all_s,5.99737,35858.5,1
eg_all_s,5.99743,35822.5,1
eg_all_s,5.99747,35786.7,1
eg_all_s,5.99753,35750.7,1
eg_all_s,5.99756,35714.9,1
eg_all_s,5.99762,35679,1
eg_all_s,5.99765,35643.3,1
eg_all_s,5.99771,35607.5,1
eg_all_s,5.99774,35571.9,1
eg_all_s,5.9978,35536.1,1
eg_all_s,5.99783,35500.6,1
eg_all_s,5.99789,35464.9,1
eg_all_s,5.99792,35429.4,1
eg_all_s,5.99798,35393.8,1
eg_all_s,5.99801,35358.4,1
eg_all_s,5.99807,35322.8,1
eg_all_s,5.9981,35287.5,1
eg_all_s,5.99816,35252,1
eg_all_s,5.99819,35216.7,1
eg_all_s,5.99825,35181.3,1
eg_all_s,5.99828,35146.1,1
eg_all_s,5.99834,35110.8,1
eg_all_s,5.99837,35075.7,1
eg_all_s,5.99843,35040.4,1
eg_all_s,5.99847,35005.4,1
eg_all_s,5.99853,34970.2,1
eg_all_s,5.99856,34935.2,1
eg_all_s,5.99862,34900.1,1
eg_all_s,5.99865,34865.2,1
eg_all_s,5.99871,34830.1,1
eg_all_s,5.99874,34795.3,1
eg_all_s,5.9988,34760.3,1
eg_all_s,5.99883,34725.5,1
eg_all_s,5.99889,34690.6,1
eg_all_s,5.99892,34655.9,1
eg_all_s,5.99898,34621,1
eg_all_s,5.99901,34586.4,1
eg_all_s,5.99907,34551.6,1
eg_all_s,5.9991,34517.1,1
eg_all_s,5.99916,34482.3,1
eg_all_s,5.99919,34447.9,1
eg_all_s,5.99925,34413.2,1
eg_all_s,5.99928,34378.8,1
eg_all_s,5.99934,34344.2,1
eg_all_s,5.99937,34309.9,1
eg_all_s,5.99943,34275.4,1
eg_all_s,5.99947,34241.1,1
eg_all_s,5.99953,34206.6,1
eg_all_s,5.99956,34172.4,1
eg_all_s,5.99962,34138.1,1
eg_all_s,5.99965,34103.9,1
eg_all_s,5.99971,34069.6,1
eg_all_s,5.99974,34035.6,1
eg_all_s,5.9998,34001.3,1
eg_all_s,5.99983,33967.3,1
eg_all_s,5.99989,33933.1,1
eg_all_s,5.99992,33899.2,1
eg_all_s,5.99998,33865.1,1
eg_all_s,6.00001,33831.2,1
eg_all_s,6.00007,33797.2,1
eg_all_s,6.0001,33763.4,1
eg_all_s,6.00016,33729.4,1
eg_all_s,6.00019,33695.7,1
eg_all_s,6.00025,33661.8,1
eg_all_s,6.00028,33628.2,1
eg_all_s,6.00034,33594.3,1
eg_all_s,6.00037,33560.7,1
eg_all_s,6.00043,33527,1
eg_all_s,6.00047,33493.4,1
eg_all_s,6.00053,33459.8,1
eg_all_s,6.00056,33426.3,1
eg_all_s,6.00062,33392.7,1
eg_all_s,6.00065,33359.3,1
eg_all_s,6.00071,33325.7,1
eg_all_s,6.00074,33292.4,1
eg_all_s,6.0008,33258.9,1
eg_all_s,6.00083,33225.6,1
eg_all_s,6.00089,33192.2,1
eg_all_s,6.00092,33159,1
eg_all_s,6.00098,33125.6,1
eg_all_s,6.00101,33092.5,1
eg_all_s,6.00107,33059.2,1
eg_all_s,6.0011,33026.2,1
eg_all_s,6.00116,32992.9,1
eg_all_s,6.00119,32959.9,1
eg_all_s,6.00125,32926.8,1
eg_all_s,6.00128,32893.9,1
eg_all_s,6.00134,32860.8,1
eg_all_s,6.00137,32827.9,1
eg_all_s,6.00143,32794.9,1
eg_all_s,6.00147,32762.1,1
eg_all_s,6.00153,32729.1,1
eg_all_s,6.00156,32696.4,1
eg_all_s,6.00162,32663.5,1
eg_all_s,6.00165,32630.8,1
eg_all_s,6.00171,32598,1
eg_all_s,6.00174,32565.4,1
eg_all_s,6.0018,32532.6,1
eg_all_s,6.00183,32500.1,1
eg_all_s,6.00189,32467.4,1
eg_all_s,6.00192,32434.9,1
eg_all_s,6.00198,32402.3,1
eg_all_s,6.00201,32369.9,1
eg_all_s,6.00207,32337.3,1
eg_all_s,6.0021,32305,1
eg_all_s,6.00216,32272.5,1
eg_all_s,6.00219,32240.2,1
eg_all_s,6.00225,32207.8,1
eg_all_s,6.00228,32175.5,1
eg_all_s,6.00234,32143.2,1
eg_all_s,6.00237,32111,1
eg_all_s,6.00243,32078.7,1
eg_all_s,6.00247,32046.6,1
eg_all_s,6.00254,32014.4,1
eg_all_s,6.00257,31982.4,1
eg_all_s,6.00263,31950.2,1
eg_all_s,6.00266,31918.2,1
eg_all_s,6.00272,31886.1,1
eg_all_s,6.00275,31854.2,1
eg_all_s,6.00281,31822.2,1
eg_all_s,6.00284,31790.3,1
eg_all_s,6.0029,31758.4,1
eg_all_s,6.00293,31726.6,1
eg_all_s,6.00299,31694.7,1
eg_all_s,6.00302,31663,1
eg_all_s,6.00308,31631.1,1
eg_all_s,6.00311,31599.5,1
eg_all_s,6.00317,31567.7,1
eg_all_s,6.0032,31536.1,1
eg_all_s,6.00326,31504.4,1
eg_all_s,6.00329,31472.9,1
eg_all_s,6.00335,31441.2,1
eg_all_s,6.00338,31409.8,1
eg_all_s,6.00344,31378.1,1
eg_all_s,6.00348,31346.8,1
eg_all_s,6.00354,31315.2,1
eg_all_s,6.00357,31283.9,1
eg_all_s,6.00363,31252.4,1
eg_all_s,6.00366,31221.2,1
eg_all_s,6.00372,31189.7,1
eg_all_s,6.00375,31158.5,1
eg_all_s,6.00381,31127.2,1
eg_all_s,6.00384,31096.1,1
eg_all_s,6.0039,31064.8,1
eg_all_s,6.00393,31033.7,1
eg_all_s,6.00399,31002.5,1
eg_all_s,6.00402,30971.5,1
eg_all_s,6.00408,30940.3,1
eg_all_s,6.00411,30909.3,1
eg_all_s,6.00417,30878.2,1
eg_all_s,6.0042,30847.4,1
eg_all_s,6.00426,30816.3,1
eg_all_s,6.00429,30785.5,1
eg_all_s,6.00435,30754.5,1
eg_all_s,6.00438,30723.7,1
eg_all_s,6.00445,30692.8,1
eg_all_s,6.00448,30662.1,1
eg_all_s,6.00454,30631.3,1
eg_all_s,6.00457,30600.6,1
eg_all_s,6.00463,30569.8,1
eg_all_s,6.00466,30539.3,1
eg_all_s,6.00472,30508.5,1
eg_all_s,6.00475,30478,1
eg_all_s,6.00481,30447.3,1
eg_all_s,6.00484,30416.9,1
eg_all_s,6.0049,30386.3,1
eg_all_s,6.00493,30355.9,1
eg_all_s,6.00499,30325.3,1
eg_all_s,6.00502,30295,1
eg_all_s,6.00508,30264.5,1
eg_all_s,6.00511,30234.2,1
eg_all_s,6.00517,30203.8,1
eg_all_s,6.0052,30173.6,1
eg_all_s,6.00526,30143.2,1
eg_all_s,6.00529,30113.1,1
eg_all_s,6.00535,30082.8,1
eg_all_s,6.00538,30052.7,1
eg_all_s,6.00545,30022.4,1
eg_all_s,6.00548,29992.4,1
eg_all_s,6.00554,29962.2,1
eg_all_s,6.00557,29932.2,1
eg_all_s,6.00563,29902.1,1
eg_all_s,6.00566,29872.2,1
eg_all_s,6.00572,29842.1,1
eg_all_s,6.00575,29812.3,1
eg_all_s,6.00581,29782.3,1
eg_all_s,6.00584,29752.5,1
eg_all_s,6.0059,29722.5,1
eg_all_s,6.00593,29692.8,1
eg_all_s,6.00599,29662.9,1
eg_all_s,6.00602,29633.3,1
eg_all_s,6.00608,29603.4,1
eg_all_s,6.00612,29573.8,1
eg_all_s,6.00618,29544,1
eg_all_s,6.00621,29514.5,1
eg_all_s,6.00627,29484.8,1
eg_all_s,6.0063,29455.3,1
eg_all_s,6.00636,29425.6,1
eg_all_s,6.00639,29396.2,1
eg_all_s,6.00646,29366.6,1
eg_all_s,6.00649,29337.3,1
eg_all_s,6.00655,29307.7,1
eg_all_s,6.00658,29278.4,1
eg_all_s,6.00664,29248.9,1
eg_all_s,6.00667,29219.7,1
eg_all_s,6.00673,29190.3,1
eg_all_s,6.00676,29161.1,1
eg_all_s,6.00682,29131.7,1
eg_all_s,6.00685,29102.6,1
eg_all_s,6.00691,29073.3,1
eg_all_s,6.00694,29044.2,1
eg_all_s,6.007,29014.9,1
eg_all_s,6.00703,28985.9,1
eg_all_s,6.00709,28956.7,1
eg_all_s,6.00712,28927.8,1
eg_all_s,6.00718,28898.7,1
eg_all_s,6.00721,28869.8,1
eg_all_s,6.00727,28840.7,1
eg_all_s,6.0073,28811.8,1
eg_all_s,6.00736,28782.8,1
eg_all_s,6.00739,28754,1
eg_all_s,6.00746,28725.1,1
eg_all_s,6.00749,28696.4,1
eg_all_s,6.00755,28667.5,1
eg_all_s,6.00758,28638.8,1
eg_all_s,6.00764,28610,1
eg_all_s,6.00767,28581.3,1
eg_all_s,6.00773,28552.6,1
eg_all_s,6.00776,28524,1
eg_all_s,6.00782,28495.3,1
eg_all_s,6.00785,28466.8,1
eg_all_s,6.00791,28438.1,1
eg_all_s,6.00794,28409.7,1
eg_all_s,6.008,28381.1,1
eg_all_s,6.00803,28352.7,1
eg_all_s,6.00809,28324.1,1
eg_all_s,6.00812,28295.8,1
eg_all_s,6.00818,28267.3,1
eg_all_s,6.00821,28239,1
eg_all_s,6.00827,28210.6,1
eg_all_s,6.0083,28182.4,1
eg_all_s,6.00836,28154,1
eg_all_s,6.00839,28125.9,1
eg_all_s,6.00846,28097.5,1
eg_all_s,6.00849,28069.4,1
eg_all_s,6.00855,28041.2,1
eg_all_s,6.00858,28013.1,1
eg_all_s,6.00864,27984.9,1
eg_all_s,6.00867,27956.9,1
eg_all_s,6.00873,27928.8,1
eg_all_s,6.00876,27900.8,1
eg_all_s,6.00882,27872.7,1
eg_all_s,6.00885,27844.9,1
eg_all_s,6.00891,27816.8,1
eg_all_s,6.00894,27789,1
eg_all_s,6.009,27761,1
eg_all_s,6.00903,27733.2,1
eg_all_s,6.00909,27705.3,1
eg_all_s,6.00912,27677.6,1
eg_all_s,6.00918,27649.7,1
eg_all_s,6.00921,27622.1,1
eg_all_s,6.00927,27594.2,1
eg_all_s,6.0093,27566.7,1
eg_all_s,6.00936,27538.9,1
eg_all_s,6.00939,27511.3,1
eg_all_s,6.00946,27483.6,1
eg_all_s,6.00949,27456.1,1
eg_all_s,6.00955,27428.5,1
eg_all_s,6.00958,27401.1,1
eg_all_s,6.00964,27373.5,1
eg_all_s,6.00967,27346.1,1
eg_all_s,6.00973,27318.5,1
eg_all_s,6.00976,27291.2,1
eg_all_s,6.00982,27263.7,1
eg_all_s,6.00985,27236.5,1
eg_all_s,6.00991,27209,1
eg_all_s,6.00994,27181.8,1
eg_all_s,6.01,27154.4,1
eg_all_s,6.01003,27127.3,1
eg_all_s,6.01009,27099.9,1
eg_all_s,6.01012,27072.8,1
eg_all_s,6.01018,27045.6,1
eg_all_s,6.01021,27018.5,1
eg_all_s,6.01027,26991.3,1
eg_all_s,6.0103,26964.3,1
eg_all_s,6.01036,26937.1,1
eg_all_s,6.01039,26910.2,1
eg_all_s,6.01046,26883.1,1
eg_all_s,6.01049,26856.2,1
eg_all_s,6.01055,26829.2,1
eg_all_s,6.01058,26802.3,1
eg_all_s,6.01064,26775.3,1
eg_all_s,6.01067,26748.5,1
eg_all_s,6.01073,26721.6,1
eg_all_s,6.01077,26694.9,1
eg_all_s,6.01082,26668,1
eg_all_s,6.01086,26641.3,1
eg_all_s,6.01091,26614.5,1
eg_all_s,6.01095,26587.9,1
eg_all_s,6.011,26561.1,1
eg_all_s,6.01104,26534.5,1
eg_all_s,6.01109,26507.8,1
eg_all_s,6.01113,26481.3,1
eg_all_s,6.01118,26454.6,1
eg_all_s,6.01122,26428.1,1
eg_all_s,6.01128,26401.5,1
eg_all_s,6.01131,26375.1,1
eg_all_s,6.01137,26348.5,1
eg_all_s,6.0114,26322.2,1
eg_all_s,6.01146,26295.6,1
eg_all_s,6.0115,26269.3,1
eg_all_s,6.01156,26242.9,1
eg_all_s,6.01159,26216.6,1
eg_all_s,6.01165,26190.2,1
eg_all_s,6.01168,26164,1
eg_all_s,6.01174,26137.7,1
eg_all_s,6.01177,26111.5,1
eg_all_s,6.01183,26085.2,1
eg_all_s,6.01186,26059.1,1
eg_all_s,6.01192,26032.9,1
eg_all_s,6.01195,26006.8,1
eg_all_s,6.01201,25980.6,1
eg_all_s,6.01204,25954.6,1
eg_all_s,6.0121,25928.5,1
eg_all_s,6.01213,25902.5,1
eg_all_s,6.01219,25876.4,1
eg_all_s,6.01222,25850.6,1
eg_all_s,6.01228,25824.5,1
eg_all_s,6.01231,25798.7,1
eg_all_s,6.01237,25772.7,1
eg_all_s,6.0124,25746.9,1
eg_all_s,6.01247,25721,1
eg_all_s,6.0125,25695.2,1
eg_all_s,6.01256,25669.4,1
eg_all_s,6.01259,25643.7,1
eg_all_s,6.01265,25617.8,1
eg_all_s,6.01268,25592.2,1
eg_all_s,6.01274,25566.4,1
eg_all_s,6.01277,25540.9,1
eg_all_s,6.01283,25515.1,1
eg_all_s,6.01286,25489.6,1
eg_all_s,6.01292,25463.9,1
eg_all_s,6.01295,25438.4,1
eg_all_s,6.01301,25412.8,1
eg_all_s,6.01304,25387.4,1
eg_all_s,6.0131,25361.8,1
eg_all_s,6.01313,25336.4,1
eg_all_s,6.01319,25310.9,1
eg_all_s,6.01322,25285.6,1
eg_all_s,6.01328,25260.1,1
eg_all_s,6.01331,25234.8,1
eg_all_s,6.01337,25209.4,1
eg_all_s,6.0134,25184.2,1
eg_all_s,6.01347,25158.8,1
eg_all_s,6.0135,25133.7,1
eg_all_s,6.01356,25108.3,1
eg_all_s,6.01359,25083.2,1
eg_all_s,6.01365,25057.9,1
eg_all_s,6.01368,25032.9,1
eg_all_s,6.01374,25007.6,1
eg_all_s,6.01377,24982.6,1
eg_all_s,6.01383,24957.4,1
eg_all_s,6.01386,24932.5,1
eg_all_s,6.01392,24907.3,1
eg_all_s,6.01395,24882.4,1
eg_all_s,6.01401,24857.4,1
eg_all_s,6.01404,24832.5,1
eg_all_s,6.0141,24807.5,1
eg_all_s,6.01413,24782.7,1
eg_all_s,6.01419,24757.7,1
eg_all_s,6.01422,24732.9,1
eg_all_s,6.01428,24708,1
eg_all_s,6.01431,24683.3,1
eg_all_s,6.01437,24658.4,1
eg_all_s,6.0144,24633.7,1
eg_all_s,6.01447,24608.9,1
eg_all_s,6.0145,24584.3,1
eg_all_s,6.01456,24559.5,1
eg_all_s,6.01459,24534.9,1
eg_all_s,6.01465,24510.2,1
eg_all_s,6.01468,24485.7,1
eg_all_s,6.01474,24461,1
eg_all_s,6.01477,24436.5,1
eg_all_s,6.01483,24411.9,1
eg_all_s,6.01486,24387.5,1
eg_all_s,6.01492,24362.9,1
eg_all_s,6.01495,24338.5,1
eg_all_s,6.01501,24314,1
eg_all_s,6.01504,24289.7,1
eg_all_s,6.0151,24265.2,1
eg_all_s,6.01513,24240.9,1
eg_all_s,6.01519,24216.5,1
eg_all_s,6.01522,24192.3,1
eg_all_s,6.01528,24167.9,1
eg_all_s,6.01531,24143.7,1
eg_all_s,6.01537,24119.4,1
eg_all_s,6.0154,24095.2,1
eg_all_s,6.01547,24070.9,1
eg_all_s,6.0155,24046.9,1
eg_all_s,6.01556,24022.6,1
eg_all_s,6.01559,23998.6,1
eg_all_s,6.01565,23974.4,1
eg_all_s,6.01568,23950.4,1
eg_all_s,6.01574,23926.3,1
eg_all_s,6.01577,23902.3,1
eg_all_s,6.01583,23878.2,1
eg_all_s,6.01586,23854.4,1
eg_all_s,6.01592,23830.3,1
eg_all_s,6.01595,23806.5,1
eg_all_s,6.01601,23782.5,1
eg_all_s,6.01604,23758.7,1
eg_all_s,6.0161,23734.7,1
eg_all_s,6.01613,23711,1
eg_all_s,6.01619,23687.1,1
eg_all_s,6.01622,23663.4,1
eg_all_s,6.01628,23639.5,1
eg_all_s,6.01631,23615.9,1
eg_all_s,6.01637,23592.1,1
eg_all_s,6.0164,23568.5,1
eg_all_s,6.01647,23544.7,1
eg_all_s,6.0165,23521.2,1
eg_all_s,6.01656,23497.4,1
eg_all_s,6.01659,23473.9,1
eg_all_s,6.01665,23450.3,1
eg_all_s,6.01668,23426.8,1
eg_all_s,6.01674,23403.2,1
eg_all_s,6.01677,23379.8,1
eg_all_s,6.01683,23356.2,1
eg_all_s,6.01686,23332.8,1
eg_all_s,6.01692,23309.3,1
eg_all_s,6.01695,23286,1
eg_all_s,6.01701,23262.5,1
eg_all_s,6.01704,23239.2,1
eg_all_s,6.0171,23215.8,1
eg_all_s,6.01713,23192.6,1
eg_all_s,6.01719,23169.2,1
eg_all_s,6.01722,23146,1
eg_all_s,6.01728,23122.7,1
eg_all_s,6.01732,23099.6,1
eg_all_s,6.01737,23076.3,1
eg_all_s,6.01741,23053.2,1
eg_all_s,6.01747,23029.9,1
eg_all_s,6.01751,23006.9,1
eg_all_s,6.01757,22983.7,1
eg_all_s,6.0176,22960.7,1
eg_all_s,6.01766,22937.5,1
eg_all_s,6.01769,22914.6,1
eg_all_s,6.01775,22891.5,1
eg_all_s,6.01778,22868.6,1
eg_all_s,6.01784,22845.5,1
eg_all_s,6.01787,22822.7,1
eg_all_s,6.01793,22799.7,1
eg_all_s,6.01796,22776.9,1
eg_all_s,6.01802,22753.9,1
eg_all_s,6.01805,22731.1,1
eg_all_s,6.01811,22708.2,1
eg_all_s,6.01814,22685.5,1
eg_all_s,6.0182,22662.6,1
eg_all_s,6.01823,22639.9,1
eg_all_s,6.01829,22617.1,1
eg_all_s,6.01832,22594.5,1
eg_all_s,6.01838,22571.7,1
eg_all_s,6.01841,22549.1,1
eg_all_s,6.01848,22526.4,1
eg_all_s,6.01851,22503.8,1
eg_all_s,6.01857,22481.1,1
eg_all_s,6.0186,22458.6,1
eg_all_s,6.01866,22436,1
eg_all_s,6.01869,22413.5,1
eg_all_s,6.01875,22390.9,1
eg_all_s,6.01878,22368.5,1
eg_all_s,6.01884,22346,1
eg_all_s,6.01887,22323.6,1
eg_all_s,6.01893,22301.1,1
eg_all_s,6.01897,22278.8,1
eg_all_s,6.01902,22256.3,1
eg_all_s,6.01906,22234.1,1
eg_all_s,6.01911,22211.6,1
eg_all_s,6.01915,22189.4,1
eg_all_s,6.0192,22167,1
eg_all_s,6.01924,22144.8,1
eg_all_s,6.0193,22122.5,1
eg_all_s,6.01933,22100.4,1
eg_all_s,6.01939,22078.1,1
eg_all_s,6.01942,22056,1
eg_all_s,6.01948,22033.7,1
eg_all_s,6.01952,22011.7,1
eg_all_s,6.01957,21989.5,1
eg_all_s,6.0196,21967.5,1
eg_all_s,6.01966,21945.3,1
eg_all_s,6.01969,21923.4,1
eg_all_s,6.01975,21901.3,1
eg_all_s,6.01978,21879.4,1
eg_all_s,6.01984,21857.3,1
eg_all_s,6.01987,21835.4,1
eg_all_s,6.01993,21813.4,1
eg_all_s,6.01996,21791.6,1
eg_all_s,6.02002,21769.6,1
eg_all_s,6.02006,21747.8,1
eg_all_s,6.02011,21725.9,1
eg_all_s,6.02015,21704.1,1
eg_all_s,6.02021,21682.2,1
eg_all_s,6.02024,21660.5,1
eg_all_s,6.0203,21638.7,1
eg_all_s,6.02033,21617,1
eg_all_s,6.02039,21595.2,1
eg_all_s,6.02042,21573.6,1
eg_all_s,6.02048,21551.9,1
eg_all_s,6.02052,21530.3,1
eg_all_s,6.02058,21508.6,1
eg_all_s,6.02061,21487.1,1
eg_all_s,6.02067,21465.4,1
eg_all_s,6.0207,21443.9,1
eg_all_s,6.02076,21422.3,1
eg_all_s,6.02079,21400.8,1
eg_all_s,6.02085,21379.2,1
eg_all_s,6.02088,21357.9,1
eg_all_s,6.02094,21336.3,1
eg_all_s,6.02097,21315,1
eg_all_s,6.02103,21293.4,1
eg_all_s,6.02106,21272.1,1
eg_all_s,6.02112,21250.7,1
eg_all_s,6.02115,21229.4,1
eg_all_s,6.02121,21208,1
eg_all_s,6.02124,21186.8,1
eg_all_s,6.0213,21165.4,1
eg_all_s,6.02133,21144.2,1
eg_all_s,6.02139,21122.9,1
eg_all_s,6.02142,21101.8,1
eg_all_s,6.02149,21080.5,1
eg_all_s,6.02152,21059.4,1
eg_all_s,6.02158,21038.1,1
eg_all_s,6.02161,21017.1,1
eg_all_s,6.02167,20995.9,1
eg_all_s,6.0217,20974.9,1
eg_all_s,6.02176,20953.7,1
eg_all_s,6.02179,20932.7,1
eg_all_s,6.02185,20911.6,1
eg_all_s,6.02188,20890.7,1
eg_all_s,6.02194,20869.6,1
eg_all_s,6.02197,20848.7,1
eg_all_s,6.02203,20827.7,1
eg_all_s,6.02206,20806.8,1
eg_all_s,6.02212,20785.8,1
eg_all_s,6.02215,20765.1,1
eg_all_s,6.02221,20744.1,1
eg_all_s,6.02224,20723.3,1
eg_all_s,6.0223,20702.4,1
eg_all_s,6.02233,20681.7,1
eg_all_s,6.02239,20660.8,1
eg_all_s,6.02242,20640.2,1
eg_all_s,6.02249,20619.3,1
eg_all_s,6.02252,20598.7,1
eg_all_s,6.02258,20577.9,1
eg_all_s,6.02261,20557.3,1
eg_all_s,6.02267,20536.6,1
eg_all_s,6.0227,20516,1
eg_all_s,6.02276,20495.3,1
eg_all_s,6.02279,20474.8,1
eg_all_s,6.02285,20454.1,1
eg_all_s,6.02288,20433.7,1
eg_all_s,6.02294,20413.1,1
eg_all_s,6.02297,20392.6,1
eg_all_s,6.02303,20372,1
eg_all_s,6.02306,20351.7,1
eg_all_s,6.02312,20331.1,1
eg_all_s,6.02315,20310.8,1
eg_all_s,6.02321,20290.3,1
eg_all_s,6.02324,20270,1
eg_all_s,6.0233,20249.5,1
eg_all_s,6.02333,20229.3,1
eg_all_s,6.02339,20208.8,1
eg_all_s,6.02342,20188.6,1
eg_all_s,6.02349,20168.2,1
eg_all_s,6.02352,20148.1,1
eg_all_s,6.02358,20127.7,1
eg_all_s,6.02362,20107.6,1
eg_all_s,6.02368,20087.3,1
eg_all_s,6.02371,20067.2,1
eg_all_s,6.02376,20046.9,1
eg_all_s,6.0238,20026.9,1
eg_all_s,6.02386,20006.6,1
eg_all_s,6.02389,19986.6,1
eg_all_s,6.02395,19966.4,1
eg_all_s,6.02398,19946.5,1
eg_all_s,6.02404,19926.3,1
eg_all_s,6.02407,19906.4,1
eg_all_s,6.02413,19886.3,1
eg_all_s,6.02416,19866.4,1
eg_all_s,6.02422,19846.3,1
eg_all_s,6.02425,19826.5,1
eg_all_s,6.02431,19806.5,1
eg_all_s,6.02434,19786.7,1
eg_all_s,6.0244,19766.7,1
eg_all_s,6.02443,19746.9,1
eg_all_s,6.02449,19727,1
eg_all_s,6.02453,19707.2,1
eg_all_s,6.02459,19687.3,1
eg_all_s,6.02462,19667.6,1
eg_all_s,6.02468,19647.8,1
eg_all_s,6.02471,19628.1,1
eg_all_s,6.02477,19608.3,1
eg_all_s,6.0248,19588.7,1
eg_all_s,6.02486,19568.9,1
eg_all_s,6.02489,19549.3,1
eg_all_s,6.02495,19529.6,1
eg_all_s,6.02498,19510,1
eg_all_s,6.02504,19490.3,1
eg_all_s,6.02507,19470.8,1
eg_all_s,6.02513,19451.2,1
eg_all_s,6.02516,19431.7,1
eg_all_s,6.02522,19412.1,1
eg_all_s,6.02525,19392.7,1
eg_all_s,6.02531,19373.1,1
eg_all_s,6.02534,19353.7,1
eg_all_s,6.0254,19334.1,1
eg_all_s,6.02543,19314.8,1
eg_all_s,6.0255,19295.3,1
eg_all_s,6.02553,19276,1
eg_all_s,6.02559,19256.5,1
eg_all_s,6.02562,19237.3,1
eg_all_s,6.02568,19217.8,1
eg_all_s,6.02571,19198.6,1
eg_all_s,6.02577,19179.2,1
eg_all_s,6.0258,19160,1
eg_all_s,6.02586,19140.7,1
eg_all_s,6.0259,19121.5,1
eg_all_s,6.02595,19102.2,1
eg_all_s,6.02599,19083.1,1
eg_all_s,6.02604,19063.8,1
eg_all_s,6.02608,19044.7,1
eg_all_s,6.02613,19025.5,1
eg_all_s,6.02617,19006.5,1
eg_all_s,6.02622,18987.3,1
eg_all_s,6.02626,18968.3,1
eg_all_s,6.02632,18949.1,1
eg_all_s,6.02635,18930.2,1
eg_all_s,6.02641,18911,1
eg_all_s,6.02645,18892.1,1
eg_all_s,6.02651,18873,1
eg_all_s,6.02654,18854.2,1
eg_all_s,6.0266,18835.1,1
eg_all_s,6.02663,18816.3,1
eg_all_s,6.02669,18797.2,1
eg_all_s,6.02672,18778.4,1
eg_all_s,6.02678,18759.5,1
eg_all_s,6.02681,18740.7,1
eg_all_s,6.02687,18721.8,1
eg_all_s,6.0269,18703,1
eg_all_s,6.02696,18684.1,1
eg_all_s,6.02699,18665.4,1
eg_all_s,6.02705,18646.6,1
eg_all_s,6.02708,18627.9,1
eg_all_s,6.02714,18609.1,1
eg_all_s,6.02717,18590.5,1
eg_all_s,6.02723,18571.7,1
eg_all_s,6.02726,18553.1,1
eg_all_s,6.02732,18534.4,1
eg_all_s,6.02735,18515.8,1
eg_all_s,6.02741,18497.1,1
eg_all_s,6.02745,18478.6,1
eg_all_s,6.02751,18459.9,1
eg_all_s,6.02754,18441.5,1
eg_all_s,6.0276,18422.8,1
eg_all_s,6.02763,18404.4,1
eg_all_s,6.02769,18385.8,1
eg_all_s,6.02772,18367.4,1
eg_all_s,6.02778,18348.9,1
eg_all_s,6.02781,18330.5,1
eg_all_s,6.02787,18312,1
eg_all_s,6.0279,18293.7,1
eg_all_s,6.02796,18275.2,1
eg_all_s,6.02799,18256.9,1
eg_all_s,6.02805,18238.4,1
eg_all_s,6.02808,18220.2,1
eg_all_s,6.02814,18201.8,1
eg_all_s,6.02817,18183.6,1
eg_all_s,6.02823,18165.2,1
eg_all_s,6.02826,18147,1
eg_all_s,6.02832,18128.7,1
eg_all_s,6.02835,18110.5,1
eg_all_s,6.02841,18092.2,1
eg_all_s,6.02845,18074.1,1
eg_all_s,6.02851,18055.9,1
eg_all_s,6.02854,18037.8,1
eg_all_s,6.0286,18019.6,1
eg_all_s,6.02863,18001.5,1
eg_all_s,6.02869,17983.3,1
eg_all_s,6.02872,17965.4,1
eg_all_s,6.02878,17947.2,1
eg_all_s,6.02881,17929.2,1
eg_all_s,6.02887,17911.1,1
eg_all_s,6.0289,17893.2,1
eg_all_s,6.02896,17875.1,1
eg_all_s,6.02899,17857.2,1
eg_all_s,6.02905,17839.2,1
eg_all_s,6.02908,17821.3,1
eg_all_s,6.02914,17803.3,1
eg_all_s,6.02917,17785.5,1
eg_all_s,6.02923,17767.5,1
eg_all_s,6.02926,17749.8,1
eg_all_s,6.02932,17731.8,1
eg_all_s,6.02935,17714.1,1
eg_all_s,6.02941,17696.2,1
eg_all_s,6.02945,17678.5,1
eg_all_s,6.02951,17660.6,1
eg_all_s,6.02954,17642.9,1
eg_all_s,6.0296,17625.1,1
eg_all_s,6.02963,17607.4,1
eg_all_s,6.02969,17589.6,1
eg_all_s,6.02972,17572,1
eg_all_s,6.02978,17554.3,1
eg_all_s,6.02981,17536.7,1
eg_all_s,6.02987,17519,1
eg_all_s,6.0299,17501.5,1
eg_all_s,6.02996,17483.8,1
eg_all_s,6.02999,17466.3,1
eg_all_s,6.03005,17448.6,1
eg_all_s,6.03008,17431.2,1
eg_all_s,6.03014,17413.5,1
eg_all_s,6.03017,17396.1,1
eg_all_s,6.03023,17378.5,1
eg_all_s,6.03026,17361.1,1
eg_all_s,6.03032,17343.6,1
eg_all_s,6.03035,17326.2,1
eg_all_s,6.03041,17308.7,1
eg_all_s,6.03045,17291.4,1
eg_all_s,6.03051,17273.9,1
eg_all_s,6.03054,17256.6,1
eg_all_s,6.0306,17239.2,1
eg_all_s,6.03063,17221.9,1
eg_all_s,6.03069,17204.5,1
eg_all_s,6.03072,17187.3,1
eg_all_s,6.03078,17169.9,1
eg_all_s,6.03082,17152.7,1
eg_all_s,6.03087,17135.4,1
eg_all_s,6.03091,17118.2,1
eg_all_s,6.03096,17100.9,1
eg_all_s,6.031,17083.8,1
eg_all_s,6.03106,17066.5,1
eg_all_s,6.03109,17049.5,1
eg_all_s,6.03115,17032.2,1
eg_all_s,6.03118,17015.2,1
eg_all_s,6.03123,16998,1
eg_all_s,6.03127,16981,1
eg_all_s,6.03132,16963.8,1
eg_all_s,6.03136,16946.8,1
eg_all_s,6.03141,16929.7,1
eg_all_s,6.03145,16912.8,1
eg_all_s,6.03151,16895.6,1
eg_all_s,6.03155,16878.7,1
eg_all_s,6.0316,16861.7,1
eg_all_s,6.03164,16844.8,1
eg_all_s,6.0317,16827.8,1
eg_all_s,6.03173,16810.9,1
eg_all_s,6.03179,16793.9,1
eg_all_s,6.03182,16777.1,1
eg_all_s,6.03188,16760.1,1
eg_all_s,6.03191,16743.4,1
eg_all_s,6.03197,16726.4,1
eg_all_s,6.032,16709.7,1
eg_all_s,6.03206,16692.8,1
eg_all_s,6.03209,16676.1,1
eg_all_s,6.03215,16659.2,1
eg_all_s,6.03218,16642.6,1
eg_all_s,6.03224,16625.7,1
eg_all_s,6.03227,16609.1,1
eg_all_s,6.03233,16592.3,1
eg_all_s,6.03236,16575.7,1
eg_all_s,6.03242,16558.9,1
eg_all_s,6.03246,16542.4,1
eg_all_s,6.03252,16525.6,1
eg_all_s,6.03255,16509.1,1
eg_all_s,6.03261,16492.4,1
eg_all_s,6.03264,16475.9,1
eg_all_s,6.0327,16459.2,1
eg_all_s,6.03273,16442.7,1
eg_all_s,6.03279,16426.1,1
eg_all_s,6.03282,16409.7,1
eg_all_s,6.03288,16393.1,1
eg_all_s,6.03291,16376.7,1
eg_all_s,6.03297,16360.1,1
eg_all_s,6.033,16343.7,1
eg_all_s,6.03306,16327.2,1
eg_all_s,6.03309,16310.9,1
eg_all_s,6.03315,16294.3,1
eg_all_s,6.03318,16278,1
eg_all_s,6.03324,16261.6,1
eg_all_s,6.03327,16245.3,1
eg_all_s,6.03333,16228.9,1
eg_all_s,6.03336,16212.6,1
eg_all_s,6.03342,16196.2,1
eg_all_s,6.03346,16180,1
eg_all_s,6.03352,16163.6,1
eg_all_s,6.03355,16147.5,1
eg_all_s,6.03361,16131.1,1
eg_all_s,6.03364,16115,1
eg_all_s,6.0337,16098.7,1
eg_all_s,6.03373,16082.6,1
eg_all_s,6.03379,16066.3,1
eg_all_s,6.03382,16050.2,1
eg_all_s,6.03388,16034,1
eg_all_s,6.03391,16017.9,1
eg_all_s,6.03397,16001.7,1
eg_all_s,6.034,15985.7,1
eg_all_s,6.03406,15969.5,1
eg_all_s,6.03409,15953.6,1
eg_all_s,6.03415,15937.4,1
eg_all_s,6.03418,15921.5,1
eg_all_s,6.03424,15905.3,1
eg_all_s,6.03427,15889.4,1
eg_all_s,6.03433,15873.4,1
eg_all_s,6.03436,15857.5,1
eg_all_s,6.03442,15841.4,1
eg_all_s,6.03446,15825.6,1
eg_all_s,6.03452,15809.5,1
eg_all_s,6.03455,15793.7,1
eg_all_s,6.03461,15777.7,1
eg_all_s,6.03464,15762,1
eg_all_s,6.0347,15746,1
eg_all_s,6.03473,15730.3,1
eg_all_s,6.03479,15714.3,1
eg_all_s,6.03482,15698.6,1
eg_all_s,6.03488,15682.7,1
eg_all_s,6.03491,15667,1
eg_all_s,6.03497,15651.2,1
eg_all_s,6.035,15635.5,1
eg_all_s,6.03506,15619.7,1
eg_all_s,6.03509,15604,1
eg_all_s,6.03515,15588.2,1
eg_all_s,6.03518,15572.7,1
eg_all_s,6.03524,15556.9,1
eg_all_s,6.03527,15541.3,1
eg_all_s,6.03533,15525.6,1
eg_all_s,6.03536,15510.1,1
eg_all_s,6.03542,15494.3,1
eg_all_s,6.03546,15478.8,1
eg_all_s,6.03552,15463.2,1
eg_all_s,6.03555,15447.7,1
eg_all_s,6.03561,15432.1,1
eg_all_s,6.03564,15416.6,1
eg_all_s,6.0357,15401,1
eg_all_s,6.03573,15385.6,1
eg_all_s,6.03579,15370,1
eg_all_s,6.03582,15354.6,1
eg_all_s,6.03588,15339.1,1
eg_all_s,6.03591,15323.7,1
eg_all_s,6.03597,15308.2,1
eg_all_s,6.036,15292.9,1
eg_all_s,6.03606,15277.4,1
eg_all_s,6.03609,15262.1,1
eg_all_s,6.03615,15246.7,1
eg_all_s,6.03618,15231.4,1
eg_all_s,6.03624,15216,1
eg_all_s,6.03627,15200.8,1
eg_all_s,6.03633,15185.4,1
eg_all_s,6.03636,15170.2,1
eg_all_s,6.03642,15154.8,1
eg_all_s,6.03646,15139.7,1
eg_all_s,6.03652,15124.3,1
eg_all_s,6.03655,15109.2,1
eg_all_s,6.03661,15093.9,1
eg_all_s,6.03664,15078.8,1
eg_all_s,6.0367,15063.5,1
eg_all_s,6.03673,15048.5,1
eg_all_s,6.03679,15033.2,1
eg_all_s,6.03682,15018.2,1
eg_all_s,6.03688,15002.9,1
eg_all_s,6.03691,14987.9,1
eg_all_s,6.03697,14972.8,1
eg_all_s,6.037,14957.8,1
eg_all_s,6.03706,14942.6,1
eg_all_s,6.03709,14927.7,1
eg_all_s,6.03715,14912.5,1
eg_all_s,6.03718,14897.6,1
eg_all_s,6.03724,14882.5,1
eg_all_s,6.03727,14867.7,1
eg_all_s,6.03733,14852.6,1
eg_all_s,6.03736,14837.7,1
eg_all_s,6.03742,14822.7,1
eg_all_s,6.03746,14807.9,1
eg_all_s,6.03753,14792.9,1
eg_all_s,6.03756,14778.1,1
eg_all_s,6.03762,14763.1,1
eg_all_s,6.03765,14748.3,1
eg_all_s,6.03771,14733.4,1
eg_all_s,6.03774,14718.6,1
eg_all_s,6.0378,14703.7,1
eg_all_s,6.03783,14689,1
eg_all_s,6.03789,14674.1,1
eg_all_s,6.03792,14659.5,1
eg_all_s,6.03798,14644.6,1
eg_all_s,6.03801,14629.9,1
eg_all_s,6.03806,14615.1,1
eg_all_s,6.0381,14600.5,1
eg_all_s,6.03816,14585.7,1
eg_all_s,6.03819,14571.1,1
eg_all_s,6.03825,14556.3,1
eg_all_s,6.03828,14541.8,1
eg_all_s,6.03834,14527,1
eg_all_s,6.03837,14512.5,1
eg_all_s,6.03843,14497.8,1
eg_all_s,6.03846,14483.3,1
eg_all_s,6.03852,14468.6,1
eg_all_s,6.03856,14454.1,1
eg_all_s,6.03861,14439.5,1
eg_all_s,6.03865,14425,1
eg_all_s,6.03871,14410.4,1
eg_all_s,6.03874,14396,1
eg_all_s,6.0388,14381.4,1
eg_all_s,6.03883,14367,1
eg_all_s,6.03889,14352.5,1
eg_all_s,6.03892,14338.1,1
eg_all_s,6.03898,14323.6,1
eg_all_s,6.03901,14309.2,1
eg_all_s,6.03907,14294.7,1
eg_all_s,6.0391,14280.4,1
eg_all_s,6.03916,14266,1
eg_all_s,6.03919,14251.7,1
eg_all_s,6.03925,14237.2,1
eg_all_s,6.03928,14223,1
eg_all_s,6.03934,14208.6,1
eg_all_s,6.03937,14194.4,1
eg_all_s,6.03943,14180,1
eg_all_s,6.03947,14165.8,1
eg_all_s,6.03953,14151.4,1
eg_all_s,6.03956,14137.3,1
eg_all_s,6.03962,14122.9,1
eg_all_s,6.03965,14108.8,1
eg_all_s,6.03971,14094.5,1
eg_all_s,6.03974,14080.4,1
eg_all_s,6.0398,14066.1,1
eg_all_s,6.03983,14052.1,1
eg_all_s,6.03989,14037.8,1
eg_all_s,6.03992,14023.8,1
eg_all_s,6.03998,14009.5,1
eg_all_s,6.04001,13995.5,1
eg_all_s,6.04007,13981.3,1
eg_all_s,6.0401,13967.3,1
eg_all_s,6.04016,13953.2,1
eg_all_s,6.04019,13939.2,1
eg_all_s,6.04025,13925.1,1
eg_all_s,6.04028,13911.2,1
eg_all_s,6.04034,13897,1
eg_all_s,6.04037,13883.1,1
eg_all_s,6.04043,13869.1,1
eg_all_s,6.04047,13855.2,1
eg_all_s,6.04053,13841.1,1
eg_all_s,6.04056,13827.3,1
eg_all_s,6.04062,13813.3,1
eg_all_s,6.04065,13799.5,1
eg_all_s,6.04071,13785.5,1
eg_all_s,6.04074,13771.7,1
eg_all_s,6.0408,13757.7,1
eg_all_s,6.04083,13743.9,1
eg_all_s,6.04089,13730,1
eg_all_s,6.04092,13716.3,1
eg_all_s,6.04098,13702.3,1
eg_all_s,6.04101,13688.6,1
eg_all_s,6.04107,13674.7,1
eg_all_s,6.0411,13661.1,1
eg_all_s,6.04116,13647.2,1
eg_all_s,6.04119,13633.6,1
eg_all_s,6.04125,13619.7,1
eg_all_s,6.04128,13606.1,1
eg_all_s,6.04134,13592.3,1
eg_all_s,6.04137,13578.7,1
eg_all_s,6.04143,13564.9,1
eg_all_s,6.04147,13551.4,1
eg_all_s,6.04153,13537.6,1
eg_all_s,6.04156,13524.1,1
eg_all_s,6.04162,13510.3,1
eg_all_s,6.04165,13496.8,1
eg_all_s,6.04171,13483.1,1
eg_all_s,6.04174,13469.7,1
eg_all_s,6.0418,13456,1
eg_all_s,6.04183,13442.5,1
eg_all_s,6.04189,13428.9,1
eg_all_s,6.04192,13415.5,1
eg_all_s,6.04198,13401.8,1
eg_all_s,6.04201,13388.4,1
eg_all_s,6.04207,13374.8,1
eg_all_s,6.04211,13361.5,1
eg_all_s,6.04216,13347.9,1
eg_all_s,6.0422,13334.6,1
eg_all_s,6.04225,13321,1
eg_all_s,6.04229,13307.7,1
eg_all_s,6.04234,13294.2,1
eg_all_s,6.04238,13280.9,1
eg_all_s,6.04244,13267.4,1
eg_all_s,6.04248,13254.1,1
eg_all_s,6.04254,13240.7,1
eg_all_s,6.04257,13227.4,1
eg_all_s,6.04263,13214,1
eg_all_s,6.04266,13200.8,1
eg_all_s,6.04272,13187.4,1
eg_all_s,6.04275,13174.2,1
eg_all_s,6.04281,13160.8,1
eg_all_s,6.04284,13147.7,1
eg_all_s,6.0429,13134.3,1
eg_all_s,6.04293,13121.2,1
eg_all_s,6.04299,13107.9,1
eg_all_s,6.04302,13094.8,1
eg_all_s,6.04308,13081.5,1
eg_all_s,6.04311,13068.4,1
eg_all_s,6.04317,13055.1,1
eg_all_s,6.0432,13042.1,1
eg_all_s,6.04326,13028.8,1
eg_all_s,6.04329,13015.8,1
eg_all_s,6.04335,13002.6,1
eg_all_s,6.04338,12989.6,1
eg_all_s,6.04343,12976.4,1
eg_all_s,6.04347,12963.4,1
eg_all_s,6.04354,12950.2,1
eg_all_s,6.04357,12937.3,1
eg_all_s,6.04363,12924.1,1
eg_all_s,6.04366,12911.2,1
eg_all_s,6.04372,12898.1,1
eg_all_s,6.04375,12885.2,1
eg_all_s,6.04381,12872.1,1
eg_all_s,6.04384,12859.2,1
eg_all_s,6.0439,12846.2,1
eg_all_s,6.04393,12833.3,1
eg_all_s,6.04399,12820.3,1
eg_all_s,6.04402,12807.5,1
eg_all_s,6.04408,12794.5,1
eg_all_s,6.04411,12781.7,1
eg_all_s,6.04417,12768.7,1
eg_all_s,6.0442,12755.9,1
eg_all_s,6.04426,12743,1
eg_all_s,6.04429,12730.2,1
eg_all_s,6.04435,12717.3,1
eg_all_s,6.04438,12704.6,1
eg_all_s,6.04445,12691.7,1
eg_all_s,6.04448,12679,1
eg_all_s,6.04454,12666.1,1
eg_all_s,6.04457,12653.4,1
eg_all_s,6.04463,12640.6,1
eg_all_s,6.04466,12627.9,1
eg_all_s,6.04472,12615.1,1
eg_all_s,6.04475,12602.5,1
eg_all_s,6.04481,12589.7,1
eg_all_s,6.04484,12577.1,1
eg_all_s,6.0449,12564.3,1
eg_all_s,6.04493,12551.8,1
eg_all_s,6.04499,12539,1
eg_all_s,6.04502,12526.5,1
eg_all_s,6.04508,12513.7,1
eg_all_s,6.04511,12501.2,1
eg_all_s,6.04517,12488.5,1
eg_all_s,6.0452,12476,1
eg_all_s,6.04526,12463.3,1
eg_all_s,6.04529,12450.9,1
eg_all_s,6.04535,12438.2,1
eg_all_s,6.04538,12425.8,1
eg_all_s,6.04545,12413.2,1
eg_all_s,6.04548,12400.8,1
eg_all_s,6.04554,12388.2,1
eg_all_s,6.04557,12375.8,1
eg_all_s,6.04564,12363.2,1
eg_all_s,6.04567,12350.8,1
eg_all_s,6.04573,12338.3,1
eg_all_s,6.04576,12325.9,1
eg_all_s,6.04582,12313.4,1
eg_all_s,6.04585,12301.1,1
eg_all_s,6.04591,12288.6,1
eg_all_s,6.04594,12276.3,1
eg_all_s,6.046,12263.8,1
eg_all_s,6.04603,12251.6,1
eg_all_s,6.04609,12239.1,1
eg_all_s,6.04612,12226.9,1
eg_all_s,6.04618,12214.4,1
eg_all_s,6.04621,12202.2,1
eg_all_s,6.04627,12189.8,1
eg_all_s,6.0463,12177.6,1
eg_all_s,6.04636,12165.2,1
eg_all_s,6.04639,12153.1,1
eg_all_s,6.04646,12140.7,1
eg_all_s,6.04649,12128.6,1
eg_all_s,6.04655,12116.3,1
eg_all_s,6.04658,12104.1,1
eg_all_s,6.04664,12091.8,1
eg_all_s,6.04667,12079.7,1
eg_all_s,6.04673,12067.5,1
eg_all_s,6.04676,12055.4,1
eg_all_s,6.04682,12043.1,1
eg_all_s,6.04685,12031.1,1
eg_all_s,6.04691,12018.9,1
eg_all_s,6.04694,12006.8,1
eg_all_s,6.047,11994.6,1
eg_all_s,6.04703,11982.6,1
eg_all_s,6.04709,11970.5,1
eg_all_s,6.04712,11958.5,1
eg_all_s,6.04718,11946.3,1
eg_all_s,6.04721,11934.4,1
eg_all_s,6.04727,11922.2,1
eg_all_s,6.0473,11910.3,1
eg_all_s,6.04736,11898.2,1
eg_all_s,6.04739,11886.3,1
eg_all_s,6.04746,11874.2,1
eg_all_s,6.04749,11862.3,1
eg_all_s,6.04755,11850.3,1
eg_all_s,6.04758,11838.4,1
eg_all_s,6.04764,11826.4,1
eg_all_s,6.04767,11814.6,1
eg_all_s,6.04773,11802.5,1
eg_all_s,6.04776,11790.7,1
eg_all_s,6.04782,11778.7,1
eg_all_s,6.04785,11767,1
eg_all_s,6.04791,11755,1
eg_all_s,6.04794,11743.2,1
eg_all_s,6.048,11731.3,1
eg_all_s,6.04803,11719.6,1
eg_all_s,6.04809,11707.6,1
eg_all_s,6.04812,11695.9,1
eg_all_s,6.04818,11684,1
eg_all_s,6.04821,11672.4,1
eg_all_s,6.04827,11660.5,1
eg_all_s,6.0483,11648.8,1
eg_all_s,6.04836,11637,1
eg_all_s,6.04839,11625.3,1
eg_all_s,6.04846,11613.5,1
eg_all_s,6.04849,11601.9,1
eg_all_s,6.04855,11590.1,1
eg_all_s,6.04858,11578.5,1
eg_all_s,6.04864,11566.7,1
eg_all_s,6.04867,11555.2,1
eg_all_s,6.04873,11543.4,1
eg_all_s,6.04876,11531.9,1
eg_all_s,6.04882,11520.1,1
eg_all_s,6.04885,11508.6,1
eg_all_s,6.04891,11496.9,1
eg_all_s,6.04894,11485.4,1
eg_all_s,6.049,11473.7,1
eg_all_s,6.04903,11462.2,1
eg_all_s,6.04909,11450.6,1
eg_all_s,6.04912,11439.1,1
eg_all_s,6.04918,11427.5,1
eg_all_s,6.04921,11416,1
eg_all_s,6.04927,11404.4,1
eg_all_s,6.0493,11393,1
eg_all_s,6.04936,11381.4,1
eg_all_s,6.04939,11370,1
eg_all_s,6.04945,11358.5,1
eg_all_s,6.04949,11347.1,1
eg_all_s,6.04955,11335.6,1
eg_all_s,6.04958,11324.2,1
eg_all_s,6.04964,11312.7,1
eg_all_s,6.04967,11301.4,1
eg_all_s,6.04973,11289.9,1
eg_all_s,6.04976,11278.6,1
eg_all_s,6.04982,11267.1,1
eg_all_s,6.04985,11255.9,1
eg_all_s,6.04991,11244.4,1
eg_all_s,6.04994,11233.1,1
eg_all_s,6.05,11221.7,1
eg_all_s,6.05003,11210.5,1
eg_all_s,6.05009,11199.1,1
eg_all_s,6.05012,11187.9,1
eg_all_s,6.05018,11176.5,1
eg_all_s,6.05021,11165.3,1
eg_all_s,6.05027,11153.9,1
eg_all_s,6.0503,11142.8,1
eg_all_s,6.05036,11131.4,1
eg_all_s,6.05039,11120.3,1
eg_all_s,6.05046,11109,1
eg_all_s,6.05049,11097.9,1
eg_all_s,6.05055,11086.6,1
eg_all_s,6.05058,11075.5,1
eg_all_s,6.05064,11064.2,1
eg_all_s,6.05067,11053.2,1
eg_all_s,6.05073,11041.9,1
eg_all_s,6.05076,11030.9,1
eg_all_s,6.05082,11019.6,1
eg_all_s,6.05085,11008.6,1
eg_all_s,6.05091,10997.4,1
eg_all_s,6.05094,10986.4,1
eg_all_s,6.051,10975.2,1
eg_all_s,6.05103,10964.2,1
eg_all_s,6.05109,10953.1,1
eg_all_s,6.05112,10942.1,1
eg_all_s,6.05118,10931,1
eg_all_s,6.05121,10920,1
eg_all_s,6.05126,10908.9,1
eg_all_s,6.0513,10898,1
eg_all_s,6.05135,10886.9,1
eg_all_s,6.05139,10876,1
eg_all_s,6.05145,10864.9,1
eg_all_s,6.05149,10854.1,1
eg_all_s,6.05155,10843,1
eg_all_s,6.05158,10832.2,1
eg_all_s,6.05164,10821.1,1
eg_all_s,6.05167,10810.3,1
eg_all_s,6.05173,10799.3,1
eg_all_s,6.05176,10788.5,1
eg_all_s,6.05182,10777.5,1
eg_all_s,6.05185,10766.7,1
eg_all_s,6.05191,10755.8,1
eg_all_s,6.05194,10745,1
eg_all_s,6.052,10734.1,1
eg_all_s,6.05203,10723.3,1
eg_all_s,6.05209,10712.4,1
eg_all_s,6.05212,10701.7,1
eg_all_s,6.05218,10690.8,1
eg_all_s,6.05221,10680.1,1
eg_all_s,6.05227,10669.2,1
eg_all_s,6.0523,10658.6,1
eg_all_s,6.05236,10647.7,1
eg_all_s,6.05239,10637,1
eg_all_s,6.05245,10626.2,1
eg_all_s,6.05249,10615.6,1
eg_all_s,6.05255,10604.8,1
eg_all_s,6.05258,10594.2,1
eg_all_s,6.05264,10583.4,1
eg_all_s,6.05267,10572.8,1
eg_all_s,6.05273,10562,1
eg_all_s,6.05276,10551.4,1
eg_all_s,6.05282,10540.7,1
eg_all_s,6.05285,10530.2,1
eg_all_s,6.05291,10519.4,1
eg_all_s,6.05294,10508.9,1
eg_all_s,6.053,10498.2,1
eg_all_s,6.05303,10487.7,1
eg_all_s,6.05309,10477,1
eg_all_s,6.05312,10466.5,1
eg_all_s,6.05318,10455.9,1
eg_all_s,6.05321,10445.4,1
eg_all_s,6.05327,10434.8,1
eg_all_s,6.0533,10424.3,1
eg_all_s,6.05336,10413.7,1
eg_all_s,6.05339,10403.3,1
eg_all_s,6.05347,10392.7,1
eg_all_s,6.0535,10382.3,1
eg_all_s,6.05356,10371.7,1
eg_all_s,6.05359,10361.3,1
eg_all_s,6.05365,10350.8,1
eg_all_s,6.05368,10340.4,1
eg_all_s,6.05374,10329.9,1
eg_all_s,6.05377,10319.5,1
eg_all_s,6.05383,10309,1
eg_all_s,6.05386,10298.7,1
eg_all_s,6.05392,10288.2,1
eg_all_s,6.05395,10277.9,1
eg_all_s,6.05401,10267.4,1
eg_all_s,6.05404,10257.2,1
eg_all_s,6.0541,10246.7,1
eg_all_s,6.05413,10236.5,1
eg_all_s,6.05419,10226,1
eg_all_s,6.05422,10215.8,1
eg_all_s,6.05428,10205.4,1
eg_all_s,6.05431,10195.2,1
eg_all_s,6.05437,10184.8,1
eg_all_s,6.0544,10174.6,1
eg_all_s,6.05447,10164.2,1
eg_all_s,6.0545,10154.1,1
eg_all_s,6.05456,10143.7,1
eg_all_s,6.05459,10133.6,1
eg_all_s,6.05465,10123.2,1
eg_all_s,6.05468,10113.1,1
eg_all_s,6.05474,10102.8,1
eg_all_s,6.05477,10092.7,1
eg_all_s,6.05483,10082.4,1
eg_all_s,6.05486,10072.3,1
eg_all_s,6.05492,10062,1
eg_all_s,6.05495,10052,1
eg_all_s,6.05501,10041.7,1
eg_all_s,6.05504,10031.7,1
eg_all_s,6.0551,10021.4,1
eg_all_s,6.05513,10011.4,1
eg_all_s,6.05519,10001.2,1
eg_all_s,6.05522,9991.2,1
eg_all_s,6.05528,9981.01,1
eg_all_s,6.05532,9971.03,1
eg_all_s,6.05537,9960.85,1
eg_all_s,6.05541,9950.89,1
eg_all_s,6.05547,9940.74,1
eg_all_s,6.05551,9930.8,1
eg_all_s,6.05557,9920.67,1
eg_all_s,6.0556,9910.74,1
eg_all_s,6.05566,9900.63,1
eg_all_s,6.05569,9890.73,1
eg_all_s,6.05575,9880.64,1
eg_all_s,6.05578,9870.76,1
eg_all_s,6.05584,9860.69,1
eg_all_s,6.05587,9850.82,1
eg_all_s,6.05593,9840.77,1
eg_all_s,6.05596,9830.93,1
eg_all_s,6.05601,9820.9,1
eg_all_s,6.05605,9811.08,1
eg_all_s,6.0561,9801.06,1
eg_all_s,6.05613,9791.26,1
eg_all_s,6.05619,9781.27,1
eg_all_s,6.05622,9771.49,1
eg_all_s,6.05628,9761.52,1
eg_all_s,6.05632,9751.75,1
eg_all_s,6.05637,9741.8,1
eg_all_s,6.05641,9732.06,1
eg_all_s,6.05647,9722.12,1
eg_all_s,6.05651,9712.4,1
eg_all_s,6.05657,9702.49,1
eg_all_s,6.0566,9692.78,1
eg_all_s,6.05666,9682.89,1
eg_all_s,6.05669,9673.21,1
eg_all_s,6.05675,9663.33,1
eg_all_s,6.05678,9653.67,1
eg_all_s,6.05684,9643.81,1
eg_all_s,6.05687,9634.17,1
eg_all_s,6.05693,9624.33,1
eg_all_s,6.05696,9614.71,1
eg_all_s,6.05701,9604.89,1
eg_all_s,6.05704,9595.29,1
eg_all_s,6.0571,9585.49,1
eg_all_s,6.05713,9575.9,1
eg_all_s,6.05719,9566.13,1
eg_all_s,6.05722,9556.56,1
eg_all_s,6.05728,9546.8,1
eg_all_s,6.05731,9537.25,1
eg_all_s,6.05737,9527.52,1
eg_all_s,6.0574,9517.99,1
eg_all_s,6.05747,9508.27,1
eg_all_s,6.0575,9498.76,1
eg_all_s,6.05756,9489.06,1
eg_all_s,6.05759,9479.57,1
eg_all_s,6.05765,9469.89,1
eg_all_s,6.05768,9460.42,1
eg_all_s,6.05774,9450.76,1
eg_all_s,6.05777,9441.3,1
eg_all_s,6.05783,9431.66,1
eg_all_s,6.05786,9422.23,1
eg_all_s,6.05792,9412.61,1
eg_all_s,6.05796,9403.19,1
eg_all_s,6.05801,9393.59,1
eg_all_s,6.05805,9384.19,1
eg_all_s,6.0581,9374.61,1
eg_all_s,6.05813,9365.23,1
eg_all_s,6.05819,9355.67,1
eg_all_s,6.05822,9346.31,1
eg_all_s,6.05828,9336.76,1
eg_all_s,6.05831,9327.43,1
eg_all_s,6.05837,9317.9,1
eg_all_s,6.0584,9308.58,1
eg_all_s,6.05847,9299.07,1
eg_all_s,6.0585,9289.77,1
eg_all_s,6.05856,9280.28,1
eg_all_s,6.05859,9271,1
eg_all_s,6.05865,9261.52,1
eg_all_s,6.05868,9252.26,1
eg_all_s,6.05874,9242.81,1
eg_all_s,6.05877,9233.56,1
eg_all_s,6.05883,9224.13,1
eg_all_s,6.05887,9214.91,1
eg_all_s,6.05892,9205.49,1
eg_all_s,6.05896,9196.28,1
eg_all_s,6.05901,9186.89,1
eg_all_s,6.05905,9177.7,1
eg_all_s,6.05911,9168.32,1
eg_all_s,6.05914,9159.15,1
eg_all_s,6.05919,9149.79,1
eg_all_s,6.05923,9140.64,1
eg_all_s,6.05929,9131.3,1
eg_all_s,6.05932,9122.16,1
eg_all_s,6.05938,9112.84,1
eg_all_s,6.05941,9103.73,1
eg_all_s,6.05947,9094.42,1
eg_all_s,6.05951,9085.33,1
eg_all_s,6.05957,9076.04,1
eg_all_s,6.0596,9066.96,1
eg_all_s,6.05966,9057.7,1
eg_all_s,6.05969,9048.64,1
eg_all_s,6.05975,9039.39,1
eg_all_s,6.05978,9030.35,1
eg_all_s,6.05984,9021.12,1
eg_all_s,6.05987,9012.09,1
eg_all_s,6.05993,9002.88,1
eg_all_s,6.05996,8993.88,1
eg_all_s,6.06002,8984.68,1
eg_all_s,6.06005,8975.7,1
eg_all_s,6.06011,8966.52,1
eg_all_s,6.06014,8957.55,1
eg_all_s,6.0602,8948.39,1
eg_all_s,6.06023,8939.44,1
eg_all_s,6.06029,8930.3,1
eg_all_s,6.06032,8921.37,1
eg_all_s,6.06038,8912.25,1
eg_all_s,6.06041,8903.34,1
eg_all_s,6.06048,8894.23,1
eg_all_s,6.06051,8885.34,1
eg_all_s,6.06057,8876.25,1
eg_all_s,6.0606,8867.37,1
eg_all_s,6.06066,8858.31,1
eg_all_s,6.06069,8849.45,1
eg_all_s,6.06075,8840.4,1
eg_all_s,6.06078,8831.55,1
eg_all_s,6.06084,8822.52,1
eg_all_s,6.06087,8813.7,1
eg_all_s,6.06093,8804.68,1
eg_all_s,6.06096,8795.88,1
eg_all_s,6.06102,8786.88,1
eg_all_s,6.06105,8778.09,1
eg_all_s,6.06111,8769.11,1
eg_all_s,6.06114,8760.34,1
eg_all_s,6.0612,8751.38,1
eg_all_s,6.06123,8742.63,1
eg_all_s,6.06129,8733.69,1
eg_all_s,6.06132,8724.95,1
eg_all_s,6.06138,8716.03,1
eg_all_s,6.06141,8707.31,1
eg_all_s,6.06148,8698.4,1
eg_all_s,6.06152,8689.7,1
eg_all_s,6.06157,8680.81,1
eg_all_s,6.06161,8672.13,1
eg_all_s,6.06167,8663.26,1
eg_all_s,6.0617,8654.59,1
eg_all_s,6.06176,8645.74,1
eg_all_s,6.06179,8637.09,1
eg_all_s,6.06184,8628.25,1
eg_all_s,6.06188,8619.62,1
eg_all_s,6.06194,8610.8,1
eg_all_s,6.06197,8602.19,1
eg_all_s,6.06203,8593.39,1
eg_all_s,6.06206,8584.79,1
eg_all_s,6.06212,8576.01,1
eg_all_s,6.06215,8567.43,1
eg_all_s,6.06221,8558.66,1
eg_all_s,6.06224,8550.1,1
eg_all_s,6.0623,8541.35,1
eg_all_s,6.06233,8532.81,1
eg_all_s,6.06239,8524.07,1
eg_all_s,6.06242,8515.55,1
eg_all_s,6.06249,8506.83,1
eg_all_s,6.06252,8498.32,1
eg_all_s,6.06258,8489.62,1
eg_all_s,6.06261,8481.13,1
eg_all_s,6.06267,8472.45,1
eg_all_s,6.0627,8463.98,1
eg_all_s,6.06276,8455.31,1
eg_all_s,6.06279,8446.86,1
eg_all_s,6.06285,8438.21,1
eg_all_s,6.06288,8429.77,1
eg_all_s,6.06294,8421.14,1
eg_all_s,6.06297,8412.72,1
eg_all_s,6.06303,8404.1,1
eg_all_s,6.06306,8395.7,1
eg_all_s,6.06312,8387.1,1
eg_all_s,6.06315,8378.71,1
eg_all_s,6.06321,8370.13,1
eg_all_s,6.06324,8361.76,1
eg_all_s,6.0633,8353.2,1
eg_all_s,6.06333,8344.85,1
eg_all_s,6.06339,8336.3,1
eg_all_s,6.06342,8327.96,1
eg_all_s,6.06349,8319.43,1
eg_all_s,6.06352,8311.11,1
eg_all_s,6.06358,8302.6,1
eg_all_s,6.06361,8294.3,1
eg_all_s,6.06367,8285.8,1
eg_all_s,6.0637,8277.52,1
eg_all_s,6.06376,8269.04,1
eg_all_s,6.06379,8260.77,1
eg_all_s,6.06385,8252.31,1
eg_all_s,6.06388,8244.05,1
eg_all_s,6.06394,8235.61,1
eg_all_s,6.06397,8227.37,1
eg_all_s,6.06403,8218.94,1
eg_all_s,6.06406,8210.72,1
eg_all_s,6.06412,8202.31,1
eg_all_s,6.06415,8194.11,1
eg_all_s,6.06421,8185.71,1
eg_all_s,6.06424,8177.52,1
eg_all_s,6.0643,8169.15,1
eg_all_s,6.06433,8160.98,1
eg_all_s,6.06439,8152.61,1
eg_all_s,6.06442,8144.46,1
eg_all_s,6.06449,8136.12,1
eg_all_s,6.06452,8127.98,1
eg_all_s,6.06458,8119.65,1
eg_all_s,6.06461,8111.53,1
eg_all_s,6.06467,8103.22,1
eg_all_s,6.0647,8095.11,1
eg_all_s,6.06476,8086.82,1
eg_all_s,6.06479,8078.73,1
eg_all_s,6.06485,8070.45,1
eg_all_s,6.06488,8062.38,1
eg_all_s,6.06494,8054.11,1
eg_all_s,6.06497,8046.06,1
eg_all_s,6.06503,8037.81,1
eg_all_s,6.06506,8029.77,1
eg_all_s,6.06512,8021.54,1
eg_all_s,6.06515,8013.52,1
eg_all_s,6.06521,8005.3,1
eg_all_s,6.06524,7997.3,1
eg_all_s,6.0653,7989.1,1
eg_all_s,6.06533,7981.11,1
eg_all_s,6.06539,7972.93,1
eg_all_s,6.06542,7964.95,1
eg_all_s,6.06549,7956.79,1
eg_all_s,6.06552,7948.83,1
eg_all_s,6.06558,7940.68,1
eg_all_s,6.06561,7932.74,1
eg_all_s,6.06567,7924.6,1
eg_all_s,6.0657,7916.68,1
eg_all_s,6.06576,7908.56,1
eg_all_s,6.06579,7900.65,1
eg_all_s,6.06585,7892.55,1
eg_all_s,6.06588,7884.66,1
eg_all_s,6.06594,7876.57,1
eg_all_s,6.06597,7868.69,1
eg_all_s,6.06603,7860.62,1
eg_all_s,6.06606,7852.76,1
eg_all_s,6.06612,7844.71,1
eg_all_s,6.06615,7836.86,1
eg_all_s,6.06621,7828.82,1
eg_all_s,6.06624,7820.99,1
eg_all_s,6.0663,7812.97,1
eg_all_s,6.06633,7805.16,1
eg_all_s,6.06639,7797.15,1
eg_all_s,6.06642,7789.35,1
eg_all_s,6.06649,7781.36,1
eg_all_s,6.06652,7773.58,1
eg_all_s,6.06658,7765.61,1
eg_all_s,6.06661,7757.84,1
eg_all_s,6.06667,7749.88,1
eg_all_s,6.0667,7742.13,1
eg_all_s,6.06676,7734.19,1
eg_all_s,6.06679,7726.45,1
eg_all_s,6.06685,7718.53,1
eg_all_s,6.06688,7710.81,1
eg_all_s,6.06694,7702.89,1
eg_all_s,6.06697,7695.19,1
eg_all_s,6.06703,7687.29,1
eg_all_s,6.06706,7679.61,1
eg_all_s,6.06712,7671.72,1
eg_all_s,6.06715,7664.05,1
eg_all_s,6.06721,7656.19,1
eg_all_s,6.06724,7648.53,1
eg_all_s,6.0673,7640.68,1
eg_all_s,6.06733,7633.04,1
eg_all_s,6.06739,7625.2,1
eg_all_s,6.06742,7617.58,1
eg_all_s,6.06749,7609.76,1
eg_all_s,6.06753,7602.15,1
eg_all_s,6.06758,7594.35,1
eg_all_s,6.06762,7586.75,1
eg_all_s,6.06767,7578.96,1
eg_all_s,6.06771,7571.38,1
eg_all_s,6.06776,7563.61,1
eg_all_s,6.0678,7556.05,1
eg_all_s,6.06785,7548.29,1
eg_all_s,6.06789,7540.74,1
eg_all_s,6.06794,7533,1
eg_all_s,6.06798,7525.46,1
eg_all_s,6.06803,7517.74,1
eg_all_s,6.06807,7510.22,1
eg_all_s,6.06813,7502.51,1
eg_all_s,6.06816,7495,1
eg_all_s,6.06822,7487.31,1
eg_all_s,6.06825,7479.82,1
eg_all_s,6.06831,7472.14,1
eg_all_s,6.06834,7464.67,1
eg_all_s,6.0684,7457,1
eg_all_s,6.06843,7449.54,1
eg_all_s,6.0685,7441.89,1
eg_all_s,6.06853,7434.45,1
eg_all_s,6.06859,7426.81,1
eg_all_s,6.06862,7419.39,1
eg_all_s,6.06868,7411.76,1
eg_all_s,6.06871,7404.35,1
eg_all_s,6.06877,7396.75,1
eg_all_s,6.0688,7389.35,1
eg_all_s,6.06886,7381.76,1
eg_all_s,6.06889,7374.38,1
eg_all_s,6.06895,7366.8,1
eg_all_s,6.06898,7359.43,1
eg_all_s,6.06904,7351.87,1
eg_all_s,6.06907,7344.52,1
eg_all_s,6.06913,7336.97,1
eg_all_s,6.06916,7329.64,1
eg_all_s,6.06922,7322.11,1
eg_all_s,6.06925,7314.78,1
eg_all_s,6.06931,7307.27,1
eg_all_s,6.06934,7299.96,1
eg_all_s,6.0694,7292.46,1
eg_all_s,6.06943,7285.16,1
eg_all_s,6.0695,7277.68,1
eg_all_s,6.06953,7270.4,1
eg_all_s,6.06959,7262.93,1
eg_all_s,6.06962,7255.66,1
eg_all_s,6.06968,7248.21,1
eg_all_s,6.06971,7240.96,1
eg_all_s,6.06977,7233.52,1
eg_all_s,6.0698,7226.28,1
eg_all_s,6.06986,7218.85,1
eg_all_s,6.06989,7211.63,1
eg_all_s,6.06995,7204.22,1
eg_all_s,6.06998,7197.02,1
eg_all_s,6.07004,7189.62,1
eg_all_s,6.07007,7182.43,1
eg_all_s,6.07013,7175.04,1
eg_all_s,6.07016,7167.87,1
eg_all_s,6.07022,7160.5,1
eg_all_s,6.07025,7153.34,1
eg_all_s,6.07031,7145.98,1
eg_all_s,6.07034,7138.84,1
eg_all_s,6.0704,7131.5,1
eg_all_s,6.07043,7124.36,1
eg_all_s,6.0705,7117.04,1
eg_all_s,6.07053,7109.92,1
eg_all_s,6.07059,7102.61,1
eg_all_s,6.07062,7095.51,1
eg_all_s,6.07068,7088.21,1
eg_all_s,6.07071,7081.12,1
eg_all_s,6.07077,7073.84,1
eg_all_s,6.0708,7066.76,1
eg_all_s,6.07086,7059.5,1
eg_all_s,6.07089,7052.44,1
eg_all_s,6.07095,7045.18,1
eg_all_s,6.07098,7038.14,1
eg_all_s,6.07104,7030.9,1
eg_all_s,6.07107,7023.86,1
eg_all_s,6.07113,7016.64,1
eg_all_s,6.07116,7009.62,1
eg_all_s,6.07122,7002.41,1
eg_all_s,6.07125,6995.41,1
eg_all_s,6.07131,6988.21,1
eg_all_s,6.07134,6981.22,1
eg_all_s,6.0714,6974.04,1
eg_all_s,6.07143,6967.07,1
eg_all_s,6.0715,6959.9,1
eg_all_s,6.07153,6952.94,1
eg_all_s,6.07159,6945.78,1
eg_all_s,6.07162,6938.84,1
eg_all_s,6.07168,6931.7,1
eg_all_s,6.07171,6924.76,1
eg_all_s,6.07177,6917.64,1
eg_all_s,6.0718,6910.72,1
eg_all_s,6.07186,6903.61,1
eg_all_s,6.07189,6896.7,1
eg_all_s,6.07195,6889.6,1
eg_all_s,6.07198,6882.71,1
eg_all_s,6.07204,6875.63,1
eg_all_s,6.07207,6868.75,1
eg_all_s,6.07213,6861.68,1
eg_all_s,6.07217,6854.82,1
eg_all_s,6.07222,6847.77,1
eg_all_s,6.07225,6840.92,1
eg_all_s,6.07231,6833.87,1
eg_all_s,6.07234,6827.04,1
eg_all_s,6.0724,6820.01,1
eg_all_s,6.07243,6813.19,1
eg_all_s,6.0725,6806.18,1
eg_all_s,6.07253,6799.37,1
eg_all_s,6.07259,6792.37,1
eg_all_s,6.07262,6785.58,1
eg_all_s,6.07268,6778.59,1
eg_all_s,6.07272,6771.81,1
eg_all_s,6.07278,6764.84,1
eg_all_s,6.07281,6758.07,1
eg_all_s,6.07287,6751.11,1
eg_all_s,6.0729,6744.36,1
eg_all_s,6.07296,6737.41,1
eg_all_s,6.07299,6730.68,1
eg_all_s,6.07305,6723.74,1
eg_all_s,6.07308,6717.02,1
eg_all_s,6.07314,6710.1,1
eg_all_s,6.07317,6703.39,1
eg_all_s,6.07323,6696.49,1
eg_all_s,6.07326,6689.79,1
eg_all_s,6.07332,6682.9,1
eg_all_s,6.07335,6676.21,1
eg_all_s,6.07341,6669.34,1
eg_all_s,6.07344,6662.67,1
eg_all_s,6.07351,6655.8,1
eg_all_s,6.07354,6649.15,1
eg_all_s,6.0736,6642.3,1
eg_all_s,6.07363,6635.65,1
eg_all_s,6.07369,6628.82,1
eg_all_s,6.07372,6622.19,1
eg_all_s,6.07378,6615.36,1
eg_all_s,6.07381,6608.75,1
eg_all_s,6.07387,6601.94,1
eg_all_s,6.0739,6595.33,1
eg_all_s,6.07396,6588.54,1
eg_all_s,6.07399,6581.95,1
eg_all_s,6.07405,6575.16,1
eg_all_s,6.07408,6568.59,1
eg_all_s,6.07414,6561.82,1
eg_all_s,6.07417,6555.26,1
eg_all_s,6.07423,6548.5,1
eg_all_s,6.07426,6541.95,1
eg_all_s,6.07432,6535.21,1
eg_all_s,6.07435,6528.67,1
eg_all_s,6.07441,6521.94,1
eg_all_s,6.07445,6515.42,1
eg_all_s,6.07451,6508.7,1
eg_all_s,6.07454,6502.19,1
eg_all_s,6.0746,6495.49,1
eg_all_s,6.07463,6488.99,1
eg_all_s,6.07469,6482.3,1
eg_all_s,6.07472,6475.82,1
eg_all_s,6.07478,6469.14,1
eg_all_s,6.07481,6462.67,1
eg_all_s,6.07487,6456.01,1
eg_all_s,6.0749,6449.55,1
eg_all_s,6.07496,6442.9,1
eg_all_s,6.07499,6436.46,1
eg_all_s,6.07505,6429.82,1
eg_all_s,6.07508,6423.39,1
eg_all_s,6.07514,6416.76,1
eg_all_s,6.07517,6410.35,1
eg_all_s,6.07523,6403.74,1
eg_all_s,6.07526,6397.33,1
eg_all_s,6.07532,6390.73,1
eg_all_s,6.07535,6384.34,1
eg_all_s,6.07541,6377.76,1
eg_all_s,6.07545,6371.38,1
eg_all_s,6.07551,6364.8,1
eg_all_s,6.07554,6358.44,1
eg_all_s,6.0756,6351.88,1
eg_all_s,6.07563,6345.53,1
eg_all_s,6.07569,6338.98,1
eg_all_s,6.07572,6332.64,1
eg_all_s,6.07578,6326.11,1
eg_all_s,6.07581,6319.78,1
eg_all_s,6.07587,6313.26,1
eg_all_s,6.0759,6306.94,1
eg_all_s,6.07596,6300.44,1
eg_all_s,6.07599,6294.13,1
eg_all_s,6.07605,6287.64,1
eg_all_s,6.07609,6281.35,1
eg_all_s,6.07614,6274.87,1
eg_all_s,6.07618,6268.59,1
eg_all_s,6.07623,6262.12,1
eg_all_s,6.07627,6255.86,1
eg_all_s,6.07632,6249.4,1
eg_all_s,6.07636,6243.15,1
eg_all_s,6.07641,6236.71,1
eg_all_s,6.07645,6230.47,1
eg_all_s,6.07652,6224.04,1
eg_all_s,6.07655,6217.81,1
eg_all_s,6.07661,6211.4,1
eg_all_s,6.07664,6205.18,1
eg_all_s,6.0767,6198.78,1
eg_all_s,6.07673,6192.58,1
eg_all_s,6.07679,6186.18,1
eg_all_s,6.07682,6180,1
eg_all_s,6.07688,6173.62,1
eg_all_s,6.07691,6167.44,1
eg_all_s,6.07697,6161.07,1
eg_all_s,6.077,6154.91,1
eg_all_s,6.07706,6148.55,1
eg_all_s,6.07709,6142.4,1
eg_all_s,6.07715,6136.06,1
eg_all_s,6.07718,6129.92,1
eg_all_s,6.07724,6123.59,1
eg_all_s,6.07727,6117.47,1
eg_all_s,6.07733,6111.15,1
eg_all_s,6.07736,6105.04,1
eg_all_s,6.07742,6098.73,1
eg_all_s,6.07746,6092.63,1
eg_all_s,6.07752,6086.34,1
eg_all_s,6.07755,6080.25,1
eg_all_s,6.07761,6073.97,1
eg_all_s,6.07764,6067.9,1
eg_all_s,6.0777,6061.63,1
eg_all_s,6.07773,6055.56,1
eg_all_s,6.07779,6049.31,1
eg_all_s,6.07782,6043.26,1
eg_all_s,6.07788,6037.01,1
eg_all_s,6.07791,6030.97,1
eg_all_s,6.07797,6024.74,1
eg_all_s,6.078,6018.72,1
eg_all_s,6.07806,6012.5,1
eg_all_s,6.07809,6006.48,1
eg_all_s,6.07815,6000.28,1
eg_all_s,6.07818,5994.27,1
eg_all_s,6.07824,5988.08,1
eg_all_s,6.07827,5982.09,1
eg_all_s,6.07833,5975.91,1
eg_all_s,6.07836,5969.93,1
eg_all_s,6.07842,5963.76,1
eg_all_s,6.07846,5957.79,1
eg_all_s,6.07852,5951.64,1
eg_all_s,6.07855,5945.68,1
eg_all_s,6.07861,5939.54,1
eg_all_s,6.07864,5933.6,1
eg_all_s,6.0787,5927.46,1
eg_all_s,6.07873,5921.53,1
eg_all_s,6.07879,5915.41,1
eg_all_s,6.07882,5909.49,1
eg_all_s,6.07888,5903.38,1
eg_all_s,6.07891,5897.48,1
eg_all_s,6.07897,5891.38,1
eg_all_s,6.079,5885.49,1
eg_all_s,6.07906,5879.4,1
eg_all_s,6.07909,5873.52,1
eg_all_s,6.07915,5867.45,1
eg_all_s,6.07918,5861.58,1
eg_all_s,6.07924,5855.52,1
eg_all_s,6.07927,5849.66,1
eg_all_s,6.07933,5843.61,1
eg_all_s,6.07936,5837.76,1
eg_all_s,6.07942,5831.73,1
eg_all_s,6.07946,5825.89,1
eg_all_s,6.07952,5819.87,1
eg_all_s,6.07955,5814.04,1
eg_all_s,6.07961,5808.03,1
eg_all_s,6.07964,5802.22,1
eg_all_s,6.0797,5796.22,1
eg_all_s,6.07973,5790.42,1
eg_all_s,6.07979,5784.43,1
eg_all_s,6.07982,5778.64,1
eg_all_s,6.07988,5772.66,1
eg_all_s,6.07991,5766.89,1
eg_all_s,6.07997,5760.92,1
eg_all_s,6.08,5755.16,1
eg_all_s,6.08006,5749.2,1
eg_all_s,6.08009,5743.45,1
eg_all_s,6.08015,5737.51,1
eg_all_s,6.08018,5731.77,1
eg_all_s,6.08024,5725.84,1
eg_all_s,6.08027,5720.11,1
eg_all_s,6.08033,5714.19,1
eg_all_s,6.08036,5708.48,1
eg_all_s,6.08042,5702.57,1
eg_all_s,6.08046,5696.86,1
eg_all_s,6.08052,5690.96,1
eg_all_s,6.08056,5685.27,1
eg_all_s,6.08062,5679.39,1
eg_all_s,6.08065,5673.71,1
eg_all_s,6.08071,5667.83,1
eg_all_s,6.08074,5662.16,1
eg_all_s,6.0808,5656.3,1
eg_all_s,6.08083,5650.64,1
eg_all_s,6.08089,5644.79,1
eg_all_s,6.08092,5639.14,1
eg_all_s,6.08097,5633.3,1
eg_all_s,6.08101,5627.67,1
eg_all_s,6.08106,5621.84,1
eg_all_s,6.0811,5616.22,1
eg_all_s,6.08116,5610.4,1
eg_all_s,6.08119,5604.79,1
eg_all_s,6.08125,5598.98,1
eg_all_s,6.08128,5593.38,1
eg_all_s,6.08134,5587.59,1
eg_all_s,6.08137,5582,1
eg_all_s,6.08143,5576.22,1
eg_all_s,6.08147,5570.64,1
eg_all_s,6.08153,5564.87,1
eg_all_s,6.08156,5559.3,1
eg_all_s,6.08162,5553.54,1
eg_all_s,6.08165,5547.99,1
eg_all_s,6.08171,5542.24,1
eg_all_s,6.08174,5536.7,1
eg_all_s,6.0818,5530.96,1
eg_all_s,6.08183,5525.43,1
eg_all_s,6.08189,5519.7,1
eg_all_s,6.08192,5514.18,1
eg_all_s,6.08198,5508.46,1
eg_all_s,6.08201,5502.95,1
eg_all_s,6.08207,5497.25,1
eg_all_s,6.0821,5491.75,1
eg_all_s,6.08216,5486.06,1
eg_all_s,6.08219,5480.57,1
eg_all_s,6.08225,5474.89,1
eg_all_s,6.08228,5469.42,1
eg_all_s,6.08234,5463.74,1
eg_all_s,6.08237,5458.28,1
eg_all_s,6.08243,5452.62,1
eg_all_s,6.08247,5447.17,1
eg_all_s,6.08253,5441.52,1
eg_all_s,6.08256,5436.08,1
eg_all_s,6.08262,5430.44,1
eg_all_s,6.08265,5425.01,1
eg_all_s,6.08271,5419.38,1
eg_all_s,6.08274,5413.96,1
eg_all_s,6.0828,5408.35,1
eg_all_s,6.08283,5402.94,1
eg_all_s,6.08289,5397.33,1
eg_all_s,6.08292,5391.94,1
eg_all_s,6.08298,5386.34,1
eg_all_s,6.08301,5380.95,1
eg_all_s,6.08307,5375.37,1
eg_all_s,6.0831,5370,1
eg_all_s,6.08316,5364.43,1
eg_all_s,6.08319,5359.06,1
eg_all_s,6.08325,5353.5,1
eg_all_s,6.08328,5348.15,1
eg_all_s,6.08334,5342.6,1
eg_all_s,6.08337,5337.25,1
eg_all_s,6.08343,5331.71,1
eg_all_s,6.08347,5326.38,1
eg_all_s,6.08353,5320.85,1
eg_all_s,6.08356,5315.53,1
eg_all_s,6.08362,5310.02,1
eg_all_s,6.08365,5304.7,1
eg_all_s,6.08371,5299.2,1
eg_all_s,6.08374,5293.9,1
eg_all_s,6.0838,5288.4,1
eg_all_s,6.08383,5283.11,1
eg_all_s,6.08389,5277.63,1
eg_all_s,6.08392,5272.35,1
eg_all_s,6.08398,5266.88,1
eg_all_s,6.08401,5261.61,1
eg_all_s,6.08407,5256.15,1
eg_all_s,6.0841,5250.89,1
eg_all_s,6.08416,5245.44,1
eg_all_s,6.08419,5240.19,1
eg_all_s,6.08425,5234.75,1
eg_all_s,6.08428,5229.52,1
eg_all_s,6.08434,5224.09,1
eg_all_s,6.08437,5218.86,1
eg_all_s,6.08443,5213.44,1
eg_all_s,6.08447,5208.23,1
eg_all_s,6.08453,5202.82,1
eg_all_s,6.08456,5197.61,1
eg_all_s,6.08462,5192.21,1
eg_all_s,6.08465,5187.02,1
eg_all_s,6.08471,5181.63,1
eg_all_s,6.08474,5176.45,1
eg_all_s,6.0848,5171.07,1
eg_all_s,6.08483,5165.9,1
eg_all_s,6.08489,5160.53,1
eg_all_s,6.08492,5155.37,1
eg_all_s,6.08498,5150.02,1
eg_all_s,6.08502,5144.86,1
eg_all_s,6.08507,5139.52,1
eg_all_s,6.0851,5134.38,1
eg_all_s,6.08516,5129.04,1
eg_all_s,6.08519,5123.91,1
eg_all_s,6.08525,5118.59,1
eg_all_s,6.08528,5113.47,1
eg_all_s,6.08534,5108.15,1
eg_all_s,6.08537,5103.05,1
eg_all_s,6.08543,5097.74,1
eg_all_s,6.08547,5092.64,1
eg_all_s,6.08553,5087.35,1
eg_all_s,6.08556,5082.26,1
eg_all_s,6.08562,5076.98,1
eg_all_s,6.08565,5071.9,1
eg_all_s,6.08571,5066.63,1
eg_all_s,6.08574,5061.56,1
eg_all_s,6.0858,5056.3,1
eg_all_s,6.08583,5051.24,1
eg_all_s,6.08589,5045.99,1
eg_all_s,6.08592,5040.94,1
eg_all_s,6.08598,5035.7,1
eg_all_s,6.08601,5030.66,1
eg_all_s,6.08607,5025.43,1
eg_all_s,6.0861,5020.4,1
eg_all_s,6.08616,5015.18,1
eg_all_s,6.08619,5010.17,1
eg_all_s,6.08625,5004.95,1
eg_all_s,6.08628,4999.95,1
eg_all_s,6.08634,4994.75,1
eg_all_s,6.08637,4989.75,1
eg_all_s,6.08643,4984.56,1
eg_all_s,6.08647,4979.57,1
eg_all_s,6.08653,4974.39,1
eg_all_s,6.08656,4969.42,1
eg_all_s,6.08662,4964.25,1
eg_all_s,6.08665,4959.28,1
eg_all_s,6.08671,4954.12,1
eg_all_s,6.08674,4949.17,1
eg_all_s,6.0868,4944.02,1
eg_all_s,6.08683,4939.07,1
eg_all_s,6.08689,4933.93,1
eg_all_s,6.08692,4929,1
eg_all_s,6.08698,4923.87,1
eg_all_s,6.08701,4918.94,1
eg_all_s,6.08707,4913.82,1
eg_all_s,6.0871,4908.91,1
eg_all_s,6.08716,4903.8,1
eg_all_s,6.08719,4898.89,1
eg_all_s,6.08725,4893.79,1
eg_all_s,6.08728,4888.9,1
eg_all_s,6.08734,4883.81,1
eg_all_s,6.08737,4878.92,1
eg_all_s,6.08743,4873.84,1
eg_all_s,6.08747,4868.97,1
eg_all_s,6.08753,4863.9,1
eg_all_s,6.08756,4859.03,1
eg_all_s,6.08762,4853.97,1
eg_all_s,6.08765,4849.12,1
eg_all_s,6.08771,4844.07,1
eg_all_s,6.08775,4839.22,1
eg_all_s,6.08781,4834.18,1
eg_all_s,6.08784,4829.35,1
eg_all_s,6.08789,4824.32,1
eg_all_s,6.08793,4819.49,1
eg_all_s,6.08799,4814.47,1
eg_all_s,6.08802,4809.66,1
eg_all_s,6.08808,4804.65,1
eg_all_s,6.08811,4799.84,1
eg_all_s,6.08817,4794.84,1
eg_all_s,6.0882,4790.04,1
eg_all_s,6.08826,4785.05,1
eg_all_s,6.08829,4780.27,1
eg_all_s,6.08835,4775.29,1
eg_all_s,6.08838,4770.51,1
eg_all_s,6.08845,4765.54,1
eg_all_s,6.08848,4760.77,1
eg_all_s,6.08854,4755.81,1
eg_all_s,6.08857,4751.05,1
eg_all_s,6.08863,4746.1,1
eg_all_s,6.08866,4741.35,1
eg_all_s,6.08872,4736.41,1
eg_all_s,6.08875,4731.67,1
eg_all_s,6.08881,4726.74,1
eg_all_s,6.08884,4722.01,1
eg_all_s,6.0889,4717.09,1
eg_all_s,6.08893,4712.37,1
eg_all_s,6.08899,4707.46,1
eg_all_s,6.08902,4702.75,1
eg_all_s,6.08908,4697.85,1
eg_all_s,6.08911,4693.15,1
eg_all_s,6.08917,4688.25,1
eg_all_s,6.0892,4683.56,1
eg_all_s,6.08926,4678.68,1
eg_all_s,6.08929,4674,1
eg_all_s,6.08935,4669.13,1
eg_all_s,6.08938,4664.46,1
eg_all_s,6.08945,4659.59,1
eg_all_s,6.08948,4654.93,1
eg_all_s,6.08954,4650.07,1
eg_all_s,6.08957,4645.42,1
eg_all_s,6.08963,4640.58,1
eg_all_s,6.08966,4635.93,1
eg_all_s,6.08972,4631.1,1
eg_all_s,6.08975,4626.47,1
eg_all_s,6.08981,4621.64,1
eg_all_s,6.08984,4617.02,1
eg_all_s,6.0899,4612.2,1
eg_all_s,6.08993,4607.58,1
eg_all_s,6.08999,4602.78,1
eg_all_s,6.09002,4598.17,1
eg_all_s,6.09008,4593.37,1
eg_all_s,6.09011,4588.78,1
eg_all_s,6.09017,4583.99,1
eg_all_s,6.0902,4579.4,1
eg_all_s,6.09026,4574.62,1
eg_all_s,6.09029,4570.05,1
eg_all_s,6.09035,4565.28,1
eg_all_s,6.09038,4560.71,1
eg_all_s,6.09045,4555.95,1
eg_all_s,6.09048,4551.39,1
eg_all_s,6.09054,4546.64,1
eg_all_s,6.09057,4542.09,1
eg_all_s,6.09063,4537.35,1
eg_all_s,6.09066,4532.81,1
eg_all_s,6.09072,4528.08,1
eg_all_s,6.09075,4523.55,1
eg_all_s,6.09081,4518.82,1
eg_all_s,6.09084,4514.3,1
eg_all_s,6.0909,4509.59,1
eg_all_s,6.09093,4505.08,1
eg_all_s,6.09099,4500.37,1
eg_all_s,6.09102,4495.87,1
eg_all_s,6.09108,4491.17,1
eg_all_s,6.09111,4486.68,1
eg_all_s,6.09117,4481.99,1
eg_all_s,6.0912,4477.51,1
eg_all_s,6.09126,4472.83,1
eg_all_s,6.09129,4468.36,1
eg_all_s,6.09135,4463.69,1
eg_all_s,6.09138,4459.22,1
eg_all_s,6.09145,4454.56,1
eg_all_s,6.09148,4450.11,1
eg_all_s,6.09154,4445.46,1
eg_all_s,6.09157,4441.01,1
eg_all_s,6.09163,4436.37,1
eg_all_s,6.09166,4431.93,1
eg_all_s,6.09172,4427.3,1
eg_all_s,6.09175,4422.87,1
eg_all_s,6.09181,4418.25,1
eg_all_s,6.09184,4413.83,1
eg_all_s,6.0919,4409.21,1
eg_all_s,6.09193,4404.8,1
eg_all_s,6.09199,4400.2,1
eg_all_s,6.09202,4395.79,1
eg_all_s,6.09208,4391.2,1
eg_all_s,6.09211,4386.8,1
eg_all_s,6.09217,4382.22,1
eg_all_s,6.0922,4377.83,1
eg_all_s,6.09226,4373.26,1
eg_all_s,6.09229,4368.88,1
eg_all_s,6.09235,4364.31,1
eg_all_s,6.09238,4359.95,1
eg_all_s,6.09245,4355.38,1
eg_all_s,6.09248,4351.03,1
eg_all_s,6.09254,4346.48,1
eg_all_s,6.09257,4342.13,1
eg_all_s,6.09263,4337.59,1
eg_all_s,6.09266,4333.25,1
eg_all_s,6.09272,4328.71,1
eg_all_s,6.09275,4324.38,1
eg_all_s,6.09281,4319.86,1
eg_all_s,6.09284,4315.54,1
eg_all_s,6.0929,4311.02,1
eg_all_s,6.09293,4306.71,1
eg_all_s,6.09299,4302.2,1
eg_all_s,6.09302,4297.9,1
eg_all_s,6.09308,4293.4,1
eg_all_s,6.09311,4289.1,1
eg_all_s,6.09317,4284.61,1
eg_all_s,6.0932,4280.33,1
eg_all_s,6.09326,4275.85,1
eg_all_s,6.09329,4271.57,1
eg_all_s,6.09335,4267.1,1
eg_all_s,6.09338,4262.83,1
eg_all_s,6.09345,4258.37,1
eg_all_s,6.09348,4254.11,1
eg_all_s,6.09354,4249.65,1
eg_all_s,6.09357,4245.4,1
eg_all_s,6.09363,4240.95,1
eg_all_s,6.09366,4236.71,1
eg_all_s,6.09372,4232.27,1
eg_all_s,6.09376,4228.04,1
eg_all_s,6.09381,4223.61,1
eg_all_s,6.09385,4219.39,1
eg_all_s,6.0939,4214.97,1
eg_all_s,6.09393,4210.75,1
eg_all_s,6.09399,4206.34,1
eg_all_s,6.09403,4202.13,1
eg_all_s,6.09408,4197.73,1
eg_all_s,6.09412,4193.53,1
eg_all_s,6.09418,4189.14,1
eg_all_s,6.09421,4184.95,1
eg_all_s,6.09427,4180.56,1
eg_all_s,6.0943,4176.38,1
eg_all_s,6.09436,4172,1
eg_all_s,6.09439,4167.83,1
eg_all_s,6.09445,4163.46,1
eg_all_s,6.09449,4159.29,1
eg_all_s,6.09455,4154.93,1
eg_all_s,6.09458,4150.78,1
eg_all_s,6.09464,4146.43,1
eg_all_s,6.09467,4142.28,1
eg_all_s,6.09473,4137.94,1
eg_all_s,6.09476,4133.8,1
eg_all_s,6.09482,4129.46,1
eg_all_s,6.09485,4125.33,1
eg_all_s,6.09491,4121.01,1
eg_all_s,6.09494,4116.88,1
eg_all_s,6.095,4112.57,1
eg_all_s,6.09503,4108.45,1
eg_all_s,6.09509,4104.14,1
eg_all_s,6.09512,4100.04,1
eg_all_s,6.09518,4095.74,1
eg_all_s,6.09521,4091.64,1
eg_all_s,6.09527,4087.35,1
eg_all_s,6.0953,4083.26,1
eg_all_s,6.09536,4078.97,1
eg_all_s,6.09539,4074.89,1
eg_all_s,6.09546,4070.62,1
eg_all_s,6.09549,4066.55,1
eg_all_s,6.09555,4062.28,1
eg_all_s,6.09558,4058.22,1
eg_all_s,6.09564,4053.96,1
eg_all_s,6.09567,4049.9,1
eg_all_s,6.09573,4045.65,1
eg_all_s,6.09576,4041.6,1
eg_all_s,6.09582,4037.36,1
eg_all_s,6.09585,4033.32,1
eg_all_s,6.09591,4029.09,1
eg_all_s,6.09594,4025.06,1
eg_all_s,6.096,4020.83,1
eg_all_s,6.09603,4016.81,1
eg_all_s,6.09609,4012.59,1
eg_all_s,6.09612,4008.58,1
eg_all_s,6.09618,4004.37,1
eg_all_s,6.09621,4000.36,1
eg_all_s,6.09627,3996.16,1
eg_all_s,6.0963,3992.17,1
eg_all_s,6.09636,3987.97,1
eg_all_s,6.09639,3983.98,1
eg_all_s,6.09646,3979.8,1
eg_all_s,6.09649,3975.82,1
eg_all_s,6.09655,3971.64,1
eg_all_s,6.09658,3967.67,1
eg_all_s,6.09664,3963.5,1
eg_all_s,6.09667,3959.54,1
eg_all_s,6.09673,3955.37,1
eg_all_s,6.09676,3951.42,1
eg_all_s,6.09682,3947.27,1
eg_all_s,6.09685,3943.32,1
eg_all_s,6.09691,3939.17,1
eg_all_s,6.09694,3935.23,1
eg_all_s,6.097,3931.1,1
eg_all_s,6.09703,3927.16,1
eg_all_s,6.09709,3923.04,1
eg_all_s,6.09712,3919.11,1
eg_all_s,6.09718,3914.99,1
eg_all_s,6.09721,3911.08,1
eg_all_s,6.09727,3906.96,1
eg_all_s,6.0973,3903.06,1
eg_all_s,6.09736,3898.95,1
eg_all_s,6.09739,3895.05,1
eg_all_s,6.09746,3890.96,1
eg_all_s,6.09749,3887.06,1
eg_all_s,6.09755,3882.98,1
eg_all_s,6.09758,3879.09,1
eg_all_s,6.09764,3875.01,1
eg_all_s,6.09767,3871.14,1
eg_all_s,6.09773,3867.06,1
eg_all_s,6.09776,3863.2,1
eg_all_s,6.09782,3859.13,1
eg_all_s,6.09785,3855.27,1
eg_all_s,6.09791,3851.22,1
eg_all_s,6.09794,3847.36,1
eg_all_s,6.098,3843.32,1
eg_all_s,6.09803,3839.47,1
eg_all_s,6.09809,3835.43,1
eg_all_s,6.09812,3831.59,1
eg_all_s,6.09818,3827.56,1
eg_all_s,6.09821,3823.73,1
eg_all_s,6.09827,3819.71,1
eg_all_s,6.0983,3815.89,1
eg_all_s,6.09836,3811.87,1
eg_all_s,6.09839,3808.06,1
eg_all_s,6.09846,3804.05,1
eg_all_s,6.09849,3800.24,1
eg_all_s,6.09855,3796.24,1
eg_all_s,6.09858,3792.44,1
eg_all_s,6.09864,3788.45,1
eg_all_s,6.09867,3784.66,1
eg_all_s,6.09873,3780.68,1
eg_all_s,6.09876,3776.89,1
eg_all_s,6.09882,3772.92,1
eg_all_s,6.09885,3769.14,1
eg_all_s,6.09891,3765.17,1
eg_all_s,6.09894,3761.41,1
eg_all_s,6.099,3757.44,1
eg_all_s,6.09903,3753.69,1
eg_all_s,6.09909,3749.73,1
eg_all_s,6.09912,3745.98,1
eg_all_s,6.09918,3742.03,1
eg_all_s,6.09921,3738.29,1
eg_all_s,6.09927,3734.35,1
eg_all_s,6.0993,3730.62,1
eg_all_s,6.09936,3726.68,1
eg_all_s,6.0994,3722.96,1
eg_all_s,6.09946,3719.03,1
eg_all_s,6.0995,3715.31,1
eg_all_s,6.09956,3711.4,1
eg_all_s,6.09959,3707.68,1
eg_all_s,6.09965,3703.77,1
eg_all_s,6.09968,3700.07,1
eg_all_s,6.09974,3696.17,1
eg_all_s,6.09977,3692.47,1
eg_all_s,6.09983,3688.58,1
eg_all_s,6.09986,3684.89,1
eg_all_s,6.09992,3681,1
eg_all_s,6.09995,3677.32,1
eg_all_s,6.10001,3673.44,1
eg_all_s,6.10004,3669.77,1
eg_all_s,6.1001,3665.9,1
eg_all_s,6.10013,3662.23,1
eg_all_s,6.10019,3658.37,1
eg_all_s,6.10022,3654.71,1
eg_all_s,6.10028,3650.85,1
eg_all_s,6.10031,3647.2,1
eg_all_s,6.10037,3643.35,1
eg_all_s,6.1004,3639.71,1
eg_all_s,6.10047,3635.87,1
eg_all_s,6.1005,3632.23,1
eg_all_s,6.10056,3628.4,1
eg_all_s,6.10059,3624.77,1
eg_all_s,6.10065,3620.94,1
eg_all_s,6.10068,3617.32,1
eg_all_s,6.10074,3613.5,1
eg_all_s,6.10077,3609.89,1
eg_all_s,6.10083,3606.08,1
eg_all_s,6.10086,3602.47,1
eg_all_s,6.10092,3598.67,1
eg_all_s,6.10095,3595.07,1
eg_all_s,6.10101,3591.27,1
eg_all_s,6.10104,3587.68,1
eg_all_s,6.1011,3583.89,1
eg_all_s,6.10113,3580.3,1
eg_all_s,6.10119,3576.52,1
eg_all_s,6.10122,3572.95,1
eg_all_s,6.10128,3569.17,1
eg_all_s,6.10131,3565.6,1
eg_all_s,6.10137,3561.83,1
eg_all_s,6.1014,3558.27,1
eg_all_s,6.10148,3554.51,1
eg_all_s,6.10151,3550.96,1
eg_all_s,6.10157,3547.21,1
eg_all_s,6.1016,3543.66,1
eg_all_s,6.10166,3539.91,1
eg_all_s,6.10169,3536.37,1
eg_all_s,6.10175,3532.63,1
eg_all_s,6.10178,3529.1,1
eg_all_s,6.10184,3525.37,1
eg_all_s,6.10187,3521.84,1
eg_all_s,6.10193,3518.12,1
eg_all_s,6.10196,3514.6,1
eg_all_s,6.10202,3510.89,1
eg_all_s,6.10205,3507.37,1
eg_all_s,6.10211,3503.67,1
eg_all_s,6.10214,3500.16,1
eg_all_s,6.1022,3496.46,1
eg_all_s,6.10223,3492.96,1
eg_all_s,6.10229,3489.27,1
eg_all_s,6.10232,3485.78,1
eg_all_s,6.10238,3482.09,1
eg_all_s,6.10241,3478.61,1
eg_all_s,6.10248,3474.93,1
eg_all_s,6.10251,3471.45,1
eg_all_s,6.10257,3467.78,1
eg_all_s,6.1026,3464.31,1
eg_all_s,6.10266,3460.65,1
eg_all_s,6.10269,3457.18,1
eg_all_s,6.10275,3453.53,1
eg_all_s,6.10278,3450.07,1
eg_all_s,6.10284,3446.42,1
eg_all_s,6.10287,3442.97,1
eg_all_s,6.10293,3439.33,1
eg_all_s,6.10296,3435.89,1
eg_all_s,6.10302,3432.25,1
eg_all_s,6.10305,3428.82,1
eg_all_s,6.10311,3425.19,1
eg_all_s,6.10314,3421.76,1
eg_all_s,6.1032,3418.14,1
eg_all_s,6.10323,3414.72,1
eg_all_s,6.10329,3411.11,1
eg_all_s,6.10332,3407.69,1
eg_all_s,6.10338,3404.08,1
eg_all_s,6.10341,3400.68,1
eg_all_s,6.10348,3397.08,1
eg_all_s,6.10351,3393.68,1
eg_all_s,6.10357,3390.09,1
eg_all_s,6.1036,3386.69,1
eg_all_s,6.10366,3383.11,1
eg_all_s,6.10369,3379.72,1
eg_all_s,6.10375,3376.14,1
eg_all_s,6.10378,3372.76,1
eg_all_s,6.10384,3369.19,1
eg_all_s,6.10387,3365.82,1
eg_all_s,6.10393,3362.25,1
eg_all_s,6.10396,3358.89,1
eg_all_s,6.10402,3355.33,1
eg_all_s,6.10405,3351.97,1
eg_all_s,6.10411,3348.42,1
eg_all_s,6.10414,3345.07,1
eg_all_s,6.1042,3341.53,1
eg_all_s,6.10423,3338.18,1
eg_all_s,6.10429,3334.64,1
eg_all_s,6.10433,3331.31,1
eg_all_s,6.10438,3327.78,1
eg_all_s,6.10442,3324.45,1
eg_all_s,6.10448,3320.92,1
eg_all_s,6.10452,3317.6,1
eg_all_s,6.10457,3314.08,1
eg_all_s,6.10461,3310.77,1
eg_all_s,6.10467,3307.25,1
eg_all_s,6.1047,3303.95,1
eg_all_s,6.10476,3300.44,1
eg_all_s,6.10479,3297.14,1
eg_all_s,6.10485,3293.64,1
eg_all_s,6.10488,3290.35,1
eg_all_s,6.10494,3286.86,1
eg_all_s,6.10497,3283.57,1
eg_all_s,6.10503,3280.08,1
eg_all_s,6.10506,3276.8,1
eg_all_s,6.10512,3273.32,1
eg_all_s,6.10515,3270.05,1
eg_all_s,6.10521,3266.58,1
eg_all_s,6.10524,3263.31,1
eg_all_s,6.1053,3259.85,1
eg_all_s,6.10533,3256.59,1
eg_all_s,6.10539,3253.13,1
eg_all_s,6.10542,3249.87,1
eg_all_s,6.10549,3246.42,1
eg_all_s,6.10552,3243.18,1
eg_all_s,6.10558,3239.73,1
eg_all_s,6.10561,3236.49,1
eg_all_s,6.10567,3233.05,1
eg_all_s,6.1057,3229.82,1
eg_all_s,6.10576,3226.39,1
eg_all_s,6.10579,3223.16,1
eg_all_s,6.10585,3219.74,1
eg_all_s,6.10588,3216.52,1
eg_all_s,6.10594,3213.1,1
eg_all_s,6.10597,3209.89,1
eg_all_s,6.10603,3206.47,1
eg_all_s,6.10606,3203.27,1
eg_all_s,6.10612,3199.86,1
eg_all_s,6.10615,3196.66,1
eg_all_s,6.10621,3193.26,1
eg_all_s,6.10624,3190.07,1
eg_all_s,6.1063,3186.68,1
eg_all_s,6.10633,3183.49,1
eg_all_s,6.10639,3180.11,1
eg_all_s,6.10642,3176.93,1
eg_all_s,6.10649,3173.55,1
eg_all_s,6.10652,3170.37,1
eg_all_s,6.10658,3167,1
eg_all_s,6.10661,3163.83,1
eg_all_s,6.10667,3160.47,1
eg_all_s,6.1067,3157.31,1
eg_all_s,6.10676,3153.95,1
eg_all_s,6.10679,3150.79,1
eg_all_s,6.10685,3147.44,1
eg_all_s,6.10688,3144.29,1
eg_all_s,6.10694,3140.95,1
eg_all_s,6.10697,3137.81,1
eg_all_s,6.10703,3134.47,1
eg_all_s,6.10706,3131.33,1
eg_all_s,6.10712,3128,1
eg_all_s,6.10715,3124.87,1
eg_all_s,6.10721,3121.54,1
eg_all_s,6.10724,3118.42,1
eg_all_s,6.1073,3115.1,1
eg_all_s,6.10733,3111.99,1
eg_all_s,6.10739,3108.67,1
eg_all_s,6.10742,3105.56,1
eg_all_s,6.10749,3102.26,1
eg_all_s,6.10752,3099.15,1
eg_all_s,6.10758,3095.85,1
eg_all_s,6.10761,3092.76,1
eg_all_s,6.10767,3089.46,1
eg_all_s,6.1077,3086.37,1
eg_all_s,6.10776,3083.09,1
eg_all_s,6.10779,3080,1
eg_all_s,6.10785,3076.72,1
eg_all_s,6.10788,3073.64,1
eg_all_s,6.10794,3070.37,1
eg_all_s,6.10797,3067.3,1
eg_all_s,6.10803,3064.03,1
eg_all_s,6.10806,3060.96,1
eg_all_s,6.10812,3057.7,1
eg_all_s,6.10815,3054.64,1
eg_all_s,6.10821,3051.39,1
eg_all_s,6.10824,3048.34,1
eg_all_s,6.1083,3045.09,1
eg_all_s,6.10833,3042.04,1
eg_all_s,6.10839,3038.8,1
eg_all_s,6.10842,3035.76,1
eg_all_s,6.10849,3032.52,1
eg_all_s,6.10852,3029.49,1
eg_all_s,6.10858,3026.26,1
eg_all_s,6.10861,3023.23,1
eg_all_s,6.10867,3020,1
eg_all_s,6.1087,3016.98,1
eg_all_s,6.10876,3013.77,1
eg_all_s,6.10879,3010.75,1
eg_all_s,6.10885,3007.54,1
eg_all_s,6.10888,3004.53,1
eg_all_s,6.10894,3001.32,1
eg_all_s,6.10897,2998.32,1
eg_all_s,6.10903,2995.12,1
eg_all_s,6.10906,2992.13,1
eg_all_s,6.10912,2988.93,1
eg_all_s,6.10915,2985.94,1
eg_all_s,6.10921,2982.76,1
eg_all_s,6.10924,2979.77,1
eg_all_s,6.1093,2976.59,1
eg_all_s,6.10933,2973.62,1
eg_all_s,6.10939,2970.44,1
eg_all_s,6.10942,2967.47,1
eg_all_s,6.10949,2964.3,1
eg_all_s,6.10953,2961.34,1
eg_all_s,6.10959,2958.17,1
eg_all_s,6.10962,2955.21,1
eg_all_s,6.10968,2952.06,1
eg_all_s,6.10971,2949.1,1
eg_all_s,6.10977,2945.95,1
eg_all_s,6.1098,2943.01,1
eg_all_s,6.10986,2939.86,1
eg_all_s,6.10989,2936.92,1
eg_all_s,6.10995,2933.78,1
eg_all_s,6.10998,2930.85,1
eg_all_s,6.11004,2927.72,1
eg_all_s,6.11007,2924.79,1
eg_all_s,6.11013,2921.66,1
eg_all_s,6.11016,2918.74,1
eg_all_s,6.11022,2915.62,1
eg_all_s,6.11025,2912.7,1
eg_all_s,6.11031,2909.59,1
eg_all_s,6.11034,2906.68,1
eg_all_s,6.1104,2903.57,1
eg_all_s,6.11043,2900.67,1
eg_all_s,6.1105,2897.57,1
eg_all_s,6.11053,2894.67,1
eg_all_s,6.11059,2891.57,1
eg_all_s,6.11062,2888.68,1
eg_all_s,6.11068,2885.59,1
eg_all_s,6.11071,2882.7,1
eg_all_s,6.11077,2879.62,1
eg_all_s,6.1108,2876.74,1
eg_all_s,6.11086,2873.66,1
eg_all_s,6.11089,2870.79,1
eg_all_s,6.11095,2867.71,1
eg_all_s,6.11098,2864.85,1
eg_all_s,6.11104,2861.78,1
eg_all_s,6.11107,2858.92,1
eg_all_s,6.11113,2855.86,1
eg_all_s,6.11116,2853,1
eg_all_s,6.11122,2849.95,1
eg_all_s,6.11125,2847.1,1
eg_all_s,6.11131,2844.05,1
eg_all_s,6.11134,2841.2,1
eg_all_s,6.1114,2838.16,1
eg_all_s,6.11143,2835.32,1
eg_all_s,6.1115,2832.28,1
eg_all_s,6.11153,2829.45,1
eg_all_s,6.11159,2826.42,1
eg_all_s,6.11162,2823.59,1
eg_all_s,6.11168,2820.57,1
eg_all_s,6.11171,2817.75,1
eg_all_s,6.11177,2814.73,1
eg_all_s,6.1118,2811.91,1
eg_all_s,6.11186,2808.9,1
eg_all_s,6.11189,2806.09,1
eg_all_s,6.11195,2803.08,1
eg_all_s,6.11198,2800.28,1
eg_all_s,6.11204,2797.28,1
eg_all_s,6.11207,2794.48,1
eg_all_s,6.11213,2791.48,1
eg_all_s,6.11216,2788.69,1
eg_all_s,6.11222,2785.7,1
eg_all_s,6.11225,2782.92,1
eg_all_s,6.11231,2779.93,1
eg_all_s,6.11234,2777.15,1
eg_all_s,6.1124,2774.17,1
eg_all_s,6.11243,2771.4,1
eg_all_s,6.1125,2768.42,1
eg_all_s,6.11253,2765.66,1
eg_all_s,6.11259,2762.69,1
eg_all_s,6.11262,2759.92,1
eg_all_s,6.11268,2756.96,1
eg_all_s,6.11271,2754.21,1
eg_all_s,6.11277,2751.25,1
eg_all_s,6.1128,2748.5,1
eg_all_s,6.11286,2745.55,1
eg_all_s,6.11289,2742.8,1
eg_all_s,6.11295,2739.86,1
eg_all_s,6.11298,2737.12,1
eg_all_s,6.11304,2734.18,1
eg_all_s,6.11307,2731.44,1
eg_all_s,6.11313,2728.51,1
eg_all_s,6.11316,2725.78,1
eg_all_s,6.11322,2722.86,1
eg_all_s,6.11325,2720.13,1
eg_all_s,6.11331,2717.21,1
eg_all_s,6.11334,2714.49,1
eg_all_s,6.1134,2711.58,1
eg_all_s,6.11343,2708.86,1
eg_all_s,6.1135,2705.95,1
eg_all_s,6.11353,2703.25,1
eg_all_s,6.11359,2700.34,1
eg_all_s,6.11362,2697.64,1
eg_all_s,6.11368,2694.74,1
eg_all_s,6.11371,2692.05,1
eg_all_s,6.11377,2689.15,1
eg_all_s,6.1138,2686.46,1
eg_all_s,6.11386,2683.58,1
eg_all_s,6.11389,2680.89,1
eg_all_s,6.11395,2678.01,1
eg_all_s,6.11398,2675.33,1
eg_all_s,6.11404,2672.46,1
eg_all_s,6.11407,2669.78,1
eg_all_s,6.11413,2666.91,1
eg_all_s,6.11416,2664.24,1
eg_all_s,6.11422,2661.38,1
eg_all_s,6.11425,2658.72,1
eg_all_s,6.11431,2655.86,1
eg_all_s,6.11434,2653.2,1
eg_all_s,6.1144,2650.34,1
eg_all_s,6.11443,2647.69,1
eg_all_s,6.1145,2644.84,1
eg_all_s,6.11453,2642.2,1
eg_all_s,6.11459,2639.36,1
eg_all_s,6.11462,2636.72,1
eg_all_s,6.11468,2633.88,1
eg_all_s,6.11471,2631.24,1
eg_all_s,6.11477,2628.41,1
eg_all_s,6.1148,2625.78,1
eg_all_s,6.11486,2622.95,1
eg_all_s,6.11489,2620.33,1
eg_all_s,6.11495,2617.51,1
eg_all_s,6.11498,2614.89,1
eg_all_s,6.11504,2612.07,1
eg_all_s,6.11507,2609.46,1
eg_all_s,6.11513,2606.65,1
eg_all_s,6.11516,2604.04,1
eg_all_s,6.11522,2601.24,1
eg_all_s,6.11525,2598.64,1
eg_all_s,6.11531,2595.84,1
eg_all_s,6.11534,2593.24,1
eg_all_s,6.11541,2590.45,1
eg_all_s,6.11545,2587.85,1
eg_all_s,6.11551,2585.06,1
eg_all_s,6.11554,2582.48,1
eg_all_s,6.1156,2579.7,1
eg_all_s,6.11563,2577.11,1
eg_all_s,6.11569,2574.34,1
eg_all_s,6.11572,2571.76,1
eg_all_s,6.11578,2568.99,1
eg_all_s,6.11581,2566.42,1
eg_all_s,6.11587,2563.65,1
eg_all_s,6.1159,2561.09,1
eg_all_s,6.11596,2558.32,1
eg_all_s,6.11599,2555.76,1
eg_all_s,6.11605,2553.01,1
eg_all_s,6.11608,2550.45,1
eg_all_s,6.11614,2547.7,1
eg_all_s,6.11617,2545.15,1
eg_all_s,6.11623,2542.41,1
eg_all_s,6.11626,2539.86,1
eg_all_s,6.11632,2537.12,1
eg_all_s,6.11635,2534.59,1
eg_all_s,6.11641,2531.85,1
eg_all_s,6.11645,2529.32,1
eg_all_s,6.11651,2526.59,1
eg_all_s,6.11654,2524.06,1
eg_all_s,6.1166,2521.33,1
eg_all_s,6.11663,2518.81,1
eg_all_s,6.11669,2516.09,1
eg_all_s,6.11672,2513.57,1
eg_all_s,6.11678,2510.86,1
eg_all_s,6.11681,2508.35,1
eg_all_s,6.11687,2505.64,1
eg_all_s,6.1169,2503.13,1
eg_all_s,6.11696,2500.43,1
eg_all_s,6.11699,2497.93,1
eg_all_s,6.11705,2495.23,1
eg_all_s,6.11708,2492.73,1
eg_all_s,6.11714,2490.04,1
eg_all_s,6.11717,2487.55,1
eg_all_s,6.11723,2484.86,1
eg_all_s,6.11726,2482.37,1
eg_all_s,6.11732,2479.69,1
eg_all_s,6.11735,2477.21,1
eg_all_s,6.11741,2474.53,1
eg_all_s,6.11746,2472.05,1
eg_all_s,6.11752,2469.38,1
eg_all_s,6.11755,2466.91,1
eg_all_s,6.11761,2464.24,1
eg_all_s,6.11764,2461.78,1
eg_all_s,6.1177,2459.12,1
eg_all_s,6.11773,2456.66,1
eg_all_s,6.11779,2454,1
eg_all_s,6.11782,2451.54,1
eg_all_s,6.11788,2448.89,1
eg_all_s,6.11791,2446.44,1
eg_all_s,6.11797,2443.79,1
eg_all_s,6.118,2441.35,1
eg_all_s,6.11806,2438.71,1
eg_all_s,6.11809,2436.27,1
eg_all_s,6.11815,2433.63,1
eg_all_s,6.11819,2431.19,1
eg_all_s,6.11824,2428.56,1
eg_all_s,6.11828,2426.13,1
eg_all_s,6.11833,2423.51,1
eg_all_s,6.11837,2421.08,1
eg_all_s,6.11842,2418.46,1
eg_all_s,6.11847,2416.04,1
eg_all_s,6.11853,2413.42,1
eg_all_s,6.11856,2411.01,1
eg_all_s,6.11862,2408.4,1
eg_all_s,6.11865,2405.99,1
eg_all_s,6.11871,2403.38,1
eg_all_s,6.11874,2400.97,1
eg_all_s,6.1188,2398.37,1
eg_all_s,6.11883,2395.97,1
eg_all_s,6.11889,2393.38,1
eg_all_s,6.11892,2390.98,1
eg_all_s,6.11898,2388.39,1
eg_all_s,6.11901,2386,1
eg_all_s,6.11907,2383.41,1
eg_all_s,6.1191,2381.03,1
eg_all_s,6.11916,2378.45,1
eg_all_s,6.11919,2376.07,1
eg_all_s,6.11925,2373.49,1
eg_all_s,6.11928,2371.12,1
eg_all_s,6.11934,2368.54,1
eg_all_s,6.11937,2366.17,1
eg_all_s,6.11943,2363.61,1
eg_all_s,6.11947,2361.24,1
eg_all_s,6.11953,2358.68,1
eg_all_s,6.11956,2356.32,1
eg_all_s,6.11962,2353.76,1
eg_all_s,6.11965,2351.41,1
eg_all_s,6.11971,2348.86,1
eg_all_s,6.11974,2346.51,1
eg_all_s,6.1198,2343.96,1
eg_all_s,6.11983,2341.61,1
eg_all_s,6.11989,2339.07,1
eg_all_s,6.11992,2336.73,1
eg_all_s,6.11998,2334.19,1
eg_all_s,6.12001,2331.86,1
eg_all_s,6.12007,2329.33,1
eg_all_s,6.1201,2327,1
eg_all_s,6.12016,2324.47,1
eg_all_s,6.12019,2322.14,1
eg_all_s,6.12025,2319.62,1
eg_all_s,6.12028,2317.3,1
eg_all_s,6.12034,2314.78,1
eg_all_s,6.12037,2312.46,1
eg_all_s,6.12043,2309.95,1
eg_all_s,6.12047,2307.64,1
eg_all_s,6.12053,2305.13,1
eg_all_s,6.12056,2302.82,1
eg_all_s,6.12062,2300.32,1
eg_all_s,6.12065,2298.02,1
eg_all_s,6.12071,2295.52,1
eg_all_s,6.12074,2293.22,1
eg_all_s,6.1208,2290.73,1
eg_all_s,6.12083,2288.44,1
eg_all_s,6.12089,2285.95,1
eg_all_s,6.12092,2283.66,1
eg_all_s,6.12098,2281.18,1
eg_all_s,6.12101,2278.89,1
eg_all_s,6.12107,2276.42,1
eg_all_s,6.1211,2274.14,1
eg_all_s,6.12116,2271.66,1
eg_all_s,6.12119,2269.39,1
eg_all_s,6.12125,2266.92,1
eg_all_s,6.12128,2264.65,1
eg_all_s,6.12134,2262.19,1
eg_all_s,6.12137,2259.92,1
eg_all_s,6.12143,2257.46,1
eg_all_s,6.12147,2255.2,1
eg_all_s,6.12153,2252.75,1
eg_all_s,6.12156,2250.49,1
eg_all_s,6.12162,2248.04,1
eg_all_s,6.12165,2245.79,1
eg_all_s,6.12171,2243.35,1
eg_all_s,6.12174,2241.1,1
eg_all_s,6.1218,2238.66,1
eg_all_s,6.12183,2236.42,1
eg_all_s,6.12189,2233.98,1
eg_all_s,6.12192,2231.75,1
eg_all_s,6.12198,2229.31,1
eg_all_s,6.12201,2227.08,1
eg_all_s,6.12207,2224.66,1
eg_all_s,6.1221,2222.43,1
eg_all_s,6.12216,2220.01,1
eg_all_s,6.12219,2217.79,1
eg_all_s,6.12225,2215.37,1
eg_all_s,6.12228,2213.15,1
eg_all_s,6.12235,2210.74,1
eg_all_s,6.12238,2208.53,1
eg_all_s,6.12245,2206.12,1
eg_all_s,6.12248,2203.91,1
eg_all_s,6.12254,2201.5,1
eg_all_s,6.12257,2199.3,1
eg_all_s,6.12263,2196.9,1
eg_all_s,6.12266,2194.7,1
eg_all_s,6.12272,2192.31,1
eg_all_s,6.12275,2190.11,1
eg_all_s,6.12281,2187.72,1
eg_all_s,6.12284,2185.53,1
eg_all_s,6.1229,2183.15,1
eg_all_s,6.12293,2180.96,1
eg_all_s,6.12299,2178.58,1
eg_all_s,6.12302,2176.4,1
eg_all_s,6.12308,2174.02,1
eg_all_s,6.12311,2171.85,1
eg_all_s,6.12317,2169.48,1
eg_all_s,6.1232,2167.31,1
eg_all_s,6.12326,2164.94,1
eg_all_s,6.12329,2162.77,1
eg_all_s,6.12335,2160.41,1
eg_all_s,6.12338,2158.25,1
eg_all_s,6.12345,2155.89,1
eg_all_s,6.12348,2153.73,1
eg_all_s,6.12354,2151.38,1
eg_all_s,6.12358,2149.22,1
eg_all_s,6.12363,2146.87,1
eg_all_s,6.12366,2144.73,1
eg_all_s,6.12372,2142.38,1
eg_all_s,6.12375,2140.24,1
eg_all_s,6.12381,2137.9,1
eg_all_s,6.12384,2135.76,1
eg_all_s,6.1239,2133.42,1
eg_all_s,6.12393,2131.29,1
eg_all_s,6.12399,2128.95,1
eg_all_s,6.12402,2126.82,1
eg_all_s,6.12408,2124.49,1
eg_all_s,6.12411,2122.37,1
eg_all_s,6.12417,2120.05,1
eg_all_s,6.1242,2117.93,1
eg_all_s,6.12426,2115.61,1
eg_all_s,6.12429,2113.49,1
eg_all_s,6.12435,2111.18,1
eg_all_s,6.12438,2109.06,1
eg_all_s,6.12445,2106.75,1
eg_all_s,6.12449,2104.65,1
eg_all_s,6.12454,2102.34,1
eg_all_s,6.12458,2100.24,1
eg_all_s,6.12464,2097.93,1
eg_all_s,6.12467,2095.84,1
eg_all_s,6.12472,2093.54,1
eg_all_s,6.12476,2091.44,1
eg_all_s,6.12481,2089.15,1
eg_all_s,6.12484,2087.06,1
eg_all_s,6.1249,2084.77,1
eg_all_s,6.12493,2082.69,1
eg_all_s,6.12499,2080.4,1
eg_all_s,6.12502,2078.32,1
eg_all_s,6.12508,2076.04,1
eg_all_s,6.12511,2073.97,1
eg_all_s,6.12517,2071.69,1
eg_all_s,6.1252,2069.62,1
eg_all_s,6.12526,2067.35,1
eg_all_s,6.12529,2065.28,1
eg_all_s,6.12535,2063.01,1
eg_all_s,6.12538,2060.95,1
eg_all_s,6.12545,2058.69,1
eg_all_s,6.12548,2056.63,1
eg_all_s,6.12554,2054.37,1
eg_all_s,6.12557,2052.32,1
eg_all_s,6.12563,2050.06,1
eg_all_s,6.12566,2048.01,1
eg_all_s,6.12572,2045.76,1
eg_all_s,6.12575,2043.71,1
eg_all_s,6.12581,2041.47,1
eg_all_s,6.12585,2039.43,1
eg_all_s,6.1259,2037.19,1
eg_all_s,6.12593,2035.15,1
eg_all_s,6.12599,2032.91,1
eg_all_s,6.12602,2030.88,1
eg_all_s,6.12608,2028.65,1
eg_all_s,6.12611,2026.62,1
eg_all_s,6.12617,2024.39,1
eg_all_s,6.1262,2022.36,1
eg_all_s,6.12626,2020.14,1
eg_all_s,6.12629,2018.12,1
eg_all_s,6.12635,2015.9,1
eg_all_s,6.12638,2013.88,1
eg_all_s,6.12645,2011.67,1
eg_all_s,6.12648,2009.66,1
eg_all_s,6.12654,2007.45,1
eg_all_s,6.12657,2005.44,1
eg_all_s,6.12663,2003.23,1
eg_all_s,6.12666,2001.23,1
eg_all_s,6.12672,1999.02,1
eg_all_s,6.12675,1997.02,1
eg_all_s,6.12681,1994.83,1
eg_all_s,6.12684,1992.83,1
eg_all_s,6.1269,1990.64,1
eg_all_s,6.12693,1988.65,1
eg_all_s,6.12699,1986.46,1
eg_all_s,6.12702,1984.47,1
eg_all_s,6.12708,1982.28,1
eg_all_s,6.12711,1980.3,1
eg_all_s,6.12717,1978.12,1
eg_all_s,6.1272,1976.14,1
eg_all_s,6.12726,1973.96,1
eg_all_s,6.12729,1971.99,1
eg_all_s,6.12735,1969.81,1
eg_all_s,6.12738,1967.84,1
eg_all_s,6.12745,1965.67,1
eg_all_s,6.12748,1963.71,1
eg_all_s,6.12754,1961.54,1
eg_all_s,6.12757,1959.58,1
eg_all_s,6.12763,1957.42,1
eg_all_s,6.12766,1955.46,1
eg_all_s,6.12772,1953.3,1
eg_all_s,6.12775,1951.35,1
eg_all_s,6.12781,1949.2,1
eg_all_s,6.12784,1947.25,1
eg_all_s,6.1279,1945.1,1
eg_all_s,6.12794,1943.15,1
eg_all_s,6.12799,1941.01,1
eg_all_s,6.12803,1939.07,1
eg_all_s,6.12808,1936.93,1
eg_all_s,6.12811,1934.99,1
eg_all_s,6.12817,1932.85,1
eg_all_s,6.1282,1930.92,1
eg_all_s,6.12826,1928.79,1
eg_all_s,6.1283,1926.86,1
eg_all_s,6.12835,1924.73,1
eg_all_s,6.12838,1922.8,1
eg_all_s,6.12845,1920.68,1
eg_all_s,6.12848,1918.76,1
eg_all_s,6.12854,1916.64,1
eg_all_s,6.12858,1914.72,1
eg_all_s,6.12864,1912.61,1
eg_all_s,6.12867,1910.69,1
eg_all_s,6.12873,1908.58,1
eg_all_s,6.12876,1906.67,1
eg_all_s,6.12882,1904.56,1
eg_all_s,6.12885,1902.66,1
eg_all_s,6.12891,1900.55,1
eg_all_s,6.12894,1898.65,1
eg_all_s,6.129,1896.55,1
eg_all_s,6.12903,1894.66,1
eg_all_s,6.12909,1892.56,1
eg_all_s,6.12912,1890.67,1
eg_all_s,6.12918,1888.57,1
eg_all_s,6.12921,1886.68,1
eg_all_s,6.12927,1884.6,1
eg_all_s,6.1293,1882.71,1
eg_all_s,6.12936,1880.63,1
eg_all_s,6.12939,1878.75,1
eg_all_s,6.12946,1876.67,1
eg_all_s,6.12949,1874.79,1
eg_all_s,6.12955,1872.71,1
eg_all_s,6.12958,1870.84,1
eg_all_s,6.12964,1868.77,1
eg_all_s,6.12967,1866.9,1
eg_all_s,6.12973,1864.83,1
eg_all_s,6.12976,1862.96,1
eg_all_s,6.12982,1860.9,1
eg_all_s,6.12985,1859.04,1
eg_all_s,6.12991,1856.98,1
eg_all_s,6.12994,1855.12,1
eg_all_s,6.13,1853.06,1
eg_all_s,6.13003,1851.21,1
eg_all_s,6.13009,1849.16,1
eg_all_s,6.13012,1847.31,1
eg_all_s,6.13018,1845.26,1
eg_all_s,6.13021,1843.41,1
eg_all_s,6.13027,1841.37,1
eg_all_s,6.1303,1839.53,1
eg_all_s,6.13036,1837.49,1
eg_all_s,6.13039,1835.65,1
eg_all_s,6.13046,1833.61,1
eg_all_s,6.13049,1831.78,1
eg_all_s,6.13055,1829.74,1
eg_all_s,6.13058,1827.91,1
eg_all_s,6.13064,1825.88,1
eg_all_s,6.13067,1824.06,1
eg_all_s,6.13073,1822.03,1
eg_all_s,6.13077,1820.21,1
eg_all_s,6.13082,1818.19,1
eg_all_s,6.13086,1816.37,1
eg_all_s,6.13091,1814.35,1
eg_all_s,6.13095,1812.54,1
eg_all_s,6.131,1810.52,1
eg_all_s,6.13104,1808.71,1
eg_all_s,6.13109,1806.7,1
eg_all_s,6.13113,1804.89,1
eg_all_s,6.13119,1802.89,1
eg_all_s,6.13122,1801.08,1
eg_all_s,6.13128,1799.08,1
eg_all_s,6.13131,1797.28,1
eg_all_s,6.13137,1795.28,1
eg_all_s,6.1314,1793.49,1
eg_all_s,6.13146,1791.49,1
eg_all_s,6.1315,1789.7,1
eg_all_s,6.13156,1787.71,1
eg_all_s,6.13159,1785.92,1
eg_all_s,6.13165,1783.93,1
eg_all_s,6.13168,1782.15,1
eg_all_s,6.13174,1780.16,1
eg_all_s,6.13177,1778.38,1
eg_all_s,6.13183,1776.4,1
eg_all_s,6.13186,1774.63,1
eg_all_s,6.13192,1772.65,1
eg_all_s,6.13195,1770.88,1
eg_all_s,6.13201,1768.91,1
eg_all_s,6.13204,1767.14,1
eg_all_s,6.1321,1765.17,1
eg_all_s,6.13213,1763.4,1
eg_all_s,6.13219,1761.44,1
eg_all_s,6.13222,1759.67,1
eg_all_s,6.13228,1757.71,1
eg_all_s,6.13231,1755.96,1
eg_all_s,6.13237,1754,1
eg_all_s,6.1324,1752.24,1
eg_all_s,6.13247,1750.29,1
eg_all_s,6.1325,1748.54,1
eg_all_s,6.13256,1746.59,1
eg_all_s,6.13259,1744.84,1
eg_all_s,6.13265,1742.9,1
eg_all_s,6.13268,1741.15,1
eg_all_s,6.13274,1739.21,1
eg_all_s,6.13277,1737.47,1
eg_all_s,6.13283,1735.53,1
eg_all_s,6.13286,1733.79,1
eg_all_s,6.13292,1731.86,1
eg_all_s,6.13295,1730.13,1
eg_all_s,6.13301,1728.2,1
eg_all_s,6.13304,1726.47,1
eg_all_s,6.1331,1724.54,1
eg_all_s,6.13313,1722.81,1
eg_all_s,6.13319,1720.89,1
eg_all_s,6.13322,1719.17,1
eg_all_s,6.13328,1717.25,1
eg_all_s,6.13331,1715.53,1
eg_all_s,6.13337,1713.61,1
eg_all_s,6.1334,1711.9,1
eg_all_s,6.13347,1709.99,1
eg_all_s,6.1335,1708.27,1
eg_all_s,6.13356,1706.37,1
eg_all_s,6.13359,1704.66,1
eg_all_s,6.13365,1702.75,1
eg_all_s,6.13368,1701.05,1
eg_all_s,6.13374,1699.15,1
eg_all_s,6.13377,1697.45,1
eg_all_s,6.13383,1695.55,1
eg_all_s,6.13386,1693.85,1
eg_all_s,6.13392,1691.96,1
eg_all_s,6.13395,1690.26,1
eg_all_s,6.13401,1688.37,1
eg_all_s,6.13404,1686.68,1
eg_all_s,6.1341,1684.8,1
eg_all_s,6.13413,1683.11,1
eg_all_s,6.13419,1681.23,1
eg_all_s,6.13422,1679.54,1
eg_all_s,6.13428,1677.66,1
eg_all_s,6.13431,1675.98,1
eg_all_s,6.13437,1674.11,1
eg_all_s,6.13441,1672.43,1
eg_all_s,6.13447,1670.56,1
eg_all_s,6.13451,1668.89,1
eg_all_s,6.13457,1667.02,1
eg_all_s,6.1346,1665.35,1
eg_all_s,6.13466,1663.48,1
eg_all_s,6.13469,1661.82,1
eg_all_s,6.13475,1659.96,1
eg_all_s,6.13478,1658.29,1
eg_all_s,6.13484,1656.43,1
eg_all_s,6.13487,1654.78,1
eg_all_s,6.13493,1652.92,1
eg_all_s,6.13496,1651.27,1
eg_all_s,6.13502,1649.42,1
eg_all_s,6.13505,1647.77,1
eg_all_s,6.13511,1645.92,1
eg_all_s,6.13514,1644.27,1
eg_all_s,6.1352,1642.42,1
eg_all_s,6.13523,1640.78,1
eg_all_s,6.13529,1638.94,1
eg_all_s,6.13532,1637.3,1
eg_all_s,6.13538,1635.46,1
eg_all_s,6.13541,1633.82,1
eg_all_s,6.13547,1631.99,1
eg_all_s,6.13551,1630.36,1
eg_all_s,6.13557,1628.53,1
eg_all_s,6.1356,1626.9,1
eg_all_s,6.13566,1625.07,1
eg_all_s,6.13569,1623.44,1
eg_all_s,6.13575,1621.62,1
eg_all_s,6.13578,1619.99,1
eg_all_s,6.13584,1618.17,1
eg_all_s,6.13587,1616.55,1
eg_all_s,6.13593,1614.74,1
eg_all_s,6.13596,1613.12,1
eg_all_s,6.13601,1611.31,1
eg_all_s,6.13605,1609.69,1
eg_all_s,6.1361,1607.88,1
eg_all_s,6.13614,1606.28,1
eg_all_s,6.1362,1604.47,1
eg_all_s,6.13623,1602.86,1
eg_all_s,6.13629,1601.06,1
eg_all_s,6.13632,1599.46,1
eg_all_s,6.13638,1597.66,1
eg_all_s,6.13641,1596.06,1
eg_all_s,6.13648,1594.26,1
eg_all_s,6.13651,1592.66,1
eg_all_s,6.13657,1590.87,1
eg_all_s,6.1366,1589.28,1
eg_all_s,6.13666,1587.49,1
eg_all_s,6.13669,1585.9,1
eg_all_s,6.13675,1584.11,1
eg_all_s,6.13678,1582.53,1
eg_all_s,6.13684,1580.75,1
eg_all_s,6.13687,1579.16,1
eg_all_s,6.13693,1577.38,1
eg_all_s,6.13696,1575.8,1
eg_all_s,6.13702,1574.03,1
eg_all_s,6.13705,1572.45,1
eg_all_s,6.13711,1570.68,1
eg_all_s,6.13714,1569.11,1
eg_all_s,6.1372,1567.34,1
eg_all_s,6.13723,1565.77,1
eg_all_s,6.13729,1564,1
eg_all_s,6.13732,1562.44,1
eg_all_s,6.13738,1560.67,1
eg_all_s,6.13741,1559.11,1
eg_all_s,6.13748,1557.35,1
eg_all_s,6.13751,1555.79,1
eg_all_s,6.13757,1554.04,1
eg_all_s,6.1376,1552.48,1
eg_all_s,6.13766,1550.73,1
eg_all_s,6.13769,1549.18,1
eg_all_s,6.13775,1547.43,1
eg_all_s,6.13778,1545.88,1
eg_all_s,6.13784,1544.13,1
eg_all_s,6.13787,1542.59,1
eg_all_s,6.13793,1540.84,1
eg_all_s,6.13796,1539.3,1
eg_all_s,6.13802,1537.56,1
eg_all_s,6.13805,1536.02,1
eg_all_s,6.13811,1534.29,1
eg_all_s,6.13814,1532.75,1
eg_all_s,6.1382,1531.02,1
eg_all_s,6.13823,1529.48,1
eg_all_s,6.13829,1527.75,1
eg_all_s,6.13832,1526.22,1
eg_all_s,6.13838,1524.5,1
eg_all_s,6.13841,1522.97,1
eg_all_s,6.13848,1521.25,1
eg_all_s,6.13851,1519.73,1
eg_all_s,6.13857,1518.01,1
eg_all_s,6.1386,1516.49,1
eg_all_s,6.13866,1514.77,1
eg_all_s,6.13869,1513.25,1
eg_all_s,6.13875,1511.54,1
eg_all_s,6.13878,1510.03,1
eg_all_s,6.13884,1508.32,1
eg_all_s,6.13887,1506.81,1
eg_all_s,6.13893,1505.1,1
eg_all_s,6.13896,1503.59,1
eg_all_s,6.13902,1501.89,1
eg_all_s,6.13905,1500.38,1
eg_all_s,6.13911,1498.68,1
eg_all_s,6.13914,1497.18,1
eg_all_s,6.1392,1495.49,1
eg_all_s,6.13923,1493.99,1
eg_all_s,6.13929,1492.29,1
eg_all_s,6.13932,1490.8,1
eg_all_s,6.13938,1489.11,1
eg_all_s,6.13942,1487.62,1
eg_all_s,6.13948,1485.93,1
eg_all_s,6.13951,1484.44,1
eg_all_s,6.13957,1482.76,1
eg_all_s,6.1396,1481.27,1
eg_all_s,6.13966,1479.59,1
eg_all_s,6.13969,1478.11,1
eg_all_s,6.13975,1476.43,1
eg_all_s,6.13978,1474.95,1
eg_all_s,6.13984,1473.28,1
eg_all_s,6.13987,1471.8,1
eg_all_s,6.13993,1470.13,1
eg_all_s,6.13997,1468.66,1
eg_all_s,6.14002,1466.99,1
eg_all_s,6.14006,1465.52,1
eg_all_s,6.14011,1463.86,1
eg_all_s,6.14015,1462.39,1
eg_all_s,6.14021,1460.73,1
eg_all_s,6.14024,1459.27,1
eg_all_s,6.1403,1457.61,1
eg_all_s,6.14033,1456.15,1
eg_all_s,6.14039,1454.49,1
eg_all_s,6.14042,1453.03,1
eg_all_s,6.14049,1451.38,1
eg_all_s,6.14052,1449.93,1
eg_all_s,6.14058,1448.28,1
eg_all_s,6.14061,1446.83,1
eg_all_s,6.14067,1445.18,1
eg_all_s,6.1407,1443.73,1
eg_all_s,6.14076,1442.09,1
eg_all_s,6.14079,1440.65,1
eg_all_s,6.14085,1439,1
eg_all_s,6.14088,1437.56,1
eg_all_s,6.14094,1435.93,1
eg_all_s,6.14097,1434.49,1
eg_all_s,6.14103,1432.85,1
eg_all_s,6.14106,1431.42,1
eg_all_s,6.14112,1429.79,1
eg_all_s,6.14115,1428.36,1
eg_all_s,6.14121,1426.73,1
eg_all_s,6.14124,1425.3,1
eg_all_s,6.1413,1423.67,1
eg_all_s,6.14133,1422.25,1
eg_all_s,6.14139,1420.62,1
eg_all_s,6.14142,1419.2,1
eg_all_s,6.14149,1417.58,1
eg_all_s,6.14152,1416.16,1
eg_all_s,6.14158,1414.55,1
eg_all_s,6.14161,1413.13,1
eg_all_s,6.14167,1411.52,1
eg_all_s,6.1417,1410.11,1
eg_all_s,6.14176,1408.49,1
eg_all_s,6.14179,1407.08,1
eg_all_s,6.14185,1405.48,1
eg_all_s,6.14188,1404.07,1
eg_all_s,6.14194,1402.46,1
eg_all_s,6.14197,1401.06,1
eg_all_s,6.14203,1399.46,1
eg_all_s,6.14206,1398.06,1
eg_all_s,6.14212,1396.46,1
eg_all_s,6.14215,1395.06,1
eg_all_s,6.14221,1393.47,1
eg_all_s,6.14224,1392.07,1
eg_all_s,6.1423,1390.48,1
eg_all_s,6.14233,1389.09,1
eg_all_s,6.14239,1387.5,1
eg_all_s,6.14242,1386.11,1
eg_all_s,6.14249,1384.52,1
eg_all_s,6.14253,1383.14,1
eg_all_s,6.14259,1381.55,1
eg_all_s,6.14262,1380.17,1
eg_all_s,6.14267,1378.59,1
eg_all_s,6.14271,1377.21,1
eg_all_s,6.14276,1375.63,1
eg_all_s,6.1428,1374.25,1
eg_all_s,6.14285,1372.68,1
eg_all_s,6.14289,1371.3,1
eg_all_s,6.14295,1369.73,1
eg_all_s,6.14298,1368.36,1
eg_all_s,6.14304,1366.79,1
eg_all_s,6.14307,1365.42,1
eg_all_s,6.14313,1363.86,1
eg_all_s,6.14316,1362.49,1
eg_all_s,6.14322,1360.93,1
eg_all_s,6.14325,1359.57,1
eg_all_s,6.14331,1358.01,1
eg_all_s,6.14334,1356.65,1
eg_all_s,6.1434,1355.09,1
eg_all_s,6.14343,1353.73,1
eg_all_s,6.1435,1352.18,1
eg_all_s,6.14353,1350.83,1
eg_all_s,6.14359,1349.27,1
eg_all_s,6.14362,1347.92,1
eg_all_s,6.14368,1346.38,1
eg_all_s,6.14371,1345.03,1
eg_all_s,6.14377,1343.48,1
eg_all_s,6.1438,1342.14,1
eg_all_s,6.14386,1340.59,1
eg_all_s,6.14389,1339.25,1
eg_all_s,6.14395,1337.71,1
eg_all_s,6.14398,1336.37,1
eg_all_s,6.14404,1334.84,1
eg_all_s,6.14407,1333.5,1
eg_all_s,6.14413,1331.97,1
eg_all_s,6.14416,1330.63,1
eg_all_s,6.14422,1329.1,1
eg_all_s,6.14425,1327.77,1
eg_all_s,6.14431,1326.24,1
eg_all_s,6.14434,1324.92,1
eg_all_s,6.1444,1323.39,1
eg_all_s,6.14443,1322.07,1
eg_all_s,6.1445,1320.54,1
eg_all_s,6.14453,1319.22,1
eg_all_s,6.14459,1317.7,1
eg_all_s,6.14462,1316.38,1
eg_all_s,6.14468,1314.86,1
eg_all_s,6.14471,1313.55,1
eg_all_s,6.14477,1312.03,1
eg_all_s,6.1448,1310.72,1
eg_all_s,6.14486,1309.21,1
eg_all_s,6.14489,1307.9,1
eg_all_s,6.14495,1306.39,1
eg_all_s,6.14498,1305.08,1
eg_all_s,6.14504,1303.58,1
eg_all_s,6.14508,1302.27,1
eg_all_s,6.14514,1300.77,1
eg_all_s,6.14517,1299.47,1
eg_all_s,6.14523,1297.97,1
eg_all_s,6.14526,1296.67,1
eg_all_s,6.14532,1295.17,1
eg_all_s,6.14535,1293.87,1
eg_all_s,6.14541,1292.38,1
eg_all_s,6.14545,1291.09,1
eg_all_s,6.14551,1289.59,1
eg_all_s,6.14554,1288.3,1
eg_all_s,6.1456,1286.81,1
eg_all_s,6.14563,1285.53,1
eg_all_s,6.14569,1284.04,1
eg_all_s,6.14572,1282.75,1
eg_all_s,6.14578,1281.27,1
eg_all_s,6.14581,1279.99,1
eg_all_s,6.14587,1278.51,1
eg_all_s,6.1459,1277.23,1
eg_all_s,6.14596,1275.75,1
eg_all_s,6.14599,1274.47,1
eg_all_s,6.14605,1273,1
eg_all_s,6.14608,1271.72,1
eg_all_s,6.14614,1270.25,1
eg_all_s,6.14617,1268.98,1
eg_all_s,6.14623,1267.51,1
eg_all_s,6.14626,1266.24,1
eg_all_s,6.14632,1264.77,1
eg_all_s,6.14635,1263.51,1
eg_all_s,6.14641,1262.04,1
eg_all_s,6.14645,1260.78,1
eg_all_s,6.14651,1259.32,1
eg_all_s,6.14654,1258.06,1
eg_all_s,6.1466,1256.6,1
eg_all_s,6.14663,1255.34,1
eg_all_s,6.14669,1253.89,1
eg_all_s,6.14672,1252.63,1
eg_all_s,6.14678,1251.18,1
eg_all_s,6.14681,1249.92,1
eg_all_s,6.14687,1248.47,1
eg_all_s,6.1469,1247.22,1
eg_all_s,6.14696,1245.78,1
eg_all_s,6.14699,1244.53,1
eg_all_s,6.14705,1243.08,1
eg_all_s,6.14708,1241.84,1
eg_all_s,6.14714,1240.4,1
eg_all_s,6.14717,1239.16,1
eg_all_s,6.14723,1237.72,1
eg_all_s,6.14726,1236.48,1
eg_all_s,6.14732,1235.04,1
eg_all_s,6.14735,1233.8,1
eg_all_s,6.14741,1232.37,1
eg_all_s,6.14745,1231.13,1
eg_all_s,6.14751,1229.7,1
eg_all_s,6.14754,1228.47,1
eg_all_s,6.1476,1227.04,1
eg_all_s,6.14763,1225.81,1
eg_all_s,6.14769,1224.39,1
eg_all_s,6.14772,1223.16,1
eg_all_s,6.14778,1221.74,1
eg_all_s,6.14781,1220.52,1
eg_all_s,6.14787,1219.09,1
eg_all_s,6.1479,1217.87,1
eg_all_s,6.14796,1216.45,1
eg_all_s,6.14799,1215.24,1
eg_all_s,6.14805,1213.82,1
eg_all_s,6.14808,1212.61,1
eg_all_s,6.14814,1211.19,1
eg_all_s,6.14817,1209.98,1
eg_all_s,6.14823,1208.57,1
eg_all_s,6.14826,1207.36,1
eg_all_s,6.14832,1205.95,1
eg_all_s,6.14835,1204.74,1
eg_all_s,6.14841,1203.34,1
eg_all_s,6.14845,1202.13,1
eg_all_s,6.14851,1200.73,1
eg_all_s,6.14854,1199.53,1
eg_all_s,6.1486,1198.13,1
eg_all_s,6.14863,1196.93,1
eg_all_s,6.14869,1195.53,1
eg_all_s,6.14873,1194.34,1
eg_all_s,6.14878,1192.94,1
eg_all_s,6.14882,1191.75,1
eg_all_s,6.14887,1190.35,1
eg_all_s,6.14891,1189.16,1
eg_all_s,6.14897,1187.77,1
eg_all_s,6.149,1186.58,1
eg_all_s,6.14906,1185.2,1
eg_all_s,6.14909,1184.01,1
eg_all_s,6.14915,1182.62,1
eg_all_s,6.14918,1181.44,1
eg_all_s,6.14924,1180.06,1
eg_all_s,6.14927,1178.88,1
eg_all_s,6.14933,1177.5,1
eg_all_s,6.14936,1176.32,1
eg_all_s,6.14942,1174.94,1
eg_all_s,6.14946,1173.77,1
eg_all_s,6.14952,1172.39,1
eg_all_s,6.14955,1171.22,1
eg_all_s,6.14961,1169.85,1
eg_all_s,6.14964,1168.67,1
eg_all_s,6.1497,1167.3,1
eg_all_s,6.14973,1166.14,1
eg_all_s,6.14979,1164.77,1
eg_all_s,6.14982,1163.6,1
eg_all_s,6.14988,1162.24,1
eg_all_s,6.14991,1161.08,1
eg_all_s,6.14997,1159.71,1
eg_all_s,6.15,1158.55,1
eg_all_s,6.15006,1157.19,1
eg_all_s,6.15009,1156.04,1
eg_all_s,6.15015,1154.68,1
eg_all_s,6.15018,1153.52,1
eg_all_s,6.15025,1152.17,1
eg_all_s,6.15028,1151.01,1
eg_all_s,6.15034,1149.66,1
eg_all_s,6.15037,1148.51,1
eg_all_s,6.15043,1147.16,1
eg_all_s,6.15047,1146.01,1
eg_all_s,6.15053,1144.67,1
eg_all_s,6.15056,1143.52,1
eg_all_s,6.15062,1142.18,1
eg_all_s,6.15065,1141.03,1
eg_all_s,6.15071,1139.69,1
eg_all_s,6.15074,1138.55,1
eg_all_s,6.1508,1137.21,1
eg_all_s,6.15083,1136.07,1
eg_all_s,6.15089,1134.74,1
eg_all_s,6.15092,1133.6,1
eg_all_s,6.15098,1132.27,1
eg_all_s,6.15101,1131.13,1
eg_all_s,6.15107,1129.8,1
eg_all_s,6.1511,1128.67,1
eg_all_s,6.15116,1127.34,1
eg_all_s,6.15119,1126.21,1
eg_all_s,6.15125,1124.88,1
eg_all_s,6.15128,1123.76,1
eg_all_s,6.15134,1122.43,1
eg_all_s,6.15137,1121.31,1
eg_all_s,6.15143,1119.99,1
eg_all_s,6.15147,1118.87,1
eg_all_s,6.15153,1117.55,1
eg_all_s,6.15156,1116.43,1
eg_all_s,6.15162,1115.11,1
eg_all_s,6.15165,1114,1
eg_all_s,6.15171,1112.68,1
eg_all_s,6.15174,1111.57,1
eg_all_s,6.1518,1110.25,1
eg_all_s,6.15183,1109.14,1
eg_all_s,6.15189,1107.83,1
eg_all_s,6.15192,1106.72,1
eg_all_s,6.15198,1105.42,1
eg_all_s,6.15201,1104.31,1
eg_all_s,6.15207,1103,1
eg_all_s,6.1521,1101.9,1
eg_all_s,6.15216,1100.6,1
eg_all_s,6.15219,1099.5,1
eg_all_s,6.15225,1098.2,1
eg_all_s,6.15228,1097.1,1
eg_all_s,6.15234,1095.8,1
eg_all_s,6.15237,1094.7,1
eg_all_s,6.15243,1093.41,1
eg_all_s,6.15247,1092.31,1
eg_all_s,6.15253,1091.02,1
eg_all_s,6.15256,1089.93,1
eg_all_s,6.15262,1088.64,1
eg_all_s,6.15265,1087.55,1
eg_all_s,6.15271,1086.26,1
eg_all_s,6.15274,1085.17,1
eg_all_s,6.1528,1083.88,1
eg_all_s,6.15283,1082.8,1
eg_all_s,6.15289,1081.51,1
eg_all_s,6.15292,1080.43,1
eg_all_s,6.15298,1079.15,1
eg_all_s,6.15301,1078.07,1
eg_all_s,6.15307,1076.79,1
eg_all_s,6.1531,1075.71,1
eg_all_s,6.15316,1074.44,1
eg_all_s,6.15319,1073.36,1
eg_all_s,6.15325,1072.09,1
eg_all_s,6.15328,1071.01,1
eg_all_s,6.15334,1069.74,1
eg_all_s,6.15337,1068.67,1
eg_all_s,6.15343,1067.4,1
eg_all_s,6.15347,1066.33,1
eg_all_s,6.15353,1065.07,1
eg_all_s,6.15356,1064,1
eg_all_s,6.15362,1062.73,1
eg_all_s,6.15365,1061.67,1
eg_all_s,6.15371,1060.41,1
eg_all_s,6.15374,1059.35,1
eg_all_s,6.1538,1058.09,1
eg_all_s,6.15383,1057.03,1
eg_all_s,6.15389,1055.77,1
eg_all_s,6.15392,1054.71,1
eg_all_s,6.15399,1053.46,1
eg_all_s,6.15402,1052.4,1
eg_all_s,6.15408,1051.15,1
eg_all_s,6.15411,1050.1,1
eg_all_s,6.15417,1048.85,1
eg_all_s,6.1542,1047.8,1
eg_all_s,6.15426,1046.55,1
eg_all_s,6.15429,1045.5,1
eg_all_s,6.15435,1044.25,1
eg_all_s,6.15438,1043.21,1
eg_all_s,6.15444,1041.96,1
eg_all_s,6.15447,1040.92,1
eg_all_s,6.15453,1039.68,1
eg_all_s,6.15457,1038.64,1
eg_all_s,6.15462,1037.4,1
eg_all_s,6.15466,1036.36,1
eg_all_s,6.15472,1035.12,1
eg_all_s,6.15475,1034.09,1
eg_all_s,6.15481,1032.85,1
eg_all_s,6.15484,1031.82,1
eg_all_s,6.1549,1030.59,1
eg_all_s,6.15493,1029.55,1
eg_all_s,6.15499,1028.32,1
eg_all_s,6.15502,1027.29,1
eg_all_s,6.15507,1026.07,1
eg_all_s,6.15511,1025.04,1
eg_all_s,6.15516,1023.81,1
eg_all_s,6.15519,1022.79,1
eg_all_s,6.15525,1021.56,1
eg_all_s,6.15528,1020.54,1
eg_all_s,6.15534,1019.32,1
eg_all_s,6.15537,1018.3,1
eg_all_s,6.15543,1017.08,1
eg_all_s,6.15547,1016.06,1
eg_all_s,6.15553,1014.84,1
eg_all_s,6.15556,1013.83,1
eg_all_s,6.15562,1012.61,1
eg_all_s,6.15565,1011.6,1
eg_all_s,6.15571,1010.39,1
eg_all_s,6.15574,1009.38,1
eg_all_s,6.1558,1008.17,1
eg_all_s,6.15583,1007.16,1
eg_all_s,6.15589,1005.95,1
eg_all_s,6.15592,1004.94,1
eg_all_s,6.15598,1003.74,1
eg_all_s,6.15601,1002.73,1
eg_all_s,6.15607,1001.53,1
eg_all_s,6.1561,1000.52,1
eg_all_s,6.15616,999.323,1
eg_all_s,6.15619,998.323,1
eg_all_s,6.15625,997.124,1
eg_all_s,6.15628,996.126,1
eg_all_s,6.15634,994.928,1
eg_all_s,6.15637,993.933,1
eg_all_s,6.15643,992.738,1
eg_all_s,6.15647,991.744,1
eg_all_s,6.15653,990.551,1
eg_all_s,6.15656,989.56,1
eg_all_s,6.15662,988.369,1
eg_all_s,6.15665,987.38,1
eg_all_s,6.15671,986.191,1
eg_all_s,6.15674,985.204,1
eg_all_s,6.1568,984.018,1
eg_all_s,6.15683,983.033,1
eg_all_s,6.15689,981.849,1
eg_all_s,6.15692,980.866,1
eg_all_s,6.15698,979.684,1
eg_all_s,6.15701,978.703,1
eg_all_s,6.15707,977.524,1
eg_all_s,6.1571,976.545,1
eg_all_s,6.15716,975.368,1
eg_all_s,6.1572,974.391,1
eg_all_s,6.15726,973.216,1
eg_all_s,6.15729,972.242,1
eg_all_s,6.15735,971.068,1
eg_all_s,6.15738,970.096,1
eg_all_s,6.15745,968.925,1
eg_all_s,6.15748,967.955,1
eg_all_s,6.15754,966.786,1
eg_all_s,6.15757,965.819,1
eg_all_s,6.15763,964.652,1
eg_all_s,6.15766,963.686,1
eg_all_s,6.15772,962.521,1
eg_all_s,6.15775,961.558,1
eg_all_s,6.15781,960.395,1
eg_all_s,6.15784,959.434,1
eg_all_s,6.1579,958.274,1
eg_all_s,6.15793,957.314,1
eg_all_s,6.15799,956.156,1
eg_all_s,6.15802,955.199,1
eg_all_s,6.15808,954.043,1
eg_all_s,6.15811,953.088,1
eg_all_s,6.15818,951.933,1
eg_all_s,6.15821,950.981,1
eg_all_s,6.15826,949.829,1
eg_all_s,6.1583,948.878,1
eg_all_s,6.15836,947.728,1
eg_all_s,6.15839,946.779,1
eg_all_s,6.15845,945.631,1
eg_all_s,6.15849,944.685,1
eg_all_s,6.15855,943.539,1
eg_all_s,6.15858,942.594,1
eg_all_s,6.15864,941.451,1
eg_all_s,6.15867,940.508,1
eg_all_s,6.15873,939.367,1
eg_all_s,6.15876,938.427,1
eg_all_s,6.15882,937.287,1
eg_all_s,6.15885,936.349,1
eg_all_s,6.15891,935.212,1
eg_all_s,6.15894,934.275,1
eg_all_s,6.159,933.14,1
eg_all_s,6.15903,932.206,1
eg_all_s,6.15909,931.073,1
eg_all_s,6.15912,930.141,1
eg_all_s,6.15918,929.009,1
eg_all_s,6.15921,928.079,1
eg_all_s,6.15927,926.95,1
eg_all_s,6.1593,926.022,1
eg_all_s,6.15936,924.895,1
eg_all_s,6.15939,923.97,1
eg_all_s,6.15945,922.845,1
eg_all_s,6.15949,921.921,1
eg_all_s,6.15955,920.798,1
eg_all_s,6.15958,919.876,1
eg_all_s,6.15964,918.755,1
eg_all_s,6.15967,917.835,1
eg_all_s,6.15973,916.717,1
eg_all_s,6.15976,915.799,1
eg_all_s,6.15982,914.682,1
eg_all_s,6.15985,913.766,1
eg_all_s,6.15991,912.652,1
eg_all_s,6.15994,911.738,1
eg_all_s,6.16,910.625,1
eg_all_s,6.16003,909.714,1
eg_all_s,6.16009,908.603,1
eg_all_s,6.16012,907.693,1
eg_all_s,6.16018,906.585,1
eg_all_s,6.16021,905.677,1
eg_all_s,6.16027,904.57,1
eg_all_s,6.1603,903.665,1
eg_all_s,6.16036,902.56,1
eg_all_s,6.16039,901.656,1
eg_all_s,6.16046,900.554,1
eg_all_s,6.16049,899.652,1
eg_all_s,6.16055,898.552,1
eg_all_s,6.16058,897.652,1
eg_all_s,6.16064,896.553,1
eg_all_s,6.16067,895.656,1
eg_all_s,6.16073,894.559,1
eg_all_s,6.16076,893.664,1
eg_all_s,6.16082,892.569,1
eg_all_s,6.16085,891.675,1
eg_all_s,6.16091,890.583,1
eg_all_s,6.16094,889.691,1
eg_all_s,6.161,888.6,1
eg_all_s,6.16103,887.711,1
eg_all_s,6.16109,886.622,1
eg_all_s,6.16112,885.735,1
eg_all_s,6.16118,884.648,1
eg_all_s,6.16121,883.762,1
eg_all_s,6.16127,882.677,1
eg_all_s,6.1613,881.794,1
eg_all_s,6.16136,880.711,1
eg_all_s,6.16139,879.829,1
eg_all_s,6.16146,878.748,1
eg_all_s,6.16149,877.869,1
eg_all_s,6.16155,876.79,1
eg_all_s,6.16158,875.912,1
eg_all_s,6.16164,874.835,1
eg_all_s,6.16167,873.959,1
eg_all_s,6.16173,872.884,1
eg_all_s,6.16176,872.01,1
eg_all_s,6.16182,870.937,1
eg_all_s,6.16185,870.065,1
eg_all_s,6.16191,868.994,1
eg_all_s,6.16194,868.124,1
eg_all_s,6.162,867.055,1
eg_all_s,6.16203,866.187,1
eg_all_s,6.16209,865.12,1
eg_all_s,6.16212,864.254,1
eg_all_s,6.16218,863.189,1
eg_all_s,6.16221,862.324,1
eg_all_s,6.16227,861.261,1
eg_all_s,6.1623,860.399,1
eg_all_s,6.16236,859.337,1
eg_all_s,6.16239,858.477,1
eg_all_s,6.16246,857.418,1
eg_all_s,6.16249,856.559,1
eg_all_s,6.16255,855.502,1
eg_all_s,6.16258,854.645,1
eg_all_s,6.16264,853.59,1
eg_all_s,6.16267,852.735,1
eg_all_s,6.16273,851.681,1
eg_all_s,6.16276,850.829,1
eg_all_s,6.16282,849.777,1
eg_all_s,6.16285,848.926,1
eg_all_s,6.16291,847.876,1
eg_all_s,6.16294,847.027,1
eg_all_s,6.163,845.979,1
eg_all_s,6.16303,845.132,1
eg_all_s,6.16309,844.086,1
eg_all_s,6.16312,843.241,1
eg_all_s,6.16318,842.197,1
eg_all_s,6.16321,841.353,1
eg_all_s,6.16327,840.311,1
eg_all_s,6.1633,839.47,1
eg_all_s,6.16336,838.429,1
eg_all_s,6.16339,837.59,1
eg_all_s,6.16346,836.551,1
eg_all_s,6.16349,835.714,1
eg_all_s,6.16355,834.677,1
eg_all_s,6.16358,833.841,1
eg_all_s,6.16364,832.806,1
eg_all_s,6.16367,831.973,1
eg_all_s,6.16373,830.94,1
eg_all_s,6.16376,830.108,1
eg_all_s,6.16382,829.077,1
eg_all_s,6.16385,828.247,1
eg_all_s,6.16391,827.217,1
eg_all_s,6.16394,826.389,1
eg_all_s,6.164,825.362,1
eg_all_s,6.16403,824.535,1
eg_all_s,6.16409,823.51,1
eg_all_s,6.16412,822.685,1
eg_all_s,6.16419,821.662,1
eg_all_s,6.16422,820.839,1
eg_all_s,6.16428,819.817,1
eg_all_s,6.16431,818.996,1
eg_all_s,6.16437,817.976,1
eg_all_s,6.1644,817.157,1
eg_all_s,6.16446,816.139,1
eg_all_s,6.1645,815.322,1
eg_all_s,6.16456,814.306,1
eg_all_s,6.16459,813.49,1
eg_all_s,6.16465,812.476,1
eg_all_s,6.16468,811.662,1
eg_all_s,6.16474,810.65,1
eg_all_s,6.16477,809.838,1
eg_all_s,6.16483,808.827,1
eg_all_s,6.16486,808.017,1
eg_all_s,6.16492,807.008,1
eg_all_s,6.16495,806.2,1
eg_all_s,6.16501,805.193,1
eg_all_s,6.16504,804.387,1
eg_all_s,6.1651,803.382,1
eg_all_s,6.16513,802.577,1
eg_all_s,6.16519,801.574,1
eg_all_s,6.16522,800.771,1
eg_all_s,6.16528,799.769,1
eg_all_s,6.16531,798.969,1
eg_all_s,6.16537,797.969,1
eg_all_s,6.1654,797.17,1
eg_all_s,6.16547,796.172,1
eg_all_s,6.1655,795.374,1
eg_all_s,6.16556,794.378,1
eg_all_s,6.16559,793.583,1
eg_all_s,6.16565,792.588,1
eg_all_s,6.16568,791.794,1
eg_all_s,6.16574,790.802,1
eg_all_s,6.16577,790.01,1
eg_all_s,6.16583,789.019,1
eg_all_s,6.16586,788.229,1
eg_all_s,6.16592,787.24,1
eg_all_s,6.16595,786.451,1
eg_all_s,6.16601,785.464,1
eg_all_s,6.16604,784.677,1
eg_all_s,6.1661,783.692,1
eg_all_s,6.16613,782.907,1
eg_all_s,6.16619,781.923,1
eg_all_s,6.16622,781.14,1
eg_all_s,6.16628,780.158,1
eg_all_s,6.16631,779.377,1
eg_all_s,6.16637,778.397,1
eg_all_s,6.1664,777.617,1
eg_all_s,6.16647,776.639,1
eg_all_s,6.1665,775.861,1
eg_all_s,6.16656,774.884,1
eg_all_s,6.16659,774.108,1
eg_all_s,6.16665,773.133,1
eg_all_s,6.16668,772.359,1
eg_all_s,6.16674,771.386,1
eg_all_s,6.16677,770.613,1
eg_all_s,6.16683,769.642,1
eg_all_s,6.16686,768.871,1
eg_all_s,6.16692,767.901,1
eg_all_s,6.16695,767.132,1
eg_all_s,6.16701,766.164,1
eg_all_s,6.16704,765.397,1
eg_all_s,6.1671,764.43,1
eg_all_s,6.16713,763.665,1
eg_all_s,6.16719,762.7,1
eg_all_s,6.16722,761.937,1
eg_all_s,6.16728,760.974,1
eg_all_s,6.16731,760.212,1
eg_all_s,6.16737,759.251,1
eg_all_s,6.1674,758.49,1
eg_all_s,6.16747,757.531,1
eg_all_s,6.1675,756.772,1
eg_all_s,6.16756,755.814,1
eg_all_s,6.16759,755.058,1
eg_all_s,6.16765,754.102,1
eg_all_s,6.16768,753.346,1
eg_all_s,6.16774,752.392,1
eg_all_s,6.16777,751.639,1
eg_all_s,6.16783,750.686,1
eg_all_s,6.16786,749.934,1
eg_all_s,6.16792,748.983,1
eg_all_s,6.16795,748.234,1
eg_all_s,6.16801,747.284,1
eg_all_s,6.16804,746.536,1
eg_all_s,6.1681,745.588,1
eg_all_s,6.16813,744.842,1
eg_all_s,6.16819,743.896,1
eg_all_s,6.16822,743.151,1
eg_all_s,6.16828,742.207,1
eg_all_s,6.16831,741.464,1
eg_all_s,6.16837,740.521,1
eg_all_s,6.1684,739.78,1
eg_all_s,6.16847,738.839,1
eg_all_s,6.1685,738.099,1
eg_all_s,6.16856,737.16,1
eg_all_s,6.16859,736.422,1
eg_all_s,6.16865,735.484,1
eg_all_s,6.16868,734.748,1
eg_all_s,6.16874,733.812,1
eg_all_s,6.16877,733.077,1
eg_all_s,6.16883,732.143,1
eg_all_s,6.16886,731.41,1
eg_all_s,6.16892,730.478,1
eg_all_s,6.16895,729.746,1
eg_all_s,6.16901,728.816,1
eg_all_s,6.16904,728.086,1
eg_all_s,6.1691,727.157,1
eg_all_s,6.16913,726.429,1
eg_all_s,6.16919,725.501,1
eg_all_s,6.16922,724.775,1
eg_all_s,6.16928,723.849,1
eg_all_s,6.16931,723.124,1
eg_all_s,6.16937,722.2,1
eg_all_s,6.16941,721.477,1
eg_all_s,6.16947,720.554,1
eg_all_s,6.16951,719.833,1
eg_all_s,6.16957,718.912,1
eg_all_s,6.1696,718.192,1
eg_all_s,6.16966,717.273,1
eg_all_s,6.16969,716.554,1
eg_all_s,6.16975,715.637,1
eg_all_s,6.16978,714.92,1
eg_all_s,6.16984,714.004,1
eg_all_s,6.16987,713.289,1
eg_all_s,6.16993,712.375,1
eg_all_s,6.16996,711.662,1
eg_all_s,6.17002,710.749,1
eg_all_s,6.17005,710.037,1
eg_all_s,6.17011,709.126,1
eg_all_s,6.17014,708.416,1
eg_all_s,6.1702,707.507,1
eg_all_s,6.17023,706.798,1
eg_all_s,6.17029,705.89,1
eg_all_s,6.17032,705.183,1
eg_all_s,6.17038,704.277,1
eg_all_s,6.17041,703.572,1
eg_all_s,6.17048,702.667,1
eg_all_s,6.17051,701.964,1
eg_all_s,6.17057,701.061,1
eg_all_s,6.1706,700.359,1
eg_all_s,6.17066,699.457,1
eg_all_s,6.17069,698.757,1
eg_all_s,6.17075,697.857,1
eg_all_s,6.17078,697.158,1
eg_all_s,6.17084,696.26,1
eg_all_s,6.17087,695.563,1
eg_all_s,6.17093,694.666,1
eg_all_s,6.17096,693.971,1
eg_all_s,6.17102,693.076,1
eg_all_s,6.17105,692.382,1
eg_all_s,6.17111,691.488,1
eg_all_s,6.17114,690.796,1
eg_all_s,6.1712,689.904,1
eg_all_s,6.17123,689.213,1
eg_all_s,6.17129,688.323,1
eg_all_s,6.17132,687.633,1
eg_all_s,6.17138,686.745,1
eg_all_s,6.17141,686.057,1
eg_all_s,6.17148,685.17,1
eg_all_s,6.17151,684.484,1
eg_all_s,6.17157,683.598,1
eg_all_s,6.1716,682.914,1
eg_all_s,6.17166,682.03,1
eg_all_s,6.17169,681.347,1
eg_all_s,6.17175,680.465,1
eg_all_s,6.17178,679.783,1
eg_all_s,6.17184,678.902,1
eg_all_s,6.17187,678.222,1
eg_all_s,6.17193,677.343,1
eg_all_s,6.17196,676.665,1
eg_all_s,6.17202,675.787,1
eg_all_s,6.17205,675.11,1
eg_all_s,6.17211,674.234,1
eg_all_s,6.17214,673.559,1
eg_all_s,6.1722,672.684,1
eg_all_s,6.17223,672.011,1
eg_all_s,6.17229,671.138,1
eg_all_s,6.17232,670.466,1
eg_all_s,6.17238,669.594,1
eg_all_s,6.17241,668.924,1
eg_all_s,6.17248,668.054,1
eg_all_s,6.17251,667.385,1
eg_all_s,6.17257,666.516,1
eg_all_s,6.1726,665.849,1
eg_all_s,6.17266,664.982,1
eg_all_s,6.17269,664.316,1
eg_all_s,6.17275,663.451,1
eg_all_s,6.17278,662.786,1
eg_all_s,6.17284,661.922,1
eg_all_s,6.17287,661.259,1
eg_all_s,6.17293,660.397,1
eg_all_s,6.17296,659.736,1
eg_all_s,6.17302,658.875,1
eg_all_s,6.17305,658.215,1
eg_all_s,6.17311,657.356,1
eg_all_s,6.17314,656.698,1
eg_all_s,6.1732,655.84,1
eg_all_s,6.17323,655.183,1
eg_all_s,6.17329,654.327,1
eg_all_s,6.17332,653.671,1
eg_all_s,6.17338,652.817,1
eg_all_s,6.17341,652.163,1
eg_all_s,6.17348,651.31,1
eg_all_s,6.17352,650.658,1
eg_all_s,6.17358,649.806,1
eg_all_s,6.17361,649.155,1
eg_all_s,6.17366,648.305,1
eg_all_s,6.1737,647.656,1
eg_all_s,6.17376,646.807,1
eg_all_s,6.17379,646.159,1
eg_all_s,6.17385,645.312,1
eg_all_s,6.17388,644.666,1
eg_all_s,6.17394,643.82,1
eg_all_s,6.17397,643.175,1
eg_all_s,6.17403,642.331,1
eg_all_s,6.17406,641.688,1
eg_all_s,6.17412,640.845,1
eg_all_s,6.17415,640.203,1
eg_all_s,6.17421,639.362,1
eg_all_s,6.17424,638.722,1
eg_all_s,6.1743,637.882,1
eg_all_s,6.17433,637.243,1
eg_all_s,6.17439,636.405,1
eg_all_s,6.17442,635.767,1
eg_all_s,6.17449,634.931,1
eg_all_s,6.17452,634.295,1
eg_all_s,6.17458,633.459,1
eg_all_s,6.17461,632.825,1
eg_all_s,6.17467,631.991,1
eg_all_s,6.1747,631.358,1
eg_all_s,6.17476,630.526,1
eg_all_s,6.17479,629.894,1
eg_all_s,6.17485,629.063,1
eg_all_s,6.17488,628.433,1
eg_all_s,6.17494,627.604,1
eg_all_s,6.17497,626.975,1
eg_all_s,6.17503,626.147,1
eg_all_s,6.17506,625.52,1
eg_all_s,6.17512,624.694,1
eg_all_s,6.17515,624.068,1
eg_all_s,6.17521,623.243,1
eg_all_s,6.17524,622.619,1
eg_all_s,6.1753,621.795,1
eg_all_s,6.17533,621.172,1
eg_all_s,6.17539,620.35,1
eg_all_s,6.17542,619.729,1
eg_all_s,6.17549,618.908,1
eg_all_s,6.17552,618.288,1
eg_all_s,6.17558,617.469,1
eg_all_s,6.17561,616.85,1
eg_all_s,6.17567,616.032,1
eg_all_s,6.1757,615.415,1
eg_all_s,6.17576,614.599,1
eg_all_s,6.17579,613.983,1
eg_all_s,6.17585,613.168,1
eg_all_s,6.17588,612.554,1
eg_all_s,6.17594,611.741,1
eg_all_s,6.17597,611.128,1
eg_all_s,6.17603,610.316,1
eg_all_s,6.17606,609.704,1
eg_all_s,6.17612,608.894,1
eg_all_s,6.17615,608.284,1
eg_all_s,6.17621,607.475,1
eg_all_s,6.17624,606.866,1
eg_all_s,6.1763,606.058,1
eg_all_s,6.17633,605.451,1
eg_all_s,6.17639,604.645,1
eg_all_s,6.17642,604.039,1
eg_all_s,6.17649,603.234,1
eg_all_s,6.17652,602.63,1
eg_all_s,6.17658,601.826,1
eg_all_s,6.17661,601.223,1
eg_all_s,6.17667,600.421,1
eg_all_s,6.1767,599.82,1
eg_all_s,6.17676,599.019,1
eg_all_s,6.17679,598.419,1
eg_all_s,6.17685,597.619,1
eg_all_s,6.17688,597.021,1
eg_all_s,6.17694,596.223,1
eg_all_s,6.17697,595.626,1
eg_all_s,6.17703,594.829,1
eg_all_s,6.17706,594.233,1
eg_all_s,6.17712,593.438,1
eg_all_s,6.17715,592.843,1
eg_all_s,6.17721,592.05,1
eg_all_s,6.17724,591.457,1
eg_all_s,6.1773,590.664,1
eg_all_s,6.17733,590.072,1
eg_all_s,6.17739,589.281,1
eg_all_s,6.17742,588.691,1
eg_all_s,6.17749,587.901,1
eg_all_s,6.17752,587.312,1
eg_all_s,6.17758,586.524,1
eg_all_s,6.17761,585.937,1
eg_all_s,6.17767,585.15,1
eg_all_s,6.1777,584.564,1
eg_all_s,6.17776,583.778,1
eg_all_s,6.17779,583.193,1
eg_all_s,6.17785,582.409,1
eg_all_s,6.17788,581.826,1
eg_all_s,6.17794,581.043,1
eg_all_s,6.17797,580.461,1
eg_all_s,6.17803,579.679,1
eg_all_s,6.17807,579.099,1
eg_all_s,6.17813,578.318,1
eg_all_s,6.17816,577.739,1
eg_all_s,6.17822,576.96,1
eg_all_s,6.17825,576.382,1
eg_all_s,6.17831,575.605,1
eg_all_s,6.17834,575.028,1
eg_all_s,6.1784,574.252,1
eg_all_s,6.17843,573.677,1
eg_all_s,6.1785,572.903,1
eg_all_s,6.17853,572.329,1
eg_all_s,6.17859,571.555,1
eg_all_s,6.17862,570.983,1
eg_all_s,6.17868,570.211,1
eg_all_s,6.17871,569.64,1
eg_all_s,6.17877,568.869,1
eg_all_s,6.1788,568.299,1
eg_all_s,6.17886,567.53,1
eg_all_s,6.17889,566.961,1
eg_all_s,6.17895,566.193,1
eg_all_s,6.17898,565.626,1
eg_all_s,6.17904,564.859,1
eg_all_s,6.17907,564.294,1
eg_all_s,6.17913,563.528,1
eg_all_s,6.17916,562.964,1
eg_all_s,6.17922,562.2,1
eg_all_s,6.17925,561.637,1
eg_all_s,6.17931,560.874,1
eg_all_s,6.17934,560.312,1
eg_all_s,6.1794,559.551,1
eg_all_s,6.17943,558.99,1
eg_all_s,6.1795,558.23,1
eg_all_s,6.17953,557.671,1
eg_all_s,6.17959,556.912,1
eg_all_s,6.17962,556.354,1
eg_all_s,6.17968,555.597,1
eg_all_s,6.17971,555.04,1
eg_all_s,6.17977,554.284,1
eg_all_s,6.1798,553.729,1
eg_all_s,6.17986,552.974,1
eg_all_s,6.17989,552.42,1
eg_all_s,6.17995,551.667,1
eg_all_s,6.17998,551.114,1
eg_all_s,6.18004,550.362,1
eg_all_s,6.18007,549.811,1
eg_all_s,6.18013,549.06,1
eg_all_s,6.18016,548.51,1
eg_all_s,6.18022,547.76,1
eg_all_s,6.18025,547.212,1
eg_all_s,6.18031,546.464,1
eg_all_s,6.18034,545.916,1
eg_all_s,6.1804,545.169,1
eg_all_s,6.18043,544.623,1
eg_all_s,6.1805,543.877,1
eg_all_s,6.18053,543.332,1
eg_all_s,6.18059,542.588,1
eg_all_s,6.18062,542.045,1
eg_all_s,6.18068,541.301,1
eg_all_s,6.18071,540.759,1
eg_all_s,6.18077,540.017,1
eg_all_s,6.1808,539.476,1
eg_all_s,6.18086,538.736,1
eg_all_s,6.18089,538.196,1
eg_all_s,6.18095,537.457,1
eg_all_s,6.18098,536.919,1
eg_all_s,6.18104,536.181,1
eg_all_s,6.18108,535.643,1
eg_all_s,6.18114,534.907,1
eg_all_s,6.18117,534.371,1
eg_all_s,6.18123,533.636,1
eg_all_s,6.18126,533.101,1
eg_all_s,6.18131,532.367,1
eg_all_s,6.18135,531.833,1
eg_all_s,6.18141,531.101,1
eg_all_s,6.18144,530.568,1
eg_all_s,6.18151,529.837,1
eg_all_s,6.18155,529.306,1
eg_all_s,6.18161,528.576,1
eg_all_s,6.18164,528.046,1
eg_all_s,6.1817,527.317,1
eg_all_s,6.18173,526.789,1
eg_all_s,6.18179,526.061,1
eg_all_s,6.18182,525.534,1
eg_all_s,6.18188,524.807,1
eg_all_s,6.18191,524.282,1
eg_all_s,6.18197,523.556,1
eg_all_s,6.182,523.032,1
eg_all_s,6.18206,522.308,1
eg_all_s,6.18209,521.784,1
eg_all_s,6.18215,521.062,1
eg_all_s,6.18218,520.54,1
eg_all_s,6.18224,519.818,1
eg_all_s,6.18227,519.297,1
eg_all_s,6.18233,518.577,1
eg_all_s,6.18236,518.057,1
eg_all_s,6.18242,517.338,1
eg_all_s,6.18246,516.82,1
eg_all_s,6.18252,516.102,1
eg_all_s,6.18255,515.585,1
eg_all_s,6.18261,514.868,1
eg_all_s,6.18264,514.353,1
eg_all_s,6.1827,513.637,1
eg_all_s,6.18273,513.123,1
eg_all_s,6.18279,512.409,1
eg_all_s,6.18282,511.895,1
eg_all_s,6.18288,511.182,1
eg_all_s,6.18291,510.67,1
eg_all_s,6.18297,509.958,1
eg_all_s,6.183,509.447,1
eg_all_s,6.18306,508.737,1
eg_all_s,6.18309,508.227,1
eg_all_s,6.18315,507.518,1
eg_all_s,6.18318,507.009,1
eg_all_s,6.18324,506.301,1
eg_all_s,6.18327,505.794,1
eg_all_s,6.18333,505.087,1
eg_all_s,6.18336,504.581,1
eg_all_s,6.18342,503.876,1
eg_all_s,6.18346,503.371,1
eg_all_s,6.18352,502.666,1
eg_all_s,6.18355,502.163,1
eg_all_s,6.18361,501.46,1
eg_all_s,6.18364,500.957,1
eg_all_s,6.1837,500.255,1
eg_all_s,6.18373,499.754,1
eg_all_s,6.18379,499.053,1
eg_all_s,6.18382,498.553,1
eg_all_s,6.18388,497.854,1
eg_all_s,6.18391,497.355,1
eg_all_s,6.18397,496.656,1
eg_all_s,6.184,496.159,1
eg_all_s,6.18406,495.462,1
eg_all_s,6.18409,494.965,1
eg_all_s,6.18415,494.269,1
eg_all_s,6.18418,493.774,1
eg_all_s,6.18424,493.079,1
eg_all_s,6.18427,492.585,1
eg_all_s,6.18433,491.891,1
eg_all_s,6.18436,491.399,1
eg_all_s,6.18442,490.706,1
eg_all_s,6.18446,490.214,1
eg_all_s,6.18452,489.523,1
eg_all_s,6.18455,489.033,1
eg_all_s,6.18461,488.343,1
eg_all_s,6.18464,487.853,1
eg_all_s,6.1847,487.164,1
eg_all_s,6.18473,486.676,1
eg_all_s,6.18479,485.989,1
eg_all_s,6.18482,485.502,1
eg_all_s,6.18488,484.815,1
eg_all_s,6.18491,484.329,1
eg_all_s,6.18497,483.644,1
eg_all_s,6.185,483.159,1
eg_all_s,6.18506,482.475,1
eg_all_s,6.1851,481.992,1
eg_all_s,6.18516,481.309,1
eg_all_s,6.18519,480.826,1
eg_all_s,6.18525,480.145,1
eg_all_s,6.18528,479.663,1
eg_all_s,6.18534,478.983,1
eg_all_s,6.18537,478.503,1
eg_all_s,6.18543,477.823,1
eg_all_s,6.18547,477.344,1
eg_all_s,6.18553,476.666,1
eg_all_s,6.18556,476.188,1
eg_all_s,6.18562,475.511,1
eg_all_s,6.18565,475.035,1
eg_all_s,6.18571,474.359,1
eg_all_s,6.18574,473.883,1
eg_all_s,6.1858,473.208,1
eg_all_s,6.18583,472.734,1
eg_all_s,6.18589,472.061,1
eg_all_s,6.18592,471.587,1
eg_all_s,6.18598,470.915,1
eg_all_s,6.18601,470.443,1
eg_all_s,6.18607,469.772,1
eg_all_s,6.1861,469.301,1
eg_all_s,6.18616,468.63,1
eg_all_s,6.18619,468.161,1
eg_all_s,6.18625,467.492,1
eg_all_s,6.18628,467.023,1
eg_all_s,6.18634,466.355,1
eg_all_s,6.18637,465.888,1
eg_all_s,6.18643,465.221,1
eg_all_s,6.18647,464.755,1
eg_all_s,6.18653,464.089,1
eg_all_s,6.18656,463.624,1
eg_all_s,6.18662,462.959,1
eg_all_s,6.18665,462.495,1
eg_all_s,6.18671,461.832,1
eg_all_s,6.18674,461.369,1
eg_all_s,6.1868,460.707,1
eg_all_s,6.18683,460.245,1
eg_all_s,6.18689,459.584,1
eg_all_s,6.18692,459.123,1
eg_all_s,6.18698,458.463,1
eg_all_s,6.18701,458.003,1
eg_all_s,6.18707,457.344,1
eg_all_s,6.1871,456.886,1
eg_all_s,6.18716,456.228,1
eg_all_s,6.18719,455.771,1
eg_all_s,6.18725,455.114,1
eg_all_s,6.18728,454.658,1
eg_all_s,6.18734,454.002,1
eg_all_s,6.18737,453.547,1
eg_all_s,6.18743,452.893,1
eg_all_s,6.18747,452.439,1
eg_all_s,6.18753,451.786,1
eg_all_s,6.18756,451.333,1
eg_all_s,6.18762,450.68,1
eg_all_s,6.18765,450.229,1
eg_all_s,6.18771,449.578,1
eg_all_s,6.18774,449.127,1
eg_all_s,6.1878,448.477,1
eg_all_s,6.18783,448.027,1
eg_all_s,6.18789,447.378,1
eg_all_s,6.18792,446.93,1
eg_all_s,6.18798,446.282,1
eg_all_s,6.18801,445.835,1
eg_all_s,6.18807,445.188,1
eg_all_s,6.1881,444.742,1
eg_all_s,6.18816,444.096,1
eg_all_s,6.18819,443.651,1
eg_all_s,6.18825,443.006,1
eg_all_s,6.18828,442.562,1
eg_all_s,6.18834,441.919,1
eg_all_s,6.18837,441.476,1
eg_all_s,6.18843,440.833,1
eg_all_s,6.18847,440.391,1
eg_all_s,6.18853,439.75,1
eg_all_s,6.18856,439.309,1
eg_all_s,6.18862,438.669,1
eg_all_s,6.18865,438.229,1
eg_all_s,6.18871,437.59,1
eg_all_s,6.18874,437.151,1
eg_all_s,6.1888,436.513,1
eg_all_s,6.18883,436.076,1
eg_all_s,6.18889,435.439,1
eg_all_s,6.18892,435.002,1
eg_all_s,6.18898,434.366,1
eg_all_s,6.18901,433.931,1
eg_all_s,6.18907,433.296,1
eg_all_s,6.1891,432.862,1
eg_all_s,6.18916,432.228,1
eg_all_s,6.18919,431.795,1
eg_all_s,6.18925,431.162,1
eg_all_s,6.18928,430.73,1
eg_all_s,6.18934,430.098,1
eg_all_s,6.18937,429.667,1
eg_all_s,6.18943,429.036,1
eg_all_s,6.18947,428.606,1
eg_all_s,6.18953,427.977,1
eg_all_s,6.18956,427.548,1
eg_all_s,6.18962,426.919,1
eg_all_s,6.18965,426.491,1
eg_all_s,6.18971,425.864,1
eg_all_s,6.18974,425.437,1
eg_all_s,6.1898,424.81,1
eg_all_s,6.18983,424.384,1
eg_all_s,6.18989,423.759,1
eg_all_s,6.18992,423.334,1
eg_all_s,6.18998,422.71,1
eg_all_s,6.19001,422.286,1
eg_all_s,6.19007,421.663,1
eg_all_s,6.1901,421.24,1
eg_all_s,6.19016,420.618,1
eg_all_s,6.1902,420.196,1
eg_all_s,6.19025,419.575,1
eg_all_s,6.19029,419.155,1
eg_all_s,6.19034,418.535,1
eg_all_s,6.19037,418.115,1
eg_all_s,6.19043,417.496,1
eg_all_s,6.19047,417.077,1
eg_all_s,6.19054,416.459,1
eg_all_s,6.19057,416.042,1
eg_all_s,6.19063,415.425,1
eg_all_s,6.19066,415.008,1
eg_all_s,6.19072,414.392,1
eg_all_s,6.19075,413.977,1
eg_all_s,6.19081,413.362,1
eg_all_s,6.19084,412.948,1
eg_all_s,6.1909,412.334,1
eg_all_s,6.19093,411.92,1
eg_all_s,6.19099,411.307,1
eg_all_s,6.19102,410.895,1
eg_all_s,6.19108,410.283,1
eg_all_s,6.19111,409.872,1
eg_all_s,6.19117,409.261,1
eg_all_s,6.1912,408.851,1
eg_all_s,6.19126,408.241,1
eg_all_s,6.19129,407.832,1
eg_all_s,6.19135,407.223,1
eg_all_s,6.19138,406.815,1
eg_all_s,6.19145,406.207,1
eg_all_s,6.19148,405.8,1
eg_all_s,6.19154,405.193,1
eg_all_s,6.19157,404.787,1
eg_all_s,6.19163,404.181,1
eg_all_s,6.19166,403.776,1
eg_all_s,6.19172,403.171,1
eg_all_s,6.19175,402.767,1
eg_all_s,6.19181,402.163,1
eg_all_s,6.19184,401.76,1
eg_all_s,6.1919,401.157,1
eg_all_s,6.19193,400.755,1
eg_all_s,6.19199,400.153,1
eg_all_s,6.19202,399.752,1
eg_all_s,6.19208,399.151,1
eg_all_s,6.19211,398.751,1
eg_all_s,6.19217,398.151,1
eg_all_s,6.1922,397.752,1
eg_all_s,6.19226,397.153,1
eg_all_s,6.19229,396.755,1
eg_all_s,6.19235,396.158,1
eg_all_s,6.19238,395.76,1
eg_all_s,6.19245,395.164,1
eg_all_s,6.19248,394.767,1
eg_all_s,6.19254,394.172,1
eg_all_s,6.19257,393.777,1
eg_all_s,6.19263,393.182,1
eg_all_s,6.19266,392.788,1
eg_all_s,6.19272,392.194,1
eg_all_s,6.19276,391.801,1
eg_all_s,6.19281,391.208,1
eg_all_s,6.19285,390.816,1
eg_all_s,6.1929,390.224,1
eg_all_s,6.19294,389.833,1
eg_all_s,6.19299,389.242,1
eg_all_s,6.19302,388.851,1
eg_all_s,6.19308,388.262,1
eg_all_s,6.19312,387.872,1
eg_all_s,6.19317,387.283,1
eg_all_s,6.19321,386.895,1
eg_all_s,6.19327,386.307,1
eg_all_s,6.1933,385.92,1
eg_all_s,6.19336,385.333,1
eg_all_s,6.19339,384.947,1
eg_all_s,6.19345,384.361,1
eg_all_s,6.19349,383.975,1
eg_all_s,6.19355,383.39,1
eg_all_s,6.19358,383.006,1
eg_all_s,6.19364,382.422,1
eg_all_s,6.19367,382.039,1
eg_all_s,6.19373,381.456,1
eg_all_s,6.19376,381.073,1
eg_all_s,6.19382,380.491,1
eg_all_s,6.19385,380.11,1
eg_all_s,6.19391,379.528,1
eg_all_s,6.19394,379.148,1
eg_all_s,6.194,378.568,1
eg_all_s,6.19403,378.188,1
eg_all_s,6.19409,377.609,1
eg_all_s,6.19412,377.23,1
eg_all_s,6.19418,376.652,1
eg_all_s,6.19421,376.275,1
eg_all_s,6.19427,375.697,1
eg_all_s,6.1943,375.321,1
eg_all_s,6.19436,374.744,1
eg_all_s,6.19439,374.369,1
eg_all_s,6.19446,373.793,1
eg_all_s,6.19449,373.418,1
eg_all_s,6.19455,372.844,1
eg_all_s,6.19458,372.47,1
eg_all_s,6.19464,371.897,1
eg_all_s,6.19467,371.524,1
eg_all_s,6.19472,370.951,1
eg_all_s,6.19476,370.579,1
eg_all_s,6.19481,370.008,1
eg_all_s,6.19485,369.637,1
eg_all_s,6.1949,369.066,1
eg_all_s,6.19493,368.696,1
eg_all_s,6.19499,368.126,1
eg_all_s,6.19502,367.757,1
eg_all_s,6.19508,367.188,1
eg_all_s,6.19512,366.82,1
eg_all_s,6.19518,366.252,1
eg_all_s,6.19521,365.885,1
eg_all_s,6.19527,365.318,1
eg_all_s,6.1953,364.952,1
eg_all_s,6.19536,364.386,1
eg_all_s,6.19539,364.021,1
eg_all_s,6.19545,363.456,1
eg_all_s,6.19549,363.091,1
eg_all_s,6.19555,362.527,1
eg_all_s,6.19558,362.163,1
eg_all_s,6.19563,361.6,1
eg_all_s,6.19567,361.238,1
eg_all_s,6.19572,360.675,1
eg_all_s,6.19576,360.314,1
eg_all_s,6.19581,359.752,1
eg_all_s,6.19585,359.392,1
eg_all_s,6.1959,358.831,1
eg_all_s,6.19594,358.472,1
eg_all_s,6.196,357.912,1
eg_all_s,6.19603,357.553,1
eg_all_s,6.19608,356.995,1
eg_all_s,6.19612,356.637,1
eg_all_s,6.19617,356.079,1
eg_all_s,6.1962,355.722,1
eg_all_s,6.19626,355.165,1
eg_all_s,6.19629,354.809,1
eg_all_s,6.19635,354.253,1
eg_all_s,6.19638,353.898,1
eg_all_s,6.19645,353.343,1
eg_all_s,6.19648,352.989,1
eg_all_s,6.19654,352.435,1
eg_all_s,6.19657,352.081,1
eg_all_s,6.19663,351.528,1
eg_all_s,6.19666,351.176,1
eg_all_s,6.19672,350.623,1
eg_all_s,6.19675,350.272,1
eg_all_s,6.19681,349.721,1
eg_all_s,6.19684,349.37,1
eg_all_s,6.1969,348.819,1
eg_all_s,6.19693,348.47,1
eg_all_s,6.19699,347.92,1
eg_all_s,6.19702,347.571,1
eg_all_s,6.19708,347.023,1
eg_all_s,6.19711,346.675,1
eg_all_s,6.19717,346.127,1
eg_all_s,6.1972,345.78,1
eg_all_s,6.19726,345.233,1
eg_all_s,6.19729,344.887,1
eg_all_s,6.19735,344.341,1
eg_all_s,6.19738,343.996,1
eg_all_s,6.19745,343.451,1
eg_all_s,6.19748,343.106,1
eg_all_s,6.19754,342.562,1
eg_all_s,6.19757,342.219,1
eg_all_s,6.19763,341.675,1
eg_all_s,6.19766,341.333,1
eg_all_s,6.19772,340.79,1
eg_all_s,6.19775,340.449,1
eg_all_s,6.19781,339.907,1
eg_all_s,6.19784,339.566,1
eg_all_s,6.1979,339.026,1
eg_all_s,6.19793,338.686,1
eg_all_s,6.19799,338.146,1
eg_all_s,6.19802,337.807,1
eg_all_s,6.19808,337.268,1
eg_all_s,6.19811,336.93,1
eg_all_s,6.19817,336.392,1
eg_all_s,6.1982,336.054,1
eg_all_s,6.19826,335.517,1
eg_all_s,6.19829,335.181,1
eg_all_s,6.19835,334.645,1
eg_all_s,6.19838,334.309,1
eg_all_s,6.19845,333.774,1
eg_all_s,6.19848,333.439,1
eg_all_s,6.19854,332.904,1
eg_all_s,6.19857,332.571,1
eg_all_s,6.19863,332.037,1
eg_all_s,6.19866,331.704,1
eg_all_s,6.19872,331.171,1
eg_all_s,6.19875,330.839,1
eg_all_s,6.19881,330.307,1
eg_all_s,6.19884,329.976,1
eg_all_s,6.1989,329.445,1
eg_all_s,6.19893,329.114,1
eg_all_s,6.19899,328.584,1
eg_all_s,6.19902,328.255,1
eg_all_s,6.19908,327.726,1
eg_all_s,6.19911,327.397,1
eg_all_s,6.19917,326.868,1
eg_all_s,6.1992,326.541,1
eg_all_s,6.19926,326.013,1
eg_all_s,6.19929,325.686,1
eg_all_s,6.19935,325.159,1
eg_all_s,6.19938,324.833,1
eg_all_s,6.19945,324.307,1
eg_all_s,6.19948,323.982,1
eg_all_s,6.19954,323.457,1
eg_all_s,6.19957,323.133,1
eg_all_s,6.19963,322.608,1
eg_all_s,6.19966,322.285,1
eg_all_s,6.19972,321.762,1
eg_all_s,6.19975,321.439,1
eg_all_s,6.19981,320.916,1
eg_all_s,6.19984,320.594,1
eg_all_s,6.1999,320.073,1
eg_all_s,6.19993,319.752,1
eg_all_s,6.19999,319.231,1
eg_all_s,6.20002,318.911,1
eg_all_s,6.20008,318.391,1
eg_all_s,6.20011,318.071,1
eg_all_s,6.20017,317.552,1
eg_all_s,6.2002,317.234,1
eg_all_s,6.20026,316.716,1
eg_all_s,6.20029,316.398,1
eg_all_s,6.20035,315.88,1
eg_all_s,6.20038,315.564,1
eg_all_s,6.20045,315.047,1
eg_all_s,6.20048,314.731,1
eg_all_s,6.20054,314.215,1
eg_all_s,6.20057,313.9,1
eg_all_s,6.20063,313.385,1
eg_all_s,6.20066,313.071,1
eg_all_s,6.20072,312.557,1
eg_all_s,6.20075,312.243,1
eg_all_s,6.20081,311.73,1
eg_all_s,6.20084,311.417,1
eg_all_s,6.2009,310.905,1
eg_all_s,6.20093,310.593,1
eg_all_s,6.20099,310.081,1
eg_all_s,6.20102,309.77,1
eg_all_s,6.20108,309.259,1
eg_all_s,6.20111,308.949,1
eg_all_s,6.20117,308.439,1
eg_all_s,6.2012,308.13,1
eg_all_s,6.20126,307.621,1
eg_all_s,6.20129,307.312,1
eg_all_s,6.20135,306.804,1
eg_all_s,6.20138,306.496,1
eg_all_s,6.20145,305.988,1
eg_all_s,6.20148,305.681,1
eg_all_s,6.20154,305.175,1
eg_all_s,6.20157,304.869,1
eg_all_s,6.20163,304.363,1
eg_all_s,6.20166,304.057,1
eg_all_s,6.20172,303.552,1
eg_all_s,6.20175,303.248,1
eg_all_s,6.20181,302.743,1
eg_all_s,6.20184,302.44,1
eg_all_s,6.2019,301.936,1
eg_all_s,6.20193,301.633,1
eg_all_s,6.20199,301.131,1
eg_all_s,6.20202,300.829,1
eg_all_s,6.20208,300.327,1
eg_all_s,6.20211,300.025,1
eg_all_s,6.20217,299.524,1
eg_all_s,6.2022,299.224,1
eg_all_s,6.20226,298.724,1
eg_all_s,6.20229,298.424,1
eg_all_s,6.20235,297.924,1
eg_all_s,6.20238,297.626,1
eg_all_s,6.20245,297.127,1
eg_all_s,6.20249,296.829,1
eg_all_s,6.20254,296.331,1
eg_all_s,6.20257,296.034,1
eg_all_s,6.20263,295.537,1
eg_all_s,6.20266,295.24,1
eg_all_s,6.20272,294.744,1
eg_all_s,6.20276,294.448,1
eg_all_s,6.20281,293.953,1
eg_all_s,6.20285,293.658,1
eg_all_s,6.2029,293.163,1
eg_all_s,6.20294,292.869,1
eg_all_s,6.20299,292.375,1
eg_all_s,6.20302,292.082,1
eg_all_s,6.20308,291.589,1
eg_all_s,6.20311,291.296,1
eg_all_s,6.20317,290.804,1
eg_all_s,6.2032,290.512,1
eg_all_s,6.20326,290.02,1
eg_all_s,6.20329,289.729,1
eg_all_s,6.20335,289.239,1
eg_all_s,6.20338,288.948,1
eg_all_s,6.20345,288.458,1
eg_all_s,6.20348,288.169,1
eg_all_s,6.20354,287.68,1
eg_all_s,6.20357,287.391,1
eg_all_s,6.20363,286.903,1
eg_all_s,6.20366,286.615,1
eg_all_s,6.20372,286.127,1
eg_all_s,6.20375,285.84,1
eg_all_s,6.20381,285.353,1
eg_all_s,6.20384,285.067,1
eg_all_s,6.2039,284.581,1
eg_all_s,6.20393,284.295,1
eg_all_s,6.20399,283.81,1
eg_all_s,6.20402,283.525,1
eg_all_s,6.20408,283.041,1
eg_all_s,6.20411,282.757,1
eg_all_s,6.20417,282.273,1
eg_all_s,6.2042,281.99,1
eg_all_s,6.20426,281.507,1
eg_all_s,6.20429,281.224,1
eg_all_s,6.20435,280.742,1
eg_all_s,6.20439,280.46,1
eg_all_s,6.20445,279.979,1
eg_all_s,6.20449,279.698,1
eg_all_s,6.20455,279.217,1
eg_all_s,6.20458,278.937,1
eg_all_s,6.20464,278.457,1
eg_all_s,6.20467,278.177,1
eg_all_s,6.20473,277.698,1
eg_all_s,6.20476,277.419,1
eg_all_s,6.20481,276.941,1
eg_all_s,6.20485,276.663,1
eg_all_s,6.2049,276.185,1
eg_all_s,6.20493,275.908,1
eg_all_s,6.20499,275.431,1
eg_all_s,6.20502,275.155,1
eg_all_s,6.20508,274.679,1
eg_all_s,6.20511,274.403,1
eg_all_s,6.20517,273.928,1
eg_all_s,6.2052,273.653,1
eg_all_s,6.20526,273.178,1
eg_all_s,6.20529,272.904,1
eg_all_s,6.20535,272.43,1
eg_all_s,6.20539,272.157,1
eg_all_s,6.20545,271.683,1
eg_all_s,6.20549,271.411,1
eg_all_s,6.20554,270.938,1
eg_all_s,6.20558,270.666,1
eg_all_s,6.20564,270.195,1
eg_all_s,6.20567,269.924,1
eg_all_s,6.20573,269.453,1
eg_all_s,6.20576,269.182,1
eg_all_s,6.20582,268.712,1
eg_all_s,6.20585,268.442,1
eg_all_s,6.20591,267.973,1
eg_all_s,6.20594,267.704,1
eg_all_s,6.206,267.235,1
eg_all_s,6.20603,266.967,1
eg_all_s,6.20609,266.499,1
eg_all_s,6.20612,266.231,1
eg_all_s,6.20618,265.764,1
eg_all_s,6.20621,265.497,1
eg_all_s,6.20627,265.031,1
eg_all_s,6.2063,264.765,1
eg_all_s,6.20636,264.299,1
eg_all_s,6.20639,264.034,1
eg_all_s,6.20646,263.569,1
eg_all_s,6.20649,263.304,1
eg_all_s,6.20655,262.84,1
eg_all_s,6.20658,262.576,1
eg_all_s,6.20664,262.113,1
eg_all_s,6.20667,261.849,1
eg_all_s,6.20673,261.387,1
eg_all_s,6.20676,261.124,1
eg_all_s,6.20682,260.662,1
eg_all_s,6.20685,260.4,1
eg_all_s,6.20691,259.939,1
eg_all_s,6.20694,259.678,1
eg_all_s,6.207,259.217,1
eg_all_s,6.20703,258.957,1
eg_all_s,6.20709,258.497,1
eg_all_s,6.20712,258.238,1
eg_all_s,6.20718,257.778,1
eg_all_s,6.20721,257.52,1
eg_all_s,6.20727,257.061,1
eg_all_s,6.2073,256.803,1
eg_all_s,6.20736,256.345,1
eg_all_s,6.20739,256.088,1
eg_all_s,6.20746,255.631,1
eg_all_s,6.20749,255.374,1
eg_all_s,6.20755,254.918,1
eg_all_s,6.20758,254.662,1
eg_all_s,6.20764,254.206,1
eg_all_s,6.20767,253.951,1
eg_all_s,6.20773,253.496,1
eg_all_s,6.20776,253.242,1
eg_all_s,6.20782,252.787,1
eg_all_s,6.20785,252.534,1
eg_all_s,6.20791,252.08,1
eg_all_s,6.20794,251.827,1
eg_all_s,6.208,251.374,1
eg_all_s,6.20803,251.122,1
eg_all_s,6.20809,250.67,1
eg_all_s,6.20812,250.418,1
eg_all_s,6.20818,249.967,1
eg_all_s,6.20821,249.716,1
eg_all_s,6.20827,249.265,1
eg_all_s,6.2083,249.015,1
eg_all_s,6.20836,248.565,1
eg_all_s,6.20839,248.315,1
eg_all_s,6.20846,247.866,1
eg_all_s,6.20849,247.617,1
eg_all_s,6.20855,247.168,1
eg_all_s,6.20858,246.92,1
eg_all_s,6.20864,246.472,1
eg_all_s,6.20867,246.225,1
eg_all_s,6.20873,245.777,1
eg_all_s,6.20876,245.531,1
eg_all_s,6.20882,245.084,1
eg_all_s,6.20885,244.838,1
eg_all_s,6.20891,244.392,1
eg_all_s,6.20894,244.147,1
eg_all_s,6.209,243.702,1
eg_all_s,6.20903,243.457,1
eg_all_s,6.20909,243.013,1
eg_all_s,6.20912,242.769,1
eg_all_s,6.20918,242.325,1
eg_all_s,6.20921,242.081,1
eg_all_s,6.20927,241.638,1
eg_all_s,6.2093,241.396,1
eg_all_s,6.20936,240.953,1
eg_all_s,6.20939,240.711,1
eg_all_s,6.20946,240.27,1
eg_all_s,6.20949,240.028,1
eg_all_s,6.20955,239.587,1
eg_all_s,6.20958,239.347,1
eg_all_s,6.20964,238.906,1
eg_all_s,6.20967,238.667,1
eg_all_s,6.20973,238.227,1
eg_all_s,6.20976,237.988,1
eg_all_s,6.20982,237.549,1
eg_all_s,6.20985,237.31,1
eg_all_s,6.20991,236.872,1
eg_all_s,6.20994,236.634,1
eg_all_s,6.21,236.196,1
eg_all_s,6.21003,235.959,1
eg_all_s,6.21009,235.522,1
eg_all_s,6.21012,235.286,1
eg_all_s,6.21018,234.849,1
eg_all_s,6.21021,234.613,1
eg_all_s,6.21027,234.178,1
eg_all_s,6.2103,233.943,1
eg_all_s,6.21036,233.508,1
eg_all_s,6.2104,233.273,1
eg_all_s,6.21046,232.839,1
eg_all_s,6.21049,232.605,1
eg_all_s,6.21055,232.171,1
eg_all_s,6.21058,231.938,1
eg_all_s,6.21064,231.505,1
eg_all_s,6.21067,231.273,1
eg_all_s,6.21073,230.841,1
eg_all_s,6.21076,230.609,1
eg_all_s,6.21082,230.177,1
eg_all_s,6.21085,229.946,1
eg_all_s,6.21091,229.515,1
eg_all_s,6.21094,229.285,1
eg_all_s,6.211,228.854,1
eg_all_s,6.21104,228.624,1
eg_all_s,6.21109,228.195,1
eg_all_s,6.21113,227.966,1
eg_all_s,6.21118,227.537,1
eg_all_s,6.21122,227.308,1
eg_all_s,6.21127,226.88,1
eg_all_s,6.21131,226.652,1
eg_all_s,6.21136,226.224,1
eg_all_s,6.2114,225.997,1
eg_all_s,6.21146,225.57,1
eg_all_s,6.2115,225.343,1
eg_all_s,6.21156,224.917,1
eg_all_s,6.21159,224.691,1
eg_all_s,6.21165,224.265,1
eg_all_s,6.21168,224.04,1
eg_all_s,6.21174,223.615,1
eg_all_s,6.21177,223.391,1
eg_all_s,6.21183,222.966,1
eg_all_s,6.21186,222.742,1
eg_all_s,6.21192,222.318,1
eg_all_s,6.21195,222.095,1
eg_all_s,6.21201,221.672,1
eg_all_s,6.21204,221.449,1
eg_all_s,6.2121,221.027,1
eg_all_s,6.21213,220.805,1
eg_all_s,6.21219,220.383,1
eg_all_s,6.21222,220.162,1
eg_all_s,6.21228,219.741,1
eg_all_s,6.21231,219.52,1
eg_all_s,6.21237,219.099,1
eg_all_s,6.2124,218.879,1
eg_all_s,6.21246,218.459,1
eg_all_s,6.2125,218.24,1
eg_all_s,6.21255,217.821,1
eg_all_s,6.21259,217.602,1
eg_all_s,6.21264,217.183,1
eg_all_s,6.21268,216.965,1
eg_all_s,6.21274,216.547,1
eg_all_s,6.21277,216.329,1
eg_all_s,6.21283,215.912,1
eg_all_s,6.21286,215.695,1
eg_all_s,6.21292,215.279,1
eg_all_s,6.21295,215.062,1
eg_all_s,6.21301,214.646,1
eg_all_s,6.21304,214.431,1
eg_all_s,6.2131,214.015,1
eg_all_s,6.21313,213.8,1
eg_all_s,6.21319,213.385,1
eg_all_s,6.21322,213.171,1
eg_all_s,6.21328,212.757,1
eg_all_s,6.21331,212.543,1
eg_all_s,6.21337,212.129,1
eg_all_s,6.2134,211.916,1
eg_all_s,6.21347,211.503,1
eg_all_s,6.2135,211.291,1
eg_all_s,6.21356,210.879,1
eg_all_s,6.21359,210.667,1
eg_all_s,6.21365,210.255,1
eg_all_s,6.21368,210.044,1
eg_all_s,6.21374,209.633,1
eg_all_s,6.21377,209.422,1
eg_all_s,6.21383,209.012,1
eg_all_s,6.21386,208.802,1
eg_all_s,6.21392,208.392,1
eg_all_s,6.21395,208.183,1
eg_all_s,6.21401,207.773,1
eg_all_s,6.21404,207.565,1
eg_all_s,6.2141,207.156,1
eg_all_s,6.21413,206.948,1
eg_all_s,6.21419,206.54,1
eg_all_s,6.21422,206.332,1
eg_all_s,6.21428,205.925,1
eg_all_s,6.21431,205.718,1
eg_all_s,6.21437,205.311,1
eg_all_s,6.2144,205.105,1
eg_all_s,6.21447,204.699,1
eg_all_s,6.2145,204.493,1
eg_all_s,6.21456,204.088,1
eg_all_s,6.21459,203.883,1
eg_all_s,6.21465,203.478,1
eg_all_s,6.21468,203.273,1
eg_all_s,6.21474,202.869,1
eg_all_s,6.21477,202.665,1
eg_all_s,6.21483,202.262,1
eg_all_s,6.21487,202.058,1
eg_all_s,6.21492,201.655,1
eg_all_s,6.21496,201.453,1
eg_all_s,6.21501,201.05,1
eg_all_s,6.21505,200.848,1
eg_all_s,6.21511,200.446,1
eg_all_s,6.21514,200.245,1
eg_all_s,6.2152,199.843,1
eg_all_s,6.21523,199.643,1
eg_all_s,6.21529,199.242,1
eg_all_s,6.21532,199.042,1
eg_all_s,6.21538,198.642,1
eg_all_s,6.21541,198.442,1
eg_all_s,6.21548,198.043,1
eg_all_s,6.21551,197.844,1
eg_all_s,6.21557,197.445,1
eg_all_s,6.2156,197.246,1
eg_all_s,6.21566,196.848,1
eg_all_s,6.21569,196.65,1
eg_all_s,6.21575,196.253,1
eg_all_s,6.21578,196.055,1
eg_all_s,6.21584,195.658,1
eg_all_s,6.21587,195.462,1
eg_all_s,6.21593,195.065,1
eg_all_s,6.21596,194.869,1
eg_all_s,6.21602,194.473,1
eg_all_s,6.21605,194.278,1
eg_all_s,6.21611,193.882,1
eg_all_s,6.21614,193.688,1
eg_all_s,6.2162,193.293,1
eg_all_s,6.21623,193.099,1
eg_all_s,6.21629,192.704,1
eg_all_s,6.21632,192.511,1
eg_all_s,6.21638,192.117,1
eg_all_s,6.21641,191.924,1
eg_all_s,6.21648,191.531,1
eg_all_s,6.21651,191.339,1
eg_all_s,6.21657,190.946,1
eg_all_s,6.2166,190.754,1
eg_all_s,6.21666,190.363,1
eg_all_s,6.21669,190.171,1
eg_all_s,6.21675,189.78,1
eg_all_s,6.21678,189.589,1
eg_all_s,6.21684,189.199,1
eg_all_s,6.21687,189.009,1
eg_all_s,6.21693,188.619,1
eg_all_s,6.21696,188.429,1
eg_all_s,6.21702,188.04,1
eg_all_s,6.21705,187.85,1
eg_all_s,6.21711,187.462,1
eg_all_s,6.21714,187.273,1
eg_all_s,6.2172,186.885,1
eg_all_s,6.21723,186.697,1
eg_all_s,6.21729,186.309,1
eg_all_s,6.21732,186.122,1
eg_all_s,6.21738,185.735,1
eg_all_s,6.21741,185.548,1
eg_all_s,6.21748,185.162,1
eg_all_s,6.21751,184.975,1
eg_all_s,6.21757,184.589,1
eg_all_s,6.2176,184.404,1
eg_all_s,6.21766,184.018,1
eg_all_s,6.21769,183.833,1
eg_all_s,6.21775,183.449,1
eg_all_s,6.21778,183.264,1
eg_all_s,6.21784,182.88,1
eg_all_s,6.21787,182.696,1
eg_all_s,6.21793,182.312,1
eg_all_s,6.21796,182.129,1
eg_all_s,6.21802,181.746,1
eg_all_s,6.21805,181.563,1
eg_all_s,6.21811,181.181,1
eg_all_s,6.21814,180.998,1
eg_all_s,6.2182,180.616,1
eg_all_s,6.21823,180.435,1
eg_all_s,6.21829,180.053,1
eg_all_s,6.21832,179.872,1
eg_all_s,6.21838,179.491,1
eg_all_s,6.21841,179.311,1
eg_all_s,6.21848,178.931,1
eg_all_s,6.21851,178.751,1
eg_all_s,6.21857,178.371,1
eg_all_s,6.2186,178.192,1
eg_all_s,6.21866,177.812,1
eg_all_s,6.21869,177.634,1
eg_all_s,6.21875,177.255,1
eg_all_s,6.21878,177.077,1
eg_all_s,6.21884,176.699,1
eg_all_s,6.21887,176.521,1
eg_all_s,6.21893,176.143,1
eg_all_s,6.21896,175.966,1
eg_all_s,6.21902,175.589,1
eg_all_s,6.21905,175.413,1
eg_all_s,6.21911,175.036,1
eg_all_s,6.21914,174.86,1
eg_all_s,6.2192,174.484,1
eg_all_s,6.21923,174.309,1
eg_all_s,6.21929,173.934,1
eg_all_s,6.21932,173.759,1
eg_all_s,6.21938,173.384,1
eg_all_s,6.21941,173.209,1
eg_all_s,6.21948,172.835,1
eg_all_s,6.21951,172.661,1
eg_all_s,6.21957,172.288,1
eg_all_s,6.2196,172.114,1
eg_all_s,6.21966,171.741,1
eg_all_s,6.21969,171.569,1
eg_all_s,6.21975,171.196,1
eg_all_s,6.21978,171.024,1
eg_all_s,6.21984,170.652,1
eg_all_s,6.21987,170.48,1
eg_all_s,6.21993,170.109,1
eg_all_s,6.21996,169.938,1
eg_all_s,6.22002,169.567,1
eg_all_s,6.22005,169.396,1
eg_all_s,6.22011,169.026,1
eg_all_s,6.22015,168.856,1
eg_all_s,6.2202,168.486,1
eg_all_s,6.22024,168.316,1
eg_all_s,6.22029,167.947,1
eg_all_s,6.22033,167.778,1
eg_all_s,6.22039,167.409,1
eg_all_s,6.22042,167.241,1
eg_all_s,6.22048,166.873,1
eg_all_s,6.22052,166.705,1
eg_all_s,6.22058,166.337,1
eg_all_s,6.22061,166.17,1
eg_all_s,6.22067,165.803,1
eg_all_s,6.2207,165.636,1
eg_all_s,6.22076,165.269,1
eg_all_s,6.22079,165.103,1
eg_all_s,6.22085,164.737,1
eg_all_s,6.22088,164.571,1
eg_all_s,6.22094,164.205,1
eg_all_s,6.22097,164.04,1
eg_all_s,6.22103,163.675,1
eg_all_s,6.22106,163.511,1
eg_all_s,6.22112,163.146,1
eg_all_s,6.22115,162.982,1
eg_all_s,6.22121,162.618,1
eg_all_s,6.22124,162.454,1
eg_all_s,6.2213,162.091,1
eg_all_s,6.22133,161.928,1
eg_all_s,6.22139,161.565,1
eg_all_s,6.22142,161.402,1
eg_all_s,6.22149,161.04,1
eg_all_s,6.22152,160.878,1
eg_all_s,6.22158,160.516,1
eg_all_s,6.22161,160.354,1
eg_all_s,6.22167,159.993,1
eg_all_s,6.2217,159.832,1
eg_all_s,6.22176,159.471,1
eg_all_s,6.22179,159.311,1
eg_all_s,6.22185,158.95,1
eg_all_s,6.22188,158.79,1
eg_all_s,6.22194,158.431,1
eg_all_s,6.22197,158.271,1
eg_all_s,6.22203,157.912,1
eg_all_s,6.22206,157.753,1
eg_all_s,6.22212,157.394,1
eg_all_s,6.22215,157.236,1
eg_all_s,6.22221,156.878,1
eg_all_s,6.22224,156.72,1
eg_all_s,6.2223,156.362,1
eg_all_s,6.22233,156.205,1
eg_all_s,6.22239,155.848,1
eg_all_s,6.22242,155.691,1
eg_all_s,6.22249,155.334,1
eg_all_s,6.22252,155.178,1
eg_all_s,6.22258,154.821,1
eg_all_s,6.22261,154.666,1
eg_all_s,6.22267,154.31,1
eg_all_s,6.2227,154.155,1
eg_all_s,6.22276,153.8,1
eg_all_s,6.22279,153.645,1
eg_all_s,6.22285,153.29,1
eg_all_s,6.22288,153.136,1
eg_all_s,6.22294,152.782,1
eg_all_s,6.22297,152.628,1
eg_all_s,6.22303,152.274,1
eg_all_s,6.22306,152.121,1
eg_all_s,6.22312,151.768,1
eg_all_s,6.22315,151.615,1
eg_all_s,6.22321,151.262,1
eg_all_s,6.22324,151.11,1
eg_all_s,6.2233,150.758,1
eg_all_s,6.22333,150.606,1
eg_all_s,6.22339,150.255,1
eg_all_s,6.22342,150.103,1
eg_all_s,6.22349,149.752,1
eg_all_s,6.22352,149.602,1
eg_all_s,6.22358,149.251,1
eg_all_s,6.22361,149.101,1
eg_all_s,6.22367,148.751,1
eg_all_s,6.2237,148.601,1
eg_all_s,6.22376,148.251,1
eg_all_s,6.22379,148.102,1
eg_all_s,6.22385,147.753,1
eg_all_s,6.22388,147.604,1
eg_all_s,6.22394,147.256,1
eg_all_s,6.22397,147.107,1
eg_all_s,6.22403,146.759,1
eg_all_s,6.22406,146.611,1
eg_all_s,6.22412,146.264,1
eg_all_s,6.22415,146.117,1
eg_all_s,6.22421,145.769,1
eg_all_s,6.22424,145.623,1
eg_all_s,6.2243,145.276,1
eg_all_s,6.22433,145.13,1
eg_all_s,6.22439,144.784,1
eg_all_s,6.22442,144.638,1
eg_all_s,6.22449,144.292,1
eg_all_s,6.22452,144.147,1
eg_all_s,6.22458,143.802,1
eg_all_s,6.22461,143.657,1
eg_all_s,6.22467,143.312,1
eg_all_s,6.2247,143.168,1
eg_all_s,6.22476,142.824,1
eg_all_s,6.22479,142.68,1
eg_all_s,6.22485,142.336,1
eg_all_s,6.22488,142.193,1
eg_all_s,6.22494,141.85,1
eg_all_s,6.22497,141.707,1
eg_all_s,6.22503,141.364,1
eg_all_s,6.22506,141.222,1
eg_all_s,6.22512,140.88,1
eg_all_s,6.22515,140.738,1
eg_all_s,6.22521,140.396,1
eg_all_s,6.22524,140.255,1
eg_all_s,6.2253,139.913,1
eg_all_s,6.22533,139.773,1
eg_all_s,6.22539,139.432,1
eg_all_s,6.22543,139.291,1
eg_all_s,6.22549,138.951,1
eg_all_s,6.22553,138.811,1
eg_all_s,6.22559,138.471,1
eg_all_s,6.22562,138.332,1
eg_all_s,6.22568,137.992,1
eg_all_s,6.22571,137.853,1
eg_all_s,6.22577,137.515,1
eg_all_s,6.2258,137.376,1
eg_all_s,6.22586,137.038,1
eg_all_s,6.22589,136.9,1
eg_all_s,6.22595,136.562,1
eg_all_s,6.22598,136.424,1
eg_all_s,6.22604,136.087,1
eg_all_s,6.22607,135.95,1
eg_all_s,6.22613,135.613,1
eg_all_s,6.22616,135.476,1
eg_all_s,6.22622,135.14,1
eg_all_s,6.22625,135.004,1
eg_all_s,6.22631,134.668,1
eg_all_s,6.22634,134.532,1
eg_all_s,6.2264,134.196,1
eg_all_s,6.22643,134.061,1
eg_all_s,6.2265,133.726,1
eg_all_s,6.22653,133.591,1
eg_all_s,6.22659,133.257,1
eg_all_s,6.22662,133.123,1
eg_all_s,6.22668,132.788,1
eg_all_s,6.22671,132.655,1
eg_all_s,6.22677,132.321,1
eg_all_s,6.2268,132.188,1
eg_all_s,6.22686,131.854,1
eg_all_s,6.22689,131.722,1
eg_all_s,6.22695,131.389,1
eg_all_s,6.22698,131.256,1
eg_all_s,6.22704,130.924,1
eg_all_s,6.22707,130.792,1
eg_all_s,6.22713,130.461,1
eg_all_s,6.22716,130.329,1
eg_all_s,6.22722,129.998,1
eg_all_s,6.22725,129.867,1
eg_all_s,6.22731,129.536,1
eg_all_s,6.22734,129.405,1
eg_all_s,6.2274,129.075,1
eg_all_s,6.22743,128.945,1
eg_all_s,6.2275,128.615,1
eg_all_s,6.22753,128.485,1
eg_all_s,6.22759,128.156,1
eg_all_s,6.22762,128.027,1
eg_all_s,6.22768,127.698,1
eg_all_s,6.22772,127.569,1
eg_all_s,6.22778,127.24,1
eg_all_s,6.22781,127.112,1
eg_all_s,6.22787,126.784,1
eg_all_s,6.2279,126.656,1
eg_all_s,6.22796,126.329,1
eg_all_s,6.22799,126.201,1
eg_all_s,6.22805,125.874,1
eg_all_s,6.22808,125.747,1
eg_all_s,6.22814,125.42,1
eg_all_s,6.22817,125.294,1
eg_all_s,6.22823,124.968,1
eg_all_s,6.22826,124.842,1
eg_all_s,6.22831,124.516,1
eg_all_s,6.22835,124.39,1
eg_all_s,6.2284,124.065,1
eg_all_s,6.22843,123.94,1
eg_all_s,6.2285,123.615,1
eg_all_s,6.22853,123.49,1
eg_all_s,6.22859,123.166,1
eg_all_s,6.22862,123.042,1
eg_all_s,6.22868,122.718,1
eg_all_s,6.22871,122.594,1
eg_all_s,6.22877,122.27,1
eg_all_s,6.2288,122.147,1
eg_all_s,6.22886,121.824,1
eg_all_s,6.22889,121.701,1
eg_all_s,6.22895,121.378,1
eg_all_s,6.22898,121.256,1
eg_all_s,6.22904,120.934,1
eg_all_s,6.22907,120.812,1
eg_all_s,6.22913,120.49,1
eg_all_s,6.22916,120.369,1
eg_all_s,6.22922,120.047,1
eg_all_s,6.22925,119.926,1
eg_all_s,6.22931,119.605,1
eg_all_s,6.22934,119.485,1
eg_all_s,6.2294,119.164,1
eg_all_s,6.22943,119.044,1
eg_all_s,6.2295,118.724,1
eg_all_s,6.22953,118.604,1
eg_all_s,6.22959,118.285,1
eg_all_s,6.22962,118.165,1
eg_all_s,6.22968,117.846,1
eg_all_s,6.22971,117.727,1
eg_all_s,6.22977,117.409,1
eg_all_s,6.2298,117.29,1
eg_all_s,6.22986,116.972,1
eg_all_s,6.22989,116.854,1
eg_all_s,6.22995,116.536,1
eg_all_s,6.22998,116.418,1
eg_all_s,6.23004,116.101,1
eg_all_s,6.23007,115.984,1
eg_all_s,6.23013,115.667,1
eg_all_s,6.23016,115.55,1
eg_all_s,6.23022,115.234,1
eg_all_s,6.23025,115.118,1
eg_all_s,6.23031,114.801,1
eg_all_s,6.23034,114.686,1
eg_all_s,6.2304,114.37,1
eg_all_s,6.23043,114.255,1
eg_all_s,6.2305,113.939,1
eg_all_s,6.23053,113.824,1
eg_all_s,6.23059,113.51,1
eg_all_s,6.23062,113.395,1
eg_all_s,6.23068,113.081,1
eg_all_s,6.23071,112.967,1
eg_all_s,6.23077,112.653,1
eg_all_s,6.2308,112.539,1
eg_all_s,6.23086,112.225,1
eg_all_s,6.23089,112.112,1
eg_all_s,6.23095,111.799,1
eg_all_s,6.23098,111.686,1
eg_all_s,6.23104,111.374,1
eg_all_s,6.23107,111.261,1
eg_all_s,6.23113,110.949,1
eg_all_s,6.23116,110.837,1
eg_all_s,6.23122,110.525,1
eg_all_s,6.23125,110.414,1
eg_all_s,6.23131,110.102,1
eg_all_s,6.23134,109.991,1
eg_all_s,6.2314,109.68,1
eg_all_s,6.23143,109.569,1
eg_all_s,6.2315,109.259,1
eg_all_s,6.23153,109.149,1
eg_all_s,6.23159,108.838,1
eg_all_s,6.23162,108.729,1
eg_all_s,6.23168,108.419,1
eg_all_s,6.23171,108.309,1
eg_all_s,6.23177,108,1
eg_all_s,6.2318,107.891,1
eg_all_s,6.23186,107.582,1
eg_all_s,6.23189,107.474,1
eg_all_s,6.23195,107.165,1
eg_all_s,6.23198,107.057,1
eg_all_s,6.23204,106.749,1
eg_all_s,6.23207,106.641,1
eg_all_s,6.23213,106.334,1
eg_all_s,6.23216,106.226,1
eg_all_s,6.23222,105.919,1
eg_all_s,6.23225,105.812,1
eg_all_s,6.23231,105.505,1
eg_all_s,6.23234,105.399,1
eg_all_s,6.2324,105.092,1
eg_all_s,6.23243,104.986,1
eg_all_s,6.2325,104.68,1
eg_all_s,6.23253,104.575,1
eg_all_s,6.23259,104.269,1
eg_all_s,6.23262,104.164,1
eg_all_s,6.23268,103.859,1
eg_all_s,6.23271,103.754,1
eg_all_s,6.23277,103.449,1
eg_all_s,6.2328,103.345,1
eg_all_s,6.23286,103.04,1
eg_all_s,6.23289,102.936,1
eg_all_s,6.23295,102.632,1
eg_all_s,6.23298,102.529,1
eg_all_s,6.23304,102.225,1
eg_all_s,6.23307,102.122,1
eg_all_s,6.23313,101.819,1
eg_all_s,6.23316,101.716,1
eg_all_s,6.23322,101.413,1
eg_all_s,6.23325,101.311,1
eg_all_s,6.23331,101.008,1
eg_all_s,6.23334,100.906,1
eg_all_s,6.2334,100.605,1
eg_all_s,6.23343,100.503,1
eg_all_s,6.2335,100.201,1
eg_all_s,6.23354,100.1,1
eg_all_s,6.23359,99.7992,1
eg_all_s,6.23363,99.6984,1
eg_all_s,6.23369,99.3977,1
eg_all_s,6.23372,99.2973,1
eg_all_s,6.23378,98.997,1
eg_all_s,6.23381,98.897,1
eg_all_s,6.23387,98.597,1
eg_all_s,6.2339,98.4974,1
eg_all_s,6.23396,98.1974,1
eg_all_s,6.23399,98.0982,1
eg_all_s,6.23405,97.7982,1
eg_all_s,6.23408,97.6994,1
eg_all_s,6.23414,97.3994,1
eg_all_s,6.23417,97.301,1
eg_all_s,6.23423,97.001,1
eg_all_s,6.23426,96.903,1
eg_all_s,6.23432,96.603,1
eg_all_s,6.23435,96.5054,1
eg_all_s,6.23441,96.2054,1
eg_all_s,6.23445,96.1082,1
eg_all_s,6.23451,95.8082,1
eg_all_s,6.23454,95.7114,1
eg_all_s,6.2346,95.4114,1
eg_all_s,6.23463,95.3149,1
eg_all_s,6.23469,95.0149,1
eg_all_s,6.23472,94.9189,1
eg_all_s,6.23478,94.6189,1
eg_all_s,6.23481,94.5233,1
eg_all_s,6.23487,94.2233,1
eg_all_s,6.2349,94.1281,1
eg_all_s,6.23496,93.8281,1
eg_all_s,6.23499,93.7333,1
eg_all_s,6.23505,93.4333,1
eg_all_s,6.23508,93.3388,1
eg_all_s,6.23514,93.0388,1
eg_all_s,6.23517,92.9448,1
eg_all_s,6.23523,92.6448,1
eg_all_s,6.23526,92.5511,1
eg_all_s,6.23532,92.2511,1
eg_all_s,6.23535,92.1579,1
eg_all_s,6.23541,91.8579,1
eg_all_s,6.23545,91.765,1
eg_all_s,6.23551,91.465,1
eg_all_s,6.23554,91.3726,1
eg_all_s,6.2356,91.0726,1
eg_all_s,6.23563,90.9805,1
eg_all_s,6.23569,90.6805,1
eg_all_s,6.23572,90.5888,1
eg_all_s,6.23578,90.2888,1
eg_all_s,6.23581,90.1975,1
eg_all_s,6.23587,89.8975,1
eg_all_s,6.2359,89.8066,1
eg_all_s,6.23596,89.5066,1
eg_all_s,6.23599,89.4161,1
eg_all_s,6.23605,89.1161,1
eg_all_s,6.23608,89.026,1
eg_all_s,6.23614,88.726,1
eg_all_s,6.23617,88.6363,1
eg_all_s,6.23623,88.3363,1
eg_all_s,6.23626,88.2469,1
eg_all_s,6.23632,87.9469,1
eg_all_s,6.23635,87.858,1
eg_all_s,6.23641,87.558,1
eg_all_s,6.23645,87.4694,1
eg_all_s,6.23651,87.1694,1
eg_all_s,6.23654,87.0813,1
eg_all_s,6.2366,86.7813,1
eg_all_s,6.23663,86.6935,1
eg_all_s,6.23669,86.3935,1
eg_all_s,6.23672,86.3061,1
eg_all_s,6.23678,86.0061,1
eg_all_s,6.23681,85.9191,1
eg_all_s,6.23687,85.6191,1
eg_all_s,6.2369,85.5325,1
eg_all_s,6.23696,85.2325,1
eg_all_s,6.23699,85.1462,1
eg_all_s,6.23705,84.8462,1
eg_all_s,6.23708,84.7604,1
eg_all_s,6.23714,84.4604,1
eg_all_s,6.23717,84.3749,1
eg_all_s,6.23723,84.0749,1
eg_all_s,6.23726,83.9899,1
eg_all_s,6.23732,83.6899,1
eg_all_s,6.23735,83.6052,1
eg_all_s,6.23741,83.3052,1
eg_all_s,6.23745,83.2209,1
eg_all_s,6.23751,82.9209,1
eg_all_s,6.23754,82.8369,1
eg_all_s,6.2376,82.5369,1
eg_all_s,6.23763,82.4534,1
eg_all_s,6.23769,82.1534,1
eg_all_s,6.23772,82.0703,1
eg_all_s,6.23778,81.7703,1
eg_all_s,6.23781,81.6875,1
eg_all_s,6.23787,81.3875,1
eg_all_s,6.2379,81.3051,1
eg_all_s,6.23796,81.0051,1
eg_all_s,6.23799,80.9231,1
eg_all_s,6.23805,80.6231,1
eg_all_s,6.23808,80.5415,1
eg_all_s,6.23814,80.2415,1
eg_all_s,6.23817,80.1602,1
eg_all_s,6.23823,79.8602,1
eg_all_s,6.23826,79.7794,1
eg_all_s,6.23832,79.4794,1
eg_all_s,6.23835,79.3989,1
eg_all_s,6.23841,79.0989,1
eg_all_s,6.23845,79.0188,1
eg_all_s,6.23851,78.7188,1
eg_all_s,6.23854,78.6391,1
eg_all_s,6.2386,78.3391,1
eg_all_s,6.23863,78.2597,1
eg_all_s,6.23869,77.9597,1
eg_all_s,6.23872,77.8808,1
eg_all_s,6.23878,77.5808,1
eg_all_s,6.23881,77.5022,1
eg_all_s,6.23887,77.2022,1
eg_all_s,6.2389,77.124,1
eg_all_s,6.23896,76.824,1
eg_all_s,6.23899,76.7462,1
eg_all_s,6.23905,76.4462,1
eg_all_s,6.23908,76.3687,1
eg_all_s,6.23914,76.0687,1
eg_all_s,6.23917,75.9916,1
eg_all_s,6.23923,75.6916,1
eg_all_s,6.23926,75.615,1
eg_all_s,6.23932,75.315,1
eg_all_s,6.23935,75.2386,1
eg_all_s,6.23941,74.9386,1
eg_all_s,6.23945,74.8627,1
eg_all_s,6.23951,74.5627,1
eg_all_s,6.23954,74.4871,1
eg_all_s,6.2396,74.1871,1
eg_all_s,6.23963,74.112,1
eg_all_s,6.23969,73.812,1
eg_all_s,6.23973,73.7371,1
eg_all_s,6.23978,73.4371,1
eg_all_s,6.23981,73.3627,1
eg_all_s,6.23987,73.0627,1
eg_all_s,6.2399,72.9886,1
eg_all_s,6.23996,72.6886,1
eg_all_s,6.23999,72.615,1
eg_all_s,6.24005,72.315,1
eg_all_s,6.24008,72.2416,1
eg_all_s,6.24014,71.9416,1
eg_all_s,6.24017,71.8687,1
eg_all_s,6.24023,71.5687,1
eg_all_s,6.24026,71.4961,1
eg_all_s,6.24032,71.1961,1
eg_all_s,6.24035,71.1239,1
eg_all_s,6.24041,70.8239,1
eg_all_s,6.24045,70.7521,1
eg_all_s,6.24051,70.4521,1
eg_all_s,6.24055,70.3807,1
eg_all_s,6.2406,70.0807,1
eg_all_s,6.24064,70.0096,1
eg_all_s,6.24069,69.7096,1
eg_all_s,6.24073,69.6389,1
eg_all_s,6.24078,69.3389,1
eg_all_s,6.24082,69.2685,1
eg_all_s,6.24088,68.9685,1
eg_all_s,6.24091,68.8986,1
eg_all_s,6.24097,68.5986,1
eg_all_s,6.241,68.529,1
eg_all_s,6.24106,68.229,1
eg_all_s,6.24109,68.1597,1
eg_all_s,6.24115,67.8597,1
eg_all_s,6.24118,67.7909,1
eg_all_s,6.24124,67.4909,1
eg_all_s,6.24127,67.4224,1
eg_all_s,6.24133,67.1224,1
eg_all_s,6.24136,67.0543,1
eg_all_s,6.24142,66.7543,1
eg_all_s,6.24146,66.6865,1
eg_all_s,6.24152,66.3865,1
eg_all_s,6.24155,66.3191,1
eg_all_s,6.24161,66.0191,1
eg_all_s,6.24164,65.9521,1
eg_all_s,6.2417,65.6521,1
eg_all_s,6.24173,65.5854,1
eg_all_s,6.24179,65.2854,1
eg_all_s,6.24182,65.2192,1
eg_all_s,6.24188,64.9192,1
eg_all_s,6.24191,64.8532,1
eg_all_s,6.24197,64.5532,1
eg_all_s,6.242,64.4877,1
eg_all_s,6.24206,64.1877,1
eg_all_s,6.24209,64.1225,1
eg_all_s,6.24215,63.8225,1
eg_all_s,6.24218,63.7577,1
eg_all_s,6.24224,63.4577,1
eg_all_s,6.24227,63.3932,1
eg_all_s,6.24233,63.0932,1
eg_all_s,6.24236,63.0291,1
eg_all_s,6.24242,62.7291,1
eg_all_s,6.24246,62.6654,1
eg_all_s,6.24252,62.3654,1
eg_all_s,6.24255,62.302,1
eg_all_s,6.24261,62.002,1
eg_all_s,6.24264,61.939,1
eg_all_s,6.2427,61.639,1
eg_all_s,6.24273,61.5764,1
eg_all_s,6.24279,61.2764,1
eg_all_s,6.24282,61.2141,1
eg_all_s,6.24288,60.9141,1
eg_all_s,6.24291,60.8522,1
eg_all_s,6.24297,60.5522,1
eg_all_s,6.243,60.4906,1
eg_all_s,6.24306,60.1906,1
eg_all_s,6.24309,60.1295,1
eg_all_s,6.24315,59.8295,1
eg_all_s,6.24318,59.7686,1
eg_all_s,6.24324,59.4686,1
eg_all_s,6.24327,59.4082,1
eg_all_s,6.24333,59.1082,1
eg_all_s,6.24336,59.0481,1
eg_all_s,6.24342,58.7481,1
eg_all_s,6.24346,58.6883,1
eg_all_s,6.24352,58.3883,1
eg_all_s,6.24355,58.3289,1
eg_all_s,6.24361,58.0289,1
eg_all_s,6.24364,57.9699,1
eg_all_s,6.2437,57.6699,1
eg_all_s,6.24373,57.6112,1
eg_all_s,6.24379,57.3112,1
eg_all_s,6.24382,57.2529,1
eg_all_s,6.24388,56.9529,1
eg_all_s,6.24391,56.895,1
eg_all_s,6.24397,56.595,1
eg_all_s,6.244,56.5374,1
eg_all_s,6.24406,56.2374,1
eg_all_s,6.24409,56.1801,1
eg_all_s,6.24415,55.8801,1
eg_all_s,6.24418,55.8232,1
eg_all_s,6.24424,55.5232,1
eg_all_s,6.24427,55.4667,1
eg_all_s,6.24433,55.1667,1
eg_all_s,6.24436,55.1105,1
eg_all_s,6.24442,54.8105,1
eg_all_s,6.24446,54.7547,1
eg_all_s,6.24452,54.4547,1
eg_all_s,6.24455,54.3993,1
eg_all_s,6.24461,54.0993,1
eg_all_s,6.24464,54.0442,1
eg_all_s,6.2447,53.7442,1
eg_all_s,6.24473,53.6894,1
eg_all_s,6.24479,53.3894,1
eg_all_s,6.24482,53.3351,1
eg_all_s,6.24488,53.0351,1
eg_all_s,6.24491,52.981,1
eg_all_s,6.24497,52.681,1
eg_all_s,6.245,52.6273,1
eg_all_s,6.24506,52.3273,1
eg_all_s,6.24509,52.274,1
eg_all_s,6.24515,51.974,1
eg_all_s,6.24518,51.921,1
eg_all_s,6.24524,51.621,1
eg_all_s,6.24527,51.5684,1
eg_all_s,6.24533,51.2684,1
eg_all_s,6.24536,51.2161,1
eg_all_s,6.24542,50.9161,1
eg_all_s,6.24548,50.8642,1
eg_all_s,6.24554,50.5642,1
eg_all_s,6.24557,50.5127,1
eg_all_s,6.24563,50.2127,1
eg_all_s,6.24566,50.1615,1
eg_all_s,6.24572,49.8615,1
eg_all_s,6.24575,49.8106,1
eg_all_s,6.24581,49.5106,1
eg_all_s,6.24584,49.4601,1
eg_all_s,6.2459,49.1601,1
eg_all_s,6.24593,49.1099,1
eg_all_s,6.24599,48.8099,1
eg_all_s,6.24602,48.7601,1
eg_all_s,6.24608,48.4601,1
eg_all_s,6.24611,48.4106,1
eg_all_s,6.24617,48.1106,1
eg_all_s,6.2462,48.0615,1
eg_all_s,6.24626,47.7615,1
eg_all_s,6.24629,47.7128,1
eg_all_s,6.24635,47.4128,1
eg_all_s,6.24638,47.3644,1
eg_all_s,6.24645,47.0644,1
eg_all_s,6.24648,47.0163,1
eg_all_s,6.24654,46.7163,1
eg_all_s,6.24657,46.6686,1
eg_all_s,6.24663,46.3686,1
eg_all_s,6.24666,46.3212,1
eg_all_s,6.24672,46.0212,1
eg_all_s,6.24675,45.9742,1
eg_all_s,6.24681,45.6742,1
eg_all_s,6.24684,45.6275,1
eg_all_s,6.2469,45.3275,1
eg_all_s,6.24693,45.2812,1
eg_all_s,6.24699,44.9812,1
eg_all_s,6.24702,44.9352,1
eg_all_s,6.24708,44.6352,1
eg_all_s,6.24711,44.5896,1
eg_all_s,6.24717,44.2896,1
eg_all_s,6.2472,44.2443,1
eg_all_s,6.24726,43.9443,1
eg_all_s,6.24729,43.8993,1
eg_all_s,6.24735,43.5993,1
eg_all_s,6.24738,43.5547,1
eg_all_s,6.24745,43.2547,1
eg_all_s,6.24748,43.2105,1
eg_all_s,6.24754,42.9105,1
eg_all_s,6.24757,42.8666,1
eg_all_s,6.24763,42.5666,1
eg_all_s,6.24766,42.523,1
eg_all_s,6.24772,42.223,1
eg_all_s,6.24775,42.1798,1
eg_all_s,6.24781,41.8798,1
eg_all_s,6.24784,41.8369,1
eg_all_s,6.2479,41.5369,1
eg_all_s,6.24793,41.4944,1
eg_all_s,6.24799,41.1944,1
eg_all_s,6.24802,41.1522,1
eg_all_s,6.24808,40.8522,1
eg_all_s,6.24811,40.8103,1
eg_all_s,6.24817,40.5103,1
eg_all_s,6.2482,40.4688,1
eg_all_s,6.24826,40.1688,1
eg_all_s,6.24829,40.1276,1
eg_all_s,6.24835,39.8276,1
eg_all_s,6.24838,39.7868,1
eg_all_s,6.24845,39.4868,1
eg_all_s,6.24848,39.4463,1
eg_all_s,6.24854,39.1463,1
eg_all_s,6.24857,39.1062,1
eg_all_s,6.24863,38.8062,1
eg_all_s,6.24866,38.7664,1
eg_all_s,6.24872,38.4664,1
eg_all_s,6.24875,38.4269,1
eg_all_s,6.24881,38.1269,1
eg_all_s,6.24884,38.0878,1
eg_all_s,6.2489,37.7878,1
eg_all_s,6.24893,37.749,1
eg_all_s,6.24899,37.449,1
eg_all_s,6.24902,37.4105,1
eg_all_s,6.24908,37.1105,1
eg_all_s,6.24911,37.0724,1
eg_all_s,6.24917,36.7724,1
eg_all_s,6.2492,36.7347,1
eg_all_s,6.24926,36.4347,1
eg_all_s,6.24929,36.3972,1
eg_all_s,6.24935,36.0972,1
eg_all_s,6.24938,36.0601,1
eg_all_s,6.24945,35.7601,1
eg_all_s,6.24948,35.7234,1
eg_all_s,6.24954,35.4234,1
eg_all_s,6.24957,35.3869,1
eg_all_s,6.24963,35.0869,1
eg_all_s,6.24966,35.0509,1
eg_all_s,6.24972,34.7509,1
eg_all_s,6.24975,34.7151,1
eg_all_s,6.24981,34.4151,1
eg_all_s,6.24984,34.3797,1
eg_all_s,6.2499,34.0797,1
eg_all_s,6.24993,34.0446,1
eg_all_s,6.24999,33.7446,1
eg_all_s,6.25002,33.7099,1
eg_all_s,6.25008,33.4099,1
eg_all_s,6.25011,33.3755,1
eg_all_s,6.25017,33.0755,1
eg_all_s,6.2502,33.0414,1
eg_all_s,6.25026,32.7414,1
eg_all_s,6.25029,32.7076,1
eg_all_s,6.25035,32.4076,1
eg_all_s,6.25038,32.3742,1
eg_all_s,6.25045,32.0742,1
eg_all_s,6.25048,32.0412,1
eg_all_s,6.25054,31.7412,1
eg_all_s,6.25057,31.7084,1
eg_all_s,6.25063,31.4084,1
eg_all_s,6.25066,31.376,1
eg_all_s,6.25072,31.076,1
eg_all_s,6.25075,31.0439,1
eg_all_s,6.25081,30.7439,1
eg_all_s,6.25084,30.7122,1
eg_all_s,6.2509,30.4122,1
eg_all_s,6.25093,30.3808,1
eg_all_s,6.25099,30.0808,1
eg_all_s,6.25102,30.0497,1
eg_all_s,6.25108,29.7497,1
eg_all_s,6.25111,29.719,1
eg_all_s,6.25117,29.419,1
eg_all_s,6.2512,29.3885,1
eg_all_s,6.25126,29.0885,1
eg_all_s,6.25129,29.0584,1
eg_all_s,6.25135,28.7584,1
eg_all_s,6.25138,28.7287,1
eg_all_s,6.25145,28.4287,1
eg_all_s,6.25148,28.3993,1
eg_all_s,6.25154,28.0993,1
eg_all_s,6.25157,28.0702,1
eg_all_s,6.25163,27.7702,1
eg_all_s,6.25166,27.7414,1
eg_all_s,6.25172,27.4414,1
eg_all_s,6.25175,27.4129,1
eg_all_s,6.25181,27.1129,1
eg_all_s,6.25184,27.0848,1
eg_all_s,6.2519,26.7848,1
eg_all_s,6.25193,26.757,1
eg_all_s,6.25199,26.457,1
eg_all_s,6.25202,26.4296,1
eg_all_s,6.25208,26.1296,1
eg_all_s,6.25211,26.1025,1
eg_all_s,6.25217,25.8025,1
eg_all_s,6.2522,25.7757,1
eg_all_s,6.25226,25.4757,1
eg_all_s,6.25229,25.4492,1
eg_all_s,6.25235,25.1492,1
eg_all_s,6.25238,25.123,1
eg_all_s,6.25245,24.823,1
eg_all_s,6.25248,24.7972,1
eg_all_s,6.25254,24.4972,1
eg_all_s,6.25257,24.4717,1
eg_all_s,6.25263,24.1717,1
eg_all_s,6.25267,24.1465,1
eg_all_s,6.25272,23.8465,1
eg_all_s,6.25276,23.8217,1
eg_all_s,6.25281,23.5217,1
eg_all_s,6.25285,23.4972,1
eg_all_s,6.2529,23.1972,1
eg_all_s,6.25294,23.173,1
eg_all_s,6.25299,22.873,1
eg_all_s,6.25303,22.8491,1
eg_all_s,6.25308,22.5491,1
eg_all_s,6.25312,22.5256,1
eg_all_s,6.25318,22.2256,1
eg_all_s,6.25321,22.2023,1
eg_all_s,6.25327,21.9023,1
eg_all_s,6.2533,21.8794,1
eg_all_s,6.25336,21.5794,1
eg_all_s,6.25339,21.5568,1
eg_all_s,6.25345,21.2568,1
eg_all_s,6.25349,21.2346,1
eg_all_s,6.25354,20.9346,1
eg_all_s,6.25358,20.9127,1
eg_all_s,6.25363,20.6127,1
eg_all_s,6.25367,20.591,1
eg_all_s,6.25372,20.291,1
eg_all_s,6.25376,20.2698,1
eg_all_s,6.25381,19.9698,1
eg_all_s,6.25384,19.9488,1
eg_all_s,6.2539,19.6488,1
eg_all_s,6.25394,19.6281,1
eg_all_s,6.254,19.3281,1
eg_all_s,6.25403,19.3078,1
eg_all_s,6.25408,19.0078,1
eg_all_s,6.25412,18.9878,1
eg_all_s,6.25418,18.6878,1
eg_all_s,6.25421,18.6681,1
eg_all_s,6.25427,18.3681,1
eg_all_s,6.2543,18.3487,1
eg_all_s,6.25436,18.0487,1
eg_all_s,6.25439,18.0297,1
eg_all_s,6.25445,17.7297,1
eg_all_s,6.25449,17.711,1
eg_all_s,6.25455,17.411,1
eg_all_s,6.25458,17.3926,1
eg_all_s,6.25464,17.0926,1
eg_all_s,6.25467,17.0745,1
eg_all_s,6.25473,16.7745,1
eg_all_s,6.25476,16.7567,1
eg_all_s,6.25482,16.4567,1
eg_all_s,6.25485,16.4392,1
eg_all_s,6.25491,16.1392,1
eg_all_s,6.25494,16.1221,1
eg_all_s,6.255,15.8221,1
eg_all_s,6.25503,15.8053,1
eg_all_s,6.25509,15.5053,1
eg_all_s,6.25512,15.4888,1
eg_all_s,6.25518,15.1888,1
eg_all_s,6.25521,15.1726,1
eg_all_s,6.25527,14.8726,1
eg_all_s,6.2553,14.8567,1
eg_all_s,6.31334,14.5567,1
eg_all_s,6.3689,14.4191,1
