instance,objective,gap_to_opt%,wall_seconds,commit_sha
enlight_hard,NaN,NaN,16.5839,4e9c264
markshare1,278,27700,15.5285,4e9c264
markshare2,546,54500,16.1336,4e9c264
gen-ip054,6.06948e+10,8.87225e+08,15.0001,4e9c264
gen-ip002,NaN,NaN,15.2657,4e9c264
pk1,1e+09,9.09091e+09,15.0001,4e9c264
mas76,1.36143e+06,3303.15,15.0006,4e9c264
neos5,16,6.66667,15.0001,4e9c264
flugpl,NaN,NaN,16.2082,4e9c264
mad,8.10259e+09,3.02336e+13,15.1272,4e9c264
binkar10_1,NaN,NaN,18.9572,4e9c264
