instance,objective,gap_to_opt%,wall_seconds,commit_sha
enlight_hard,NaN,NaN,16.58,a93243a
markshare1,278,27700,15.7656,a93243a
markshare2,510,50900,15.9709,a93243a
gen-ip054,6.06948e+10,8.87225e+08,15.0001,a93243a
gen-ip002,NaN,NaN,15.1481,a93243a
pk1,1e+09,9.09091e+09,15.0001,a93243a
mas76,1.36137e+06,3302.99,15.0001,a93243a
neos5,16,6.66667,15.0014,a93243a
flugpl,NaN,NaN,16.2144,a93243a
mad,NaN,NaN,15.8808,a93243a
binkar10_1,NaN,NaN,17.7538,a93243a
